id,FRAUDE,VALOR,HORA_AUX,Dist_max_NAL,Canal1,FECHA,COD_PAIS,CANAL,DIASEM,DIAMES,FECHA_VIN,OFICINA_VIN,SEXO,SEGMENTO,EDAD,INGRESOS,EGRESOS,NROPAISES,Dist_Sum_INTER,Dist_Mean_INTER,Dist_Max_INTER,NROCIUDADES,Dist_Mean_NAL,Dist_HOY,Dist_sum_NAL,QUINCENA
9000000001,1,0.0,13,659.13,ATM_INT,20150501,US,ATM_INT,Viernes,1,20120306.0,392.0,M,Personal Plus,29.0,1200000.0,1200000.0,1,0.0,0.0,0.0,6,474.94,4552.41,5224.36,Quincena_1
9000000002,1,0.0,17,594.77,ATM_INT,20150515,US,ATM_INT,Viernes,15,20050415.0,716.0,M,Personal Plus,29.0,5643700.0,500000.0,1,0.0,0.0,0.0,5,289.99,4552.41,2029.9,Quincena_1
9000000003,1,0.0,13,659.13,ATM_INT,20150501,US,ATM_INT,Viernes,1,20120306.0,392.0,M,Personal Plus,29.0,1200000.0,1200000.0,1,0.0,0.0,0.0,6,474.94,4552.41,5224.36,Quincena_1
9000000004,1,0.0,13,659.13,ATM_INT,20150501,US,ATM_INT,Viernes,1,20120306.0,392.0,M,Personal Plus,29.0,1200000.0,1200000.0,1,0.0,0.0,0.0,6,474.94,4552.41,5224.36,Quincena_1
9000000005,1,0.0,0,1.0,ATM_INT,20150510,CR,ATM_INT,Domingo,10,20141009.0,788.0,M,Personal,25.0,0.0,0.0,1,0.0,0.0,0.0,1,0.0,1482.35,1.0,Quincena_1
9000000006,1,0.0,13,1.0,ATM_INT,20150523,US,ATM_INT,Sabado,23,20150220.0,547.0,M,Emprendedor,20.0,4000000.0,2500000.0,1,0.0,0.0,0.0,1,0.0,4552.41,1.0,Quincena_2
9000000007,1,0.0,14,659.13,ATM_INT,20150526,CR,ATM_INT,Martes,26,20080409.0,210.0,M,Personal Plus,29.0,2100000.0,310000.0,2,8616.02,4308.01,4308.01,5,342.47,1482.35,2739.72,Quincena_2
9000000008,1,0.0,18,733.11,ATM_INT,20150502,US,ATM_INT,Sabado,2,20040520.0,454.0,F,Personal Plus,28.0,2000000.0,200000.0,1,0.0,0.0,0.0,3,400.65,4552.41,2403.9,Quincena_1
9000000009,0,0.0,16,1.0,ATM_INT,20150501,US,ATM_INT,Viernes,1,20150110.0,297.0,M,Personal,21.0,500000.0,300000.0,2,4552.41,4552.41,4552.41,1,0.0,4552.41,1.0,Quincena_1
9000000010,1,0.0,15,461.26,ATM_INT,20150502,PA,ATM_INT,Sabado,2,20090330.0,46.0,M,Personal Plus,28.0,4000000.0,1500000.0,1,0.0,0.0,0.0,9,190.22,1043.91,2282.59,Quincena_1
9000000011,1,0.0,18,238.34,ATM_INT,20150513,CR,ATM_INT,Miercoles,13,20100624.0,17.0,F,Personal Plus,26.0,1500000.0,1000000.0,3,16813.9,4203.47,4552.41,2,238.34,1482.35,476.68,Quincena_1
9000000012,1,0.0,13,659.13,ATM_INT,20150501,US,ATM_INT,Viernes,1,20120306.0,392.0,M,Personal Plus,29.0,1200000.0,1200000.0,1,0.0,0.0,0.0,6,474.94,4552.41,5224.36,Quincena_1
9000000013,0,0.0,22,339.58,ATM_INT,20150501,US,ATM_INT,Viernes,1,20070629.0,710.0,F,Personal Plus,27.0,1200000.0,500000.0,1,0.0,0.0,0.0,5,276.46,4552.41,5805.7,Quincena_1
9000000014,1,0.0,23,1.0,ATM_INT,20150513,US,ATM_INT,Miercoles,13,20090723.0,4.0,F,Personal Plus,27.0,2200000.0,0.0,2,9104.82,4552.41,4552.41,1,0.0,4552.41,1.0,Quincena_1
9000000015,0,0.0,15,1.0,ATM_INT,20150507,US,ATM_INT,Jueves,7,20100511.0,659.0,F,Personal,22.0,800000.0,700000.0,2,4552.41,4552.41,4552.41,1,0.0,4552.41,1.0,Quincena_1
9000000016,0,0.0,19,61.45,ATM_INT,20150524,US,ATM_INT,Domingo,24,20141203.0,571.0,F,Personal Plus,18.0,1000000.0,500000.0,1,0.0,0.0,0.0,2,61.45,4552.41,184.34,Quincena_2
9000000017,0,0.0,21,97.1,ATM_INT,20150521,FJ,ATM_INT,Jueves,21,20130608.0,424.0,M,Personal,22.0,600000.0,200000.0,3,19781.13,9890.57,15228.72,3,57.26,20736.96,229.06,Quincena_2
9000000018,0,0.0,16,1.0,ATM_INT,20150507,US,ATM_INT,Jueves,7,20100511.0,659.0,F,Personal,22.0,800000.0,700000.0,2,4552.41,4552.41,4552.41,1,0.0,4552.41,1.0,Quincena_1
9000000019,0,0.0,17,243.62,ATM_INT,20150525,US,ATM_INT,Lunes,25,20070821.0,2.0,M,Emprendedor,24.0,1500000.0,2000000.0,1,0.0,0.0,0.0,3,89.22,4552.41,535.3,Quincena_2
9000000020,0,0.0,15,1.0,ATM_INT,20150507,US,ATM_INT,Jueves,7,20100511.0,659.0,F,Personal,22.0,800000.0,700000.0,2,4552.41,4552.41,4552.41,1,0.0,4552.41,1.0,Quincena_1
9000000021,0,0.0,18,1.0,ATM_INT,20150522,US,ATM_INT,Viernes,22,20130507.0,836.0,M,Personal,20.0,100000.0,100000.0,2,4552.41,4552.41,4552.41,1,0.0,4552.41,1.0,Quincena_2
9000000022,0,0.0,22,1.0,ATM_INT,20150513,US,ATM_INT,Miercoles,13,20009198.120707244,416.426385583135,F,Personal Plus,40.010540632437944,14491037.206052363,8506309.151649099,1,0.0,0.0,0.0,1,0.0,4552.41,1.0,Quincena_1
9000000023,0,0.0,15,1.0,ATM_INT,20150507,US,ATM_INT,Jueves,7,20100511.0,659.0,F,Personal,22.0,800000.0,700000.0,2,4552.41,4552.41,4552.41,1,0.0,4552.41,1.0,Quincena_1
9000000024,0,0.0,15,243.62,ATM_INT,20150504,US,ATM_INT,Lunes,4,20009198.120707244,416.426385583135,F,Personal Plus,40.010540632437944,14491037.206052363,8506309.151649099,1,0.0,0.0,0.0,3,213.36,4552.41,1706.9,Quincena_1
9000000025,0,0.0,18,1.0,ATM_INT,20150522,US,ATM_INT,Viernes,22,20130507.0,836.0,M,Personal,20.0,100000.0,100000.0,2,4552.41,4552.41,4552.41,1,0.0,4552.41,1.0,Quincena_2
9000000026,0,0.0,22,339.58,ATM_INT,20150501,US,ATM_INT,Viernes,1,20070629.0,710.0,F,Personal Plus,27.0,1200000.0,500000.0,1,0.0,0.0,0.0,5,276.46,4552.41,5805.7,Quincena_1
9000000027,0,12895.0,9,1.0,POS,20150525,US,POS,Lunes,25,20080122.0,554.0,M,Personal Plus,29.0,1000000.0,1000000.0,2,9104.82,4552.41,4552.41,1,0.0,4552.41,1.0,Quincena_2
9000000028,0,22997.0,11,659.13,POS,20150502,US,POS,Sabado,2,20101001.0,582.0,F,Personal Plus,27.0,10500000.0,2000000.0,2,27314.46,4552.41,4552.41,4,324.12,4552.41,2268.86,Quincena_1
9000000029,0,22997.0,11,659.13,POS,20150502,US,POS,Sabado,2,20101001.0,582.0,F,Personal Plus,27.0,10500000.0,2000000.0,2,27314.46,4552.41,4552.41,4,324.12,4552.41,2268.86,Quincena_1
9000000030,1,24347.0,22,352.24,ATM_INT,20150516,EC,ATM_INT,Sabado,16,20020926.0,430.0,F,Personal Plus,24.0,3000000.0,2500000.0,5,39255.32,4361.7,10507.27,3,133.14,904.81,399.43,Quincena_2
9000000031,0,33027.0,12,659.13,POS,20150511,US,POS,Lunes,11,19950202.0,342.0,F,Personal Plus,26.0,3200000.0,2200000.0,1,0.0,0.0,0.0,5,210.39,4552.41,1472.7,Quincena_1
9000000032,0,42751.0,16,243.62,POS,20150521,US,POS,Jueves,21,20050823.0,14.0,M,Personal Plus,28.0,2900000.0,1700000.0,1,0.0,0.0,0.0,4,92.18,4552.41,553.1,Quincena_2
9000000033,0,51135.0,15,498.04,POS,20150517,PA,POS,Domingo,17,20140102.0,91.0,M,Personal,20.0,300000.0,150000.0,1,0.0,0.0,0.0,4,254.83,1043.91,2548.29,Quincena_2
9000000034,0,83656.0,11,340.09,POS,20150517,US,POS,Domingo,17,20130604.0,267.0,F,Personal Plus,25.0,2500000.0,250000.0,2,113810.25,4552.41,4552.41,3,262.57,4552.41,9715.16,Quincena_2
9000000035,0,106947.0,17,659.13,ATM_INT,20150531,US,ATM_INT,Domingo,31,20091230.0,793.0,M,Personal Plus,26.0,1200000.0,750000.0,1,0.0,0.0,0.0,4,332.85,4552.41,3994.25,Quincena_2
9000000036,0,120720.0,17,243.62,POS,20150523,US,MCI,Sabado,23,20110923.0,551.0,F,Personal Plus,26.0,2383000.0,400000.0,1,0.0,0.0,0.0,4,92.18,4552.41,553.1,Quincena_2
9000000037,0,167287.0,12,30.2,POS,20150524,PA,POS,Domingo,24,20060711.0,191.0,M,Personal Plus,27.0,3202420.0,300000.0,2,4175.65,1043.91,1043.91,2,30.2,1043.91,543.66,Quincena_2
9000000038,0,183791.0,19,304.29,POS,20150515,US,POS,Viernes,15,20100818.0,586.0,M,Personal Plus,26.0,1640038.0,200000.0,3,63072.32,5733.85,7857.49,4,161.51,4552.41,1938.09,Quincena_1
9000000039,0,210407.0,21,973.95,POS,20150526,AR,POS,Martes,26,20101006.0,19.0,M,Personal Plus,28.0,5623697.0,500000.0,2,18209.64,4552.41,4552.41,8,143.64,4308.01,6463.95,Quincena_2
9000000040,0,214246.0,13,279.77,POS,20150515,US,POS,Viernes,15,20110304.0,907.0,M,Personal Plus,24.0,2000000.0,0.0,5,27357.87,3908.27,7857.49,5,144.63,4552.41,1157.01,Quincena_1
9000000041,1,238806.0,12,23.31,POS,20150503,US,POS,Domingo,3,20120717.0,337.0,F,Personal Plus,25.0,1500000.0,1200000.0,2,36419.28,4552.41,4552.41,2,23.31,4552.41,46.62,Quincena_1
9000000042,1,238806.0,12,23.31,POS,20150503,US,POS,Domingo,3,20120717.0,337.0,F,Personal Plus,25.0,1500000.0,1200000.0,2,36419.28,4552.41,4552.41,2,23.31,4552.41,46.62,Quincena_1
9000000043,0,239574.0,8,289.23,POS,20150521,US,POS,Jueves,21,20100208.0,571.0,M,Personal Plus,27.0,9568000.0,1578388.0,1,0.0,0.0,0.0,2,289.23,4552.41,578.46,Quincena_2
9000000044,1,247738.0,19,523.1,ATM_INT,20150518,SV,ATM_INT,Lunes,18,20130403.0,634.0,F,Personal Plus,29.0,1000000.0,500000.0,1,0.0,0.0,0.0,2,523.1,2153.87,523.1,Quincena_2
9000000045,0,248939.0,18,173.79,POS,20150524,US,POS,Domingo,24,20081229.0,68.0,F,Personal Plus,28.0,3301000.0,2000000.0,1,0.0,0.0,0.0,3,152.75,4552.41,611.01,Quincena_2
9000000046,0,319403.0,14,904.71,POS,20150503,US,POS,Domingo,3,20060814.0,808.0,M,Personal Plus,29.0,1933050.0,800000.0,1,0.0,0.0,0.0,7,158.62,4552.41,2379.35,Quincena_1
9000000047,0,319403.0,14,904.71,POS,20150503,US,POS,Domingo,3,20060814.0,808.0,M,Personal Plus,29.0,1933050.0,800000.0,1,0.0,0.0,0.0,7,158.62,4552.41,2379.35,Quincena_1
9000000048,1,335790.0,22,1217.57,ATM_INT,20150521,GT,ATM_INT,Jueves,21,20120530.0,84.0,F,Personal Plus,28.0,1000000.0,200000.0,1,0.0,0.0,0.0,3,730.59,2370.55,2922.38,Quincena_2
9000000049,1,455773.0,18,61.45,ATM_INT,20150513,CR,ATM_INT,Miercoles,13,20080319.0,487.0,M,Personal Plus,29.0,1100000.0,350000.0,1,0.0,0.0,0.0,3,51.58,1482.35,309.51,Quincena_1
9000000050,1,512295.0,23,733.11,ATM_INT,20150530,CR,ATM_INT,Sabado,30,20051126.0,42.0,M,Personal Plus,25.0,1810000.0,900000.0,1,0.0,0.0,0.0,5,372.02,1482.35,2232.1,Quincena_2
9000000051,0,599694.0,14,23.59,POS,20150524,US,POS,Domingo,24,20041230.0,438.0,M,PYME,26.0,60569982.0,55196483.0,1,0.0,0.0,0.0,5,10.71,4552.41,278.58,Quincena_2
9000000052,1,911546.0,18,61.45,ATM_INT,20150513,CR,ATM_INT,Miercoles,13,20080319.0,487.0,M,Personal Plus,29.0,1100000.0,350000.0,1,0.0,0.0,0.0,3,51.58,1482.35,309.51,Quincena_1
9000000053,0,1162627.0,11,61.45,POS,20150502,US,POS,Sabado,2,20030109.0,777.0,F,Personal,23.0,160000.0,0.0,1,0.0,0.0,0.0,2,61.45,4552.41,122.9,Quincena_1
9000000054,0,1162627.0,11,61.45,POS,20150502,US,POS,Sabado,2,20030109.0,777.0,F,Personal,23.0,160000.0,0.0,1,0.0,0.0,0.0,2,61.45,4552.41,122.9,Quincena_1
9000000055,0,1426722.0,14,1.0,POS,20150515,US,POS,Viernes,15,20110715.0,360.0,M,Personal Plus,27.0,2000000.0,0.0,1,0.0,0.0,0.0,1,0.0,4552.41,1.0,Quincena_1
9000000056,1,100014.31,20,306.67,ATM_INT,20150501,US,ATM_INT,Viernes,1,20110418.0,860.0,F,Personal,22.0,400000.0,50000.0,1,0.0,0.0,0.0,4,186.48,4552.41,1864.85,Quincena_1
9000000057,0,100431.06,14,243.62,POS,20150511,US,POS,Lunes,11,20110304.0,362.0,F,Personal Plus,24.0,1000000.0,400000.0,1,0.0,0.0,0.0,2,243.62,4552.41,487.24,Quincena_1
9000000058,0,1006252.4,20,1.0,ATM_INT,20150511,US,ATM_INT,Lunes,11,20141209.0,174.0,M,Personal Plus,19.0,1500000.0,600000.0,1,0.0,0.0,0.0,1,0.0,4552.41,1.0,Quincena_1
9000000059,1,100707.53,5,243.62,ATM_INT,20150507,US,ATM_INT,Jueves,7,20120223.0,272.0,M,Personal Plus,28.0,1000000.0,800000.0,1,0.0,0.0,0.0,2,243.62,4552.41,974.49,Quincena_1
9000000060,1,100707.53,5,659.13,ATM_INT,20150507,US,ATM_INT,Jueves,7,20110126.0,640.0,F,Personal Plus,22.0,1200000.0,700000.0,1,0.0,0.0,0.0,2,659.13,4552.41,1318.26,Quincena_1
9000000061,1,100707.53,5,304.29,ATM_INT,20150507,US,ATM_INT,Jueves,7,20121024.0,749.0,M,Personal Plus,24.0,3567900.0,1500000.0,1,0.0,0.0,0.0,3,290.88,4552.41,1163.54,Quincena_1
9000000062,1,101213.81,19,1.0,ATM_INT,20150502,US,ATM_INT,Sabado,2,20120216.0,795.0,F,Personal,21.0,100000.0,80000.0,1,0.0,0.0,0.0,1,0.0,4552.41,1.0,Quincena_1
9000000063,1,1012853.07,11,594.77,POS,20150515,US,POS,Viernes,15,20050415.0,716.0,M,Personal Plus,29.0,5643700.0,500000.0,1,0.0,0.0,0.0,5,289.99,4552.41,2029.9,Quincena_1
9000000064,1,101704.5,21,131.71,ATM_INT,20150519,US,ATM_INT,Martes,19,20120127.0,76.0,F,Personal Plus,21.0,1800000.0,700000.0,3,6078.29,1519.57,1618.55,3,96.58,4552.41,386.33,Quincena_2
9000000065,1,101704.5,21,304.29,ATM_INT,20150519,US,ATM_INT,Martes,19,20110712.0,810.0,M,Personal Plus,24.0,2000000.0,100000.0,1,0.0,0.0,0.0,4,149.24,4552.41,746.22,Quincena_2
9000000066,0,1025339.54,20,304.29,POS,20150530,US,MCI,Sabado,30,20050719.0,586.0,M,Personal Plus,28.0,8500000.0,2000000.0,5,42551.06,4255.11,7632.97,4,150.4,4552.41,902.42,Quincena_2
9000000067,0,102940.04,11,70.8,POS,20150520,US,POS,Miercoles,20,20110726.0,640.0,M,Personal Plus,27.0,2400000.0,1500000.0,1,0.0,0.0,0.0,3,51.15,4552.41,204.59,Quincena_2
9000000068,0,103068.8,22,1.0,POS,20150520,US,MCI,Miercoles,20,20009198.120707244,416.426385583135,F,Personal Plus,40.010540632437944,14491037.206052363,8506309.151649099,2,9104.82,4552.41,4552.41,1,0.0,4552.41,1.0,Quincena_2
9000000069,1,1034376.64,1,304.29,ATM_INT,20150528,US,ATM_INT,Jueves,28,20140403.0,180.0,F,Personal,22.0,700000.0,200000.0,1,0.0,0.0,0.0,4,186.64,4552.41,1119.85,Quincena_2
9000000070,0,1043159.99,23,1.0,POS,20150501,US,MCI,Viernes,1,20009198.120707244,416.426385583135,F,Personal Plus,40.010540632437944,14491037.206052363,8506309.151649099,2,9104.82,4552.41,4552.41,1,0.0,4552.41,1.0,Quincena_1
9000000071,0,1043159.99,23,1.0,POS,20150501,US,MCI,Viernes,1,20009198.120707244,416.426385583135,F,Personal Plus,40.010540632437944,14491037.206052363,8506309.151649099,2,9104.82,4552.41,4552.41,1,0.0,4552.41,1.0,Quincena_1
9000000072,0,10530.01,13,1.0,POS,20150525,US,POS,Lunes,25,20080122.0,554.0,M,Personal Plus,29.0,1000000.0,1000000.0,2,9104.82,4552.41,4552.41,1,0.0,4552.41,1.0,Quincena_2
9000000073,0,105576.54,22,28.59,ATM_INT,20150522,US,ATM_INT,Viernes,22,20110923.0,379.0,M,Personal,24.0,536500.0,0.0,1,0.0,0.0,0.0,4,18.1,4552.41,199.11,Quincena_2
9000000074,0,106122.06,15,48.19,POS,20150525,PA,POS,Lunes,25,20101111.0,40.0,F,Personal Plus,25.0,2900000.0,700000.0,1,0.0,0.0,0.0,2,48.19,1043.91,96.38,Quincena_2
9000000075,0,10743.04,7,289.23,POS,20150521,US,POS,Jueves,21,20100208.0,571.0,M,Personal Plus,27.0,9568000.0,1578388.0,1,0.0,0.0,0.0,2,289.23,4552.41,578.46,Quincena_2
9000000076,0,107462.07,12,243.62,POS,20150501,US,POS,Viernes,1,20120531.0,331.0,M,Personal Plus,27.0,7000000.0,2000000.0,2,63733.74,4552.41,4552.41,7,70.04,4552.41,2241.26,Quincena_1
9000000077,0,107462.07,12,243.62,POS,20150501,US,POS,Viernes,1,20120531.0,331.0,M,Personal Plus,27.0,7000000.0,2000000.0,2,63733.74,4552.41,4552.41,7,70.04,4552.41,2241.26,Quincena_1
9000000078,0,108134.05,16,1.0,POS,20150527,US,POS,Miercoles,27,20060330.0,86.0,F,Personal Plus,26.0,7000000.0,4500000.0,1,0.0,0.0,0.0,1,0.0,4552.41,1.0,Quincena_2
9000000079,0,10815.26,18,1.0,POS,20150519,US,MCI,Martes,19,20010831.0,549.0,F,Personal,22.0,700000.0,0.0,2,4552.41,4552.41,4552.41,1,0.0,4552.41,1.0,Quincena_2
9000000080,0,108221.47,20,659.13,POS,20150521,US,MCI,Jueves,21,20011022.0,230.0,F,Personal Plus,25.0,2200000.0,0.0,1,0.0,0.0,0.0,5,102.33,4552.41,2455.96,Quincena_2
9000000081,0,109146.09,10,25.02,POS,20150514,US,POS,Jueves,14,20050620.0,505.0,F,Personal Plus,27.0,3000000.0,500000.0,2,3237.1,1618.55,1618.55,4,17.6,4552.41,475.22,Quincena_1
9000000082,0,109973.09,14,304.29,POS,20150520,US,POS,Miercoles,20,20070613.0,265.0,F,Personal Plus,27.0,2100000.0,500000.0,3,63296.85,5754.26,7857.49,3,196.89,4552.41,3150.22,Quincena_2
9000000083,0,1105431.81,23,733.11,POS,20150520,US,MCI,Miercoles,20,20080617.0,32.0,F,Personal Plus,22.0,4000000.0,2000000.0,3,48002.68,5333.63,8455.65,4,236.03,4552.41,3068.4,Quincena_2
9000000084,0,113432.08,15,741.95,POS,20150502,PA,POS,Sabado,2,20080723.0,690.0,M,Personal Plus,28.0,3233160.0,500000.0,1,0.0,0.0,0.0,5,285.83,1043.91,1714.96,Quincena_1
9000000085,0,113432.08,15,741.95,POS,20150502,PA,POS,Sabado,2,20080723.0,690.0,M,Personal Plus,28.0,3233160.0,500000.0,1,0.0,0.0,0.0,5,285.83,1043.91,1714.96,Quincena_1
9000000086,0,114157.5,23,698.52,POS,20150515,US,MCI,Viernes,15,20040823.0,767.0,F,Personal Plus,28.0,4000000.0,2000000.0,1,0.0,0.0,0.0,4,586.85,4552.41,4107.94,Quincena_1
9000000087,0,115820.09,14,741.95,POS,20150502,PA,POS,Sabado,2,20080723.0,690.0,M,Personal Plus,28.0,3233160.0,500000.0,1,0.0,0.0,0.0,5,285.83,1043.91,1714.96,Quincena_1
9000000088,0,11969.03,19,1.0,POS,20150511,US,POS,Lunes,11,20121227.0,230.0,F,Personal,19.0,300000.0,0.0,1,0.0,0.0,0.0,1,0.0,4552.41,1.0,Quincena_1
9000000089,0,1197971.46,18,1.0,ATM_INT,20150509,US,ATM_INT,Sabado,9,20001215.0,829.0,F,Personal,24.0,900000.0,600000.0,2,4552.41,4552.41,4552.41,1,0.0,4552.41,1.0,Quincena_1
9000000090,1,119819.84,14,659.13,ATM_INT,20150526,CR,ATM_INT,Martes,26,20080409.0,210.0,M,Personal Plus,29.0,2100000.0,310000.0,2,8616.02,4308.01,4308.01,5,342.47,1482.35,2739.72,Quincena_2
9000000091,1,1200872.44,23,659.13,ATM_INT,20150508,PA,ATM_INT,Viernes,8,20030321.0,443.0,F,Emprendedor,27.0,4000000.0,2000000.0,3,11192.64,2798.16,4552.41,4,424.73,1043.91,2123.66,Quincena_1
9000000092,1,120477.78,14,461.26,ATM_INT,20150504,EC,ATM_INT,Lunes,4,20100107.0,82.0,F,Personal Plus,22.0,1000000.0,900000.0,2,4552.41,4552.41,4552.41,6,115.51,904.81,1617.18,Quincena_1
9000000093,1,1207571.4,23,1.0,ATM_INT,20150513,US,ATM_INT,Miercoles,13,20090723.0,4.0,F,Personal Plus,27.0,2200000.0,0.0,2,9104.82,4552.41,4552.41,1,0.0,4552.41,1.0,Quincena_1
9000000094,1,1209087.18,17,594.77,ATM_INT,20150515,US,ATM_INT,Viernes,15,20050415.0,716.0,M,Personal Plus,29.0,5643700.0,500000.0,1,0.0,0.0,0.0,5,289.99,4552.41,2029.9,Quincena_1
9000000095,0,120942.5,20,711.63,POS,20150524,US,MCI,Domingo,24,20080717.0,442.0,F,Personal Plus,26.0,2500000.0,500000.0,2,3237.1,1618.55,1618.55,4,526.5,4552.41,4212.01,Quincena_2
9000000096,0,1217171.34,15,829.7,ATM_INT,20150506,US,ATM_INT,Miercoles,6,20131011.0,337.0,F,Personal Plus,26.0,1771000.0,600000.0,1,0.0,0.0,0.0,3,769.76,4552.41,1539.51,Quincena_1
9000000097,0,121880.05,13,48.19,POS,20150525,PA,POS,Lunes,25,20101111.0,40.0,F,Personal Plus,25.0,2900000.0,700000.0,1,0.0,0.0,0.0,2,48.19,1043.91,96.38,Quincena_2
9000000098,0,122877.07,22,973.95,POS,20150526,AR,POS,Martes,26,20101006.0,19.0,M,Personal Plus,28.0,5623697.0,500000.0,2,18209.64,4552.41,4552.41,8,143.64,4308.01,6463.95,Quincena_2
9000000099,1,1256805.4,18,243.62,ATM_INT,20150513,US,ATM_INT,Miercoles,13,20120221.0,1.0,M,Personal Plus,22.0,1800000.0,100000.0,2,1809.62,904.81,904.81,7,114.18,4552.41,2169.37,Quincena_1
9000000100,1,1280737.5,1,733.11,ATM_INT,20150531,CR,ATM_INT,Domingo,31,20121227.0,180.0,F,Personal Plus,27.0,3200000.0,1000000.0,2,2370.55,2370.55,2370.55,5,371.59,1482.35,2972.72,Quincena_2
9000000101,1,128922.26,13,659.13,ATM_INT,20150501,US,ATM_INT,Viernes,1,20120306.0,392.0,M,Personal Plus,29.0,1200000.0,1200000.0,1,0.0,0.0,0.0,6,474.94,4552.41,5224.36,Quincena_1
9000000102,0,129131.28,23,26.6,POS,20150519,US,MCI,Martes,19,20101021.0,8.0,M,Personal Plus,25.0,2100000.0,400000.0,1,0.0,0.0,0.0,3,22.86,4552.41,502.94,Quincena_2
9000000103,0,1293465.6,13,123.61,ATM_INT,20150527,US,ATM_INT,Miercoles,27,20131106.0,54.0,F,Personal,22.0,200000.0,200000.0,1,0.0,0.0,0.0,2,123.61,4552.41,247.22,Quincena_2
9000000104,0,1293484.48,21,614.04,POS,20150503,US,MCI,Domingo,3,20100825.0,767.0,M,Personal Plus,26.0,12500000.0,500000.0,2,18209.64,4552.41,4552.41,4,297.26,4798.32,1189.02,Quincena_1
9000000105,0,130581.08,10,330.51,POS,20150503,US,POS,Domingo,3,20110210.0,21.0,F,Personal Plus,31.0,1770000.0,350000.0,2,23127.23,3854.54,3854.54,7,143.46,5589.11,3156.2,Quincena_1
9000000106,0,130581.08,10,330.51,POS,20150503,US,POS,Domingo,3,20110210.0,21.0,F,Personal Plus,31.0,1770000.0,350000.0,2,23127.23,3854.54,3854.54,7,143.46,5589.11,3156.2,Quincena_1
9000000107,1,1306458.35,18,733.11,ATM_INT,20150515,US,ATM_INT,Viernes,15,20131003.0,172.0,M,Personal Plus,29.0,2166700.0,600000.0,1,0.0,0.0,0.0,4,326.49,4552.41,1632.46,Quincena_1
9000000108,0,133963.96,0,304.29,POS,20150530,US,MCI,Sabado,30,20050719.0,586.0,M,Personal Plus,28.0,8500000.0,2000000.0,5,42551.06,4255.11,7632.97,4,150.4,4552.41,902.42,Quincena_2
9000000109,1,1345011.17,22,181.91,POS,20150527,US,MCI,Miercoles,27,20120515.0,59.0,F,Personal Plus,27.0,3672200.0,500000.0,1,0.0,0.0,0.0,3,104.74,4552.41,418.97,Quincena_2
9000000110,1,1345011.17,22,181.91,POS,20150527,US,MCI,Miercoles,27,20120515.0,59.0,F,Personal Plus,27.0,3672200.0,500000.0,1,0.0,0.0,0.0,3,104.74,4552.41,418.97,Quincena_2
9000000111,0,134528.74,5,662.36,POS,20150529,US,MCI,Viernes,29,20110208.0,434.0,F,Personal Plus,25.0,3000000.0,700000.0,2,4552.41,4552.41,4552.41,3,638.2,4552.41,2552.8,Quincena_2
9000000112,0,134557.36,15,1.0,POS,20150515,US,MCI,Viernes,15,20110826.0,462.0,F,Personal,22.0,800000.0,200000.0,1,0.0,0.0,0.0,1,0.0,4552.41,1.0,Quincena_1
9000000113,1,134777.06,9,594.77,POS,20150515,US,POS,Viernes,15,20050415.0,716.0,M,Personal Plus,29.0,5643700.0,500000.0,1,0.0,0.0,0.0,5,289.99,4552.41,2029.9,Quincena_1
9000000114,0,138590.04,6,12.01,POS,20150517,PA,POS,Domingo,17,19940429.0,275.0,F,Personal Plus,25.0,2403500.0,200000.0,2,9104.82,4552.41,4552.41,3,10.68,1043.91,42.71,Quincena_2
9000000115,1,140294.03,12,594.77,POS,20150515,US,POS,Viernes,15,20050415.0,716.0,M,Personal Plus,29.0,5643700.0,500000.0,1,0.0,0.0,0.0,5,289.99,4552.41,2029.9,Quincena_1
9000000116,0,142012.08,15,243.62,POS,20150514,US,POS,Jueves,14,20070122.0,310.0,F,Personal Plus,26.0,2000000.0,1500000.0,3,32205.7,4025.71,4552.41,3,195.21,4552.41,976.03,Quincena_1
9000000117,0,144205.51,20,711.63,POS,20150524,US,MCI,Domingo,24,20080717.0,442.0,F,Personal Plus,26.0,2500000.0,500000.0,2,3237.1,1618.55,1618.55,4,526.5,4552.41,4212.01,Quincena_2
9000000118,0,144231.01,17,1111.02,POS,20150525,US,POS,Lunes,25,20100105.0,267.0,F,Personal Plus,26.0,3600000.0,2000000.0,1,0.0,0.0,0.0,5,592.49,4552.41,4739.92,Quincena_2
9000000119,0,1453098.29,23,9.34,ATM_INT,20150504,US,ATM_INT,Lunes,4,20120628.0,436.0,F,Personal Plus,22.0,1000000.0,0.0,1,0.0,0.0,0.0,2,9.34,4552.41,84.08,Quincena_1
9000000120,0,1453098.29,19,23.31,ATM_INT,20150501,US,ATM_INT,Viernes,1,20130809.0,281.0,M,Personal,20.0,1.0,0.0,1,0.0,0.0,0.0,2,23.31,4552.41,46.62,Quincena_1
9000000121,0,145334.08,12,70.8,POS,20150520,US,POS,Miercoles,20,20110726.0,640.0,M,Personal Plus,27.0,2400000.0,1500000.0,1,0.0,0.0,0.0,3,51.15,4552.41,204.59,Quincena_2
9000000122,0,1455283.61,19,711.63,POS,20150524,US,MCI,Domingo,24,20080717.0,442.0,F,Personal Plus,26.0,2500000.0,500000.0,2,3237.1,1618.55,1618.55,4,526.5,4552.41,4212.01,Quincena_2
9000000123,0,1456123.2,17,1.0,ATM_INT,20150505,US,ATM_INT,Martes,5,20140625.0,2.0,F,Personal,21.0,300000.0,0.0,2,4552.41,4552.41,4552.41,1,0.0,4552.41,1.0,Quincena_1
9000000124,0,1461547.5,18,1.0,ATM_INT,20150518,US,ATM_INT,Lunes,18,20120614.0,53.0,F,Personal,22.0,400000.0,200000.0,1,0.0,0.0,0.0,1,0.0,4552.41,1.0,Quincena_2
9000000125,1,148662.36,5,243.62,ATM_INT,20150507,US,ATM_INT,Jueves,7,20120223.0,272.0,M,Personal Plus,28.0,1000000.0,800000.0,1,0.0,0.0,0.0,2,243.62,4552.41,974.49,Quincena_1
9000000126,1,148662.36,5,304.29,ATM_INT,20150507,US,ATM_INT,Jueves,7,20121024.0,749.0,M,Personal Plus,24.0,3567900.0,1500000.0,1,0.0,0.0,0.0,3,290.88,4552.41,1163.54,Quincena_1
9000000127,0,149755.02,11,44.82,POS,20150503,US,POS,Domingo,3,20070627.0,72.0,M,Personal Plus,26.0,1984000.0,800000.0,1,0.0,0.0,0.0,5,20.13,4552.41,221.48,Quincena_1
9000000128,0,149755.02,11,44.82,POS,20150503,US,POS,Domingo,3,20070627.0,72.0,M,Personal Plus,26.0,1984000.0,800000.0,1,0.0,0.0,0.0,5,20.13,4552.41,221.48,Quincena_1
9000000129,0,15089.52,18,74.29,POS,20150524,US,MCI,Domingo,24,20070424.0,226.0,M,Personal Plus,28.0,8008000.0,3000000.0,2,9104.82,4552.41,4552.41,2,74.29,4552.41,148.59,Quincena_2
9000000130,0,151232.05,11,279.77,POS,20150515,US,POS,Viernes,15,20110304.0,907.0,M,Personal Plus,24.0,2000000.0,0.0,5,27357.87,3908.27,7857.49,5,144.63,4552.41,1157.01,Quincena_1
9000000131,1,151246.09,18,659.13,ATM_INT,20150509,US,ATM_INT,Sabado,9,20020903.0,789.0,F,Personal Plus,20.0,2800000.0,2200000.0,2,9104.82,4552.41,4552.41,3,137.89,4552.41,3033.63,Quincena_1
9000000132,0,1516697.84,23,1.0,ATM_INT,20150523,US,ATM_INT,Sabado,23,20070411.0,783.0,F,Personal Plus,27.0,1856000.0,1000000.0,1,0.0,0.0,0.0,1,0.0,4552.41,1.0,Quincena_2
9000000133,1,151808.72,11,33.24,ATM_INT,20150504,US,ATM_INT,Lunes,4,20131019.0,678.0,M,Personal,23.0,800000.0,0.0,1,0.0,0.0,0.0,2,33.24,4552.41,66.49,Quincena_1
9000000134,0,15227.02,15,243.62,POS,20150507,US,POS,Jueves,7,20060405.0,113.0,M,Personal Plus,29.0,9200000.0,2400000.0,3,11739.9,1956.65,3782.13,4,64.03,4552.41,576.3,Quincena_1
9000000135,0,152313.04,19,61.45,ATM_INT,20150511,US,ATM_INT,Lunes,11,20009198.120707244,416.426385583135,F,Personal Plus,40.010540632437944,14491037.206052363,8506309.151649099,1,0.0,0.0,0.0,2,61.45,4552.41,122.9,Quincena_1
9000000136,0,15383.4,5,733.11,POS,20150520,US,MCI,Miercoles,20,20080617.0,32.0,F,Personal Plus,22.0,4000000.0,2000000.0,3,48002.68,5333.63,8455.65,4,236.03,4552.41,3068.4,Quincena_2
9000000137,1,154071.12,13,1.0,ATM_INT,20150523,US,ATM_INT,Sabado,23,20150220.0,547.0,M,Emprendedor,20.0,4000000.0,2500000.0,1,0.0,0.0,0.0,1,0.0,4552.41,1.0,Quincena_2
9000000138,0,154074.6,22,240.94,POS,20150521,US,MCI,Jueves,21,20070207.0,42.0,F,Personal Plus,27.0,2500000.0,800000.0,2,13657.23,4552.41,4552.41,2,240.94,4552.41,481.89,Quincena_2
9000000139,0,154188.32,21,698.52,POS,20150515,US,MCI,Viernes,15,20040823.0,767.0,F,Personal Plus,28.0,4000000.0,2000000.0,1,0.0,0.0,0.0,4,586.85,4552.41,4107.94,Quincena_1
9000000140,0,154251.64,22,659.13,POS,20150521,US,MCI,Jueves,21,20011022.0,230.0,F,Personal Plus,25.0,2200000.0,0.0,1,0.0,0.0,0.0,5,102.33,4552.41,2455.96,Quincena_2
9000000141,1,154268.61,22,294.43,ATM_INT,20150520,US,ATM_INT,Miercoles,20,20050730.0,777.0,M,Personal Plus,28.0,3546400.0,1150000.0,1,0.0,0.0,0.0,5,107.08,4552.41,1070.77,Quincena_2
9000000142,0,158161.02,11,614.04,POS,20150501,PA,POS,Viernes,1,20070704.0,678.0,M,Personal Plus,28.0,4210000.0,100000.0,1,0.0,0.0,0.0,7,336.36,1043.91,2690.86,Quincena_1
9000000143,0,158161.02,11,614.04,POS,20150501,PA,POS,Viernes,1,20070704.0,678.0,M,Personal Plus,28.0,4210000.0,100000.0,1,0.0,0.0,0.0,7,336.36,1043.91,2690.86,Quincena_1
9000000144,0,158275.04,13,23.59,POS,20150524,US,POS,Domingo,24,20041230.0,438.0,M,PYME,26.0,60569982.0,55196483.0,1,0.0,0.0,0.0,5,10.71,4552.41,278.58,Quincena_2
9000000145,0,160280.07,19,533.63,POS,20150513,PA,POS,Miercoles,13,20060120.0,666.0,F,Personal Plus,28.0,1680000.0,1747000.0,2,9104.82,4552.41,4552.41,5,252.8,1043.91,1769.63,Quincena_1
9000000146,0,16121.09,13,9.34,POS,20150515,US,POS,Viernes,15,20009198.120707244,416.426385583135,F,Personal Plus,40.010540632437944,14491037.206052363,8506309.151649099,2,4552.41,4552.41,4552.41,2,9.34,4552.41,9.34,Quincena_1
9000000147,0,161357.27,20,711.63,POS,20150524,US,MCI,Domingo,24,20080717.0,442.0,F,Personal Plus,26.0,2500000.0,500000.0,2,3237.1,1618.55,1618.55,4,526.5,4552.41,4212.01,Quincena_2
9000000148,0,162344.85,20,659.13,POS,20150521,US,MCI,Jueves,21,20011022.0,230.0,F,Personal Plus,25.0,2200000.0,0.0,1,0.0,0.0,0.0,5,102.33,4552.41,2455.96,Quincena_2
9000000149,0,162461.04,18,662.36,POS,20150519,US,POS,Martes,19,20130510.0,442.0,F,Personal Plus,29.0,2000000.0,200000.0,1,0.0,0.0,0.0,2,662.36,4552.41,3974.17,Quincena_2
9000000150,1,163762.8,19,614.04,ATM_INT,20150513,MX,ATM_INT,Miercoles,13,20120523.0,777.0,F,Emprendedor,28.0,3200000.0,200000.0,1,0.0,0.0,0.0,3,429.84,3854.54,2579.04,Quincena_1
9000000151,0,163926.33,2,662.36,POS,20150529,US,MCI,Viernes,29,20110208.0,434.0,F,Personal Plus,25.0,3000000.0,700000.0,2,4552.41,4552.41,4552.41,3,638.2,4552.41,2552.8,Quincena_2
9000000152,0,164522.28,2,18.78,POS,20150519,US,MCI,Martes,19,20110503.0,298.0,F,Personal Plus,24.0,1660900.0,100000.0,1,0.0,0.0,0.0,3,10.92,4552.41,130.98,Quincena_2
9000000153,0,16675.5,21,698.52,POS,20150515,US,MCI,Viernes,15,20040823.0,767.0,F,Personal Plus,28.0,4000000.0,2000000.0,1,0.0,0.0,0.0,4,586.85,4552.41,4107.94,Quincena_1
9000000154,0,166828.1,21,221.58,POS,20150510,US,MCI,Domingo,10,20041021.0,582.0,F,Personal Plus,20.0,2400000.0,600000.0,1,0.0,0.0,0.0,4,168.11,4552.41,840.54,Quincena_1
9000000155,0,16709.14,17,1.0,POS,20150510,US,MCI,Domingo,10,20009198.120707244,416.426385583135,F,Personal Plus,40.010540632437944,14491037.206052363,8506309.151649099,2,18209.64,4552.41,4552.41,1,0.0,4552.41,1.0,Quincena_1
9000000156,1,1675514.57,21,239.21,ATM_INT,20150509,US,ATM_INT,Sabado,9,20009198.120707244,416.426385583135,F,Personal Plus,40.010540632437944,14491037.206052363,8506309.151649099,1,0.0,0.0,0.0,3,107.92,4552.41,755.46,Quincena_1
9000000157,0,168525.03,11,614.04,POS,20150501,PA,POS,Viernes,1,20070704.0,678.0,M,Personal Plus,28.0,4210000.0,100000.0,1,0.0,0.0,0.0,7,336.36,1043.91,2690.86,Quincena_1
9000000158,1,1690354.64,20,733.11,ATM_INT,20150514,US,ATM_INT,Jueves,14,20051126.0,230.0,M,Personal Plus,29.0,4500000.0,2000000.0,1,0.0,0.0,0.0,7,176.85,4552.41,2652.8,Quincena_1
9000000159,1,170528.4,22,1217.57,ATM_INT,20150521,GT,ATM_INT,Jueves,21,20120530.0,84.0,F,Personal Plus,28.0,1000000.0,200000.0,1,0.0,0.0,0.0,3,730.59,2370.55,2922.38,Quincena_2
9000000160,1,1713674.75,19,1217.57,ATM_INT,20150516,US,ATM_INT,Sabado,16,20110120.0,193.0,M,Personal Plus,25.0,2000000.0,1700000.0,1,0.0,0.0,0.0,2,1217.57,4552.41,1217.57,Quincena_2
9000000161,1,1713674.75,16,399.63,ATM_INT,20150516,US,ATM_INT,Sabado,16,20121026.0,649.0,M,Personal,22.0,350000.0,200000.0,1,0.0,0.0,0.0,3,148.75,4552.41,892.5,Quincena_2
9000000162,0,172222.02,23,711.63,POS,20150524,US,POS,Domingo,24,20080717.0,442.0,F,Personal Plus,26.0,2500000.0,500000.0,2,3237.1,1618.55,1618.55,4,526.5,4552.41,4212.01,Quincena_2
9000000163,0,17328.01,17,131.71,POS,20150521,US,POS,Jueves,21,20140715.0,108.0,F,Personal Plus,26.0,5000000.0,2383000.0,1,0.0,0.0,0.0,3,96.58,4552.41,386.33,Quincena_2
9000000164,0,1736006.2,2,574.65,POS,20150515,US,MCI,Viernes,15,20021029.0,850.0,F,Preferencial,27.0,300000.0,300000.0,1,0.0,0.0,0.0,5,368.21,4552.41,2577.47,Quincena_1
9000000165,0,179056.07,18,191.46,POS,20150502,US,POS,Sabado,2,20100125.0,298.0,F,Personal Plus,29.0,3191000.0,900000.0,1,0.0,0.0,0.0,4,83.29,4552.41,1332.59,Quincena_1
9000000166,0,179056.07,18,191.46,POS,20150502,US,POS,Sabado,2,20100125.0,298.0,F,Personal Plus,29.0,3191000.0,900000.0,1,0.0,0.0,0.0,4,83.29,4552.41,1332.59,Quincena_1
9000000167,0,179743.01,12,131.63,POS,20150515,US,POS,Viernes,15,20100315.0,693.0,F,Personal Plus,28.0,2450000.0,300000.0,1,0.0,0.0,0.0,4,55.18,4552.41,331.11,Quincena_1
9000000168,0,180764.09,20,304.29,POS,20150517,US,POS,Domingo,17,20110727.0,299.0,F,Personal Plus,28.0,2450000.0,245000.0,2,9104.82,4552.41,4552.41,3,189.29,4552.41,757.17,Quincena_2
9000000169,0,18105.9,19,243.62,POS,20150516,US,MCI,Sabado,16,20090925.0,634.0,F,Personal Plus,24.0,2000000.0,1500000.0,1,0.0,0.0,0.0,4,119.41,4552.41,716.44,Quincena_2
9000000170,0,18330.03,14,1.0,POS,20150514,US,POS,Jueves,14,19970109.0,342.0,M,Personal Plus,28.0,1000000.0,0.0,3,45165.05,4105.91,4552.41,1,0.0,4552.41,1.0,Quincena_1
9000000171,0,184760.04,19,131.63,POS,20150515,US,POS,Viernes,15,20100315.0,693.0,F,Personal Plus,28.0,2450000.0,300000.0,1,0.0,0.0,0.0,4,55.18,4552.41,331.11,Quincena_1
9000000172,0,184879.03,13,131.63,POS,20150515,US,POS,Viernes,15,20100315.0,693.0,F,Personal Plus,28.0,2450000.0,300000.0,1,0.0,0.0,0.0,4,55.18,4552.41,331.11,Quincena_1
9000000173,0,186450.08,12,659.13,POS,20150521,US,POS,Jueves,21,20011022.0,230.0,F,Personal Plus,25.0,2200000.0,0.0,1,0.0,0.0,0.0,5,102.33,4552.41,2455.96,Quincena_2
9000000174,0,186581.91,15,23.59,POS,20150524,US,MCI,Domingo,24,20041230.0,438.0,M,PYME,26.0,60569982.0,55196483.0,1,0.0,0.0,0.0,5,10.71,4552.41,278.58,Quincena_2
9000000175,0,18736.75,20,243.62,POS,20150523,US,MCI,Sabado,23,20110923.0,551.0,F,Personal Plus,26.0,2383000.0,400000.0,1,0.0,0.0,0.0,4,92.18,4552.41,553.1,Quincena_2
9000000176,0,18997.28,6,733.11,POS,20150520,US,MCI,Miercoles,20,20080617.0,32.0,F,Personal Plus,22.0,4000000.0,2000000.0,3,48002.68,5333.63,8455.65,4,236.03,4552.41,3068.4,Quincena_2
9000000177,0,190455.86,4,659.13,POS,20150503,US,MCI,Domingo,3,20140303.0,48.0,M,Preferencial,27.0,8008000.0,2600000.0,3,46968.31,11742.08,15028.51,9,422.42,4552.41,10982.94,Quincena_1
9000000178,0,190455.86,4,659.13,POS,20150503,US,MCI,Domingo,3,20140303.0,48.0,M,Preferencial,27.0,8008000.0,2600000.0,3,46968.31,11742.08,15028.51,9,422.42,4552.41,10982.94,Quincena_1
9000000179,0,1911307.07,11,61.45,POS,20150502,US,POS,Sabado,2,20030109.0,777.0,F,Personal,23.0,160000.0,0.0,1,0.0,0.0,0.0,2,61.45,4552.41,122.9,Quincena_1
9000000180,0,1911307.07,11,61.45,POS,20150502,US,POS,Sabado,2,20030109.0,777.0,F,Personal,23.0,160000.0,0.0,1,0.0,0.0,0.0,2,61.45,4552.41,122.9,Quincena_1
9000000181,0,193085.01,11,294.43,POS,20150521,PA,POS,Jueves,21,20070628.0,191.0,F,Personal Plus,26.0,1900000.0,1100000.0,3,5707.06,951.18,1043.91,5,233.23,1043.91,1632.6,Quincena_2
9000000182,1,195914.91,17,1.0,ATM_INT,20150515,US,ATM_INT,Viernes,15,20150220.0,304.0,M,Personal,19.0,800000.0,200000.0,1,0.0,0.0,0.0,1,0.0,4552.41,1.0,Quincena_1
9000000183,1,195914.91,19,659.13,ATM_INT,20150515,US,ATM_INT,Viernes,15,20071227.0,658.0,F,Personal Plus,24.0,1100000.0,1100000.0,1,0.0,0.0,0.0,2,659.13,4552.41,1318.26,Quincena_1
9000000184,0,196320.04,19,304.29,POS,20150517,US,POS,Domingo,17,20110727.0,299.0,F,Personal Plus,28.0,2450000.0,245000.0,2,9104.82,4552.41,4552.41,3,189.29,4552.41,757.17,Quincena_2
9000000185,1,196617.19,5,659.13,ATM_INT,20150507,US,ATM_INT,Jueves,7,20110126.0,640.0,F,Personal Plus,22.0,1200000.0,700000.0,1,0.0,0.0,0.0,2,659.13,4552.41,1318.26,Quincena_1
9000000186,1,196617.19,5,181.91,ATM_INT,20150507,US,ATM_INT,Jueves,7,20070331.0,69.0,F,Personal,22.0,200000.0,100000.0,1,0.0,0.0,0.0,2,181.91,4552.41,363.83,Quincena_1
9000000187,0,200344.9,18,243.62,POS,20150523,AR,MCI,Sabado,23,20130527.0,617.0,F,Personal Plus,20.0,1537576.0,100000.0,2,4308.01,4308.01,4308.01,2,243.62,4308.01,243.62,Quincena_2
9000000188,0,20202.09,17,243.62,POS,20150501,US,POS,Viernes,1,20120531.0,331.0,M,Personal Plus,27.0,7000000.0,2000000.0,2,63733.74,4552.41,4552.41,7,70.04,4552.41,2241.26,Quincena_1
9000000189,0,20202.09,17,243.62,POS,20150501,US,POS,Viernes,1,20120531.0,331.0,M,Personal Plus,27.0,7000000.0,2000000.0,2,63733.74,4552.41,4552.41,7,70.04,4552.41,2241.26,Quincena_1
9000000190,0,203027.49,1,18.78,POS,20150519,US,MCI,Martes,19,20110503.0,298.0,F,Personal Plus,24.0,1660900.0,100000.0,1,0.0,0.0,0.0,3,10.92,4552.41,130.98,Quincena_2
9000000191,0,2049120.22,16,13.67,POS,20150510,US,MCI,Domingo,10,20071016.0,9.0,F,Personal Plus,27.0,2100000.0,600000.0,2,9104.82,4552.41,4552.41,5,9.63,4552.41,182.97,Quincena_1
9000000192,0,205016.07,12,659.13,POS,20150521,US,POS,Jueves,21,20011022.0,230.0,F,Personal Plus,25.0,2200000.0,0.0,1,0.0,0.0,0.0,5,102.33,4552.41,2455.96,Quincena_2
9000000193,0,205373.01,14,741.95,POS,20150502,PA,POS,Sabado,2,20080723.0,690.0,M,Personal Plus,28.0,3233160.0,500000.0,1,0.0,0.0,0.0,5,285.83,1043.91,1714.96,Quincena_1
9000000194,0,205373.01,14,741.95,POS,20150502,PA,POS,Sabado,2,20080723.0,690.0,M,Personal Plus,28.0,3233160.0,500000.0,1,0.0,0.0,0.0,5,285.83,1043.91,1714.96,Quincena_1
9000000195,1,207265.43,19,1.0,POS,20150528,EC,MCI,Jueves,28,20100505.0,570.0,M,Personal,22.0,400000.0,170000.0,4,26294.63,6573.66,10274.58,1,0.0,904.81,1.0,Quincena_2
9000000196,0,210084.08,19,131.63,POS,20150515,US,POS,Viernes,15,20100315.0,693.0,F,Personal Plus,28.0,2450000.0,300000.0,1,0.0,0.0,0.0,4,55.18,4552.41,331.11,Quincena_1
9000000197,0,211081.19,21,659.13,POS,20150521,US,MCI,Jueves,21,20011022.0,230.0,F,Personal Plus,25.0,2200000.0,0.0,1,0.0,0.0,0.0,5,102.33,4552.41,2455.96,Quincena_2
9000000198,1,21127.6,19,614.04,ATM_INT,20150513,MX,ATM_INT,Miercoles,13,20120523.0,777.0,F,Emprendedor,28.0,3200000.0,200000.0,1,0.0,0.0,0.0,3,429.84,3854.54,2579.04,Quincena_1
9000000199,0,21258.01,11,131.63,POS,20150515,US,POS,Viernes,15,20100315.0,693.0,F,Personal Plus,28.0,2450000.0,300000.0,1,0.0,0.0,0.0,4,55.18,4552.41,331.11,Quincena_1
9000000200,0,2166306.03,17,51.26,POS,20150508,US,POS,Viernes,8,20061003.0,267.0,F,Personal Plus,28.0,3295000.0,1600000.0,5,13876.62,1982.37,3854.54,4,24.12,4552.41,192.93,Quincena_1
9000000201,0,217581.05,19,659.13,POS,20150521,US,MCI,Jueves,21,20011022.0,230.0,F,Personal Plus,25.0,2200000.0,0.0,1,0.0,0.0,0.0,5,102.33,4552.41,2455.96,Quincena_2
9000000202,0,2185575.05,21,614.04,POS,20150528,US,MCI,Jueves,28,20009198.120707244,416.426385583135,F,Personal Plus,40.010540632437944,14491037.206052363,8506309.151649099,1,0.0,0.0,0.0,2,614.04,4552.41,1228.07,Quincena_2
9000000203,0,221058.52,19,574.65,POS,20150515,US,MCI,Viernes,15,20021029.0,850.0,F,Preferencial,27.0,300000.0,300000.0,1,0.0,0.0,0.0,5,368.21,4552.41,2577.47,Quincena_1
9000000204,0,223853.03,21,74.29,POS,20150524,US,MCI,Domingo,24,20070424.0,226.0,M,Personal Plus,28.0,8008000.0,3000000.0,2,9104.82,4552.41,4552.41,2,74.29,4552.41,148.59,Quincena_2
9000000205,1,22776.7,18,238.34,ATM_INT,20150513,CR,ATM_INT,Miercoles,13,20100624.0,17.0,F,Personal Plus,26.0,1500000.0,1000000.0,3,16813.9,4203.47,4552.41,2,238.34,1482.35,476.68,Quincena_1
9000000206,0,22799.07,6,1.0,POS,20150501,US,MCI,Viernes,1,20009198.120707244,416.426385583135,F,Personal Plus,40.010540632437944,14491037.206052363,8506309.151649099,2,9104.82,4552.41,4552.41,1,0.0,4552.41,1.0,Quincena_1
9000000207,0,22799.07,6,1.0,POS,20150501,US,MCI,Viernes,1,20009198.120707244,416.426385583135,F,Personal Plus,40.010540632437944,14491037.206052363,8506309.151649099,2,9104.82,4552.41,4552.41,1,0.0,4552.41,1.0,Quincena_1
9000000208,0,22819.06,16,294.43,POS,20150518,US,POS,Lunes,18,20120116.0,48.0,M,Personal Plus,29.0,2100000.0,800000.0,1,0.0,0.0,0.0,4,232.42,4552.41,1859.33,Quincena_2
9000000209,0,22962.09,17,294.43,POS,20150519,US,POS,Martes,19,20050621.0,18.0,M,Personal Plus,28.0,4700000.0,1000000.0,3,16813.9,4203.47,4552.41,5,173.8,4552.41,6604.38,Quincena_2
9000000210,0,231223.75,19,113.52,ATM_INT,20150518,CR,ATM_INT,Lunes,18,20060116.0,932.0,F,Personal Plus,27.0,1000000.0,700000.0,1,0.0,0.0,0.0,4,65.76,1482.35,394.56,Quincena_2
9000000211,1,231223.75,14,399.63,ATM_INT,20150516,CR,ATM_INT,Sabado,16,20111214.0,661.0,M,Personal,28.0,700000.0,100000.0,1,0.0,0.0,0.0,3,286.5,1482.35,1145.98,Quincena_2
9000000212,1,237085.71,14,243.62,ATM_INT,20150520,CR,ATM_INT,Miercoles,20,20110212.0,168.0,F,Personal Plus,28.0,3506455.0,900000.0,1,0.0,0.0,0.0,3,228.93,1482.35,1373.56,Quincena_2
9000000213,1,237135.45,22,659.13,ATM_INT,20150520,CR,ATM_INT,Miercoles,20,20130730.0,412.0,M,Emprendedor,27.0,589000.0,0.0,1,0.0,0.0,0.0,3,481.71,1482.35,963.42,Quincena_2
9000000214,0,23856.07,5,1.0,POS,20150501,US,POS,Viernes,1,20080708.0,613.0,F,Personal Plus,28.0,3000000.0,200000.0,2,1043.91,1043.91,1043.91,1,0.0,4552.41,1.0,Quincena_1
9000000215,1,23878.62,22,1217.57,ATM_INT,20150522,CR,ATM_INT,Viernes,22,20101012.0,582.0,F,Personal,28.0,154000.0,300000.0,4,29677.95,2967.8,3854.54,5,469.28,1482.35,3754.24,Quincena_2
9000000216,1,240376.85,5,23.31,ATM_INT,20150515,EC,ATM_INT,Viernes,15,20120117.0,191.0,F,Personal Plus,21.0,2600000.0,2000000.0,1,0.0,0.0,0.0,2,23.31,904.81,512.84,Quincena_1
9000000217,1,240376.85,5,23.31,ATM_INT,20150515,EC,ATM_INT,Viernes,15,20120117.0,191.0,F,Personal Plus,21.0,2600000.0,2000000.0,1,0.0,0.0,0.0,2,23.31,904.81,512.84,Quincena_1
9000000218,1,240979.55,14,461.26,ATM_INT,20150504,EC,ATM_INT,Lunes,4,20100107.0,82.0,F,Personal Plus,22.0,1000000.0,900000.0,2,4552.41,4552.41,4552.41,6,115.51,904.81,1617.18,Quincena_1
9000000219,1,240979.55,14,461.26,ATM_INT,20150504,EC,ATM_INT,Lunes,4,20100107.0,82.0,F,Personal Plus,22.0,1000000.0,900000.0,2,4552.41,4552.41,4552.41,6,115.51,904.81,1617.18,Quincena_1
9000000220,0,240979.55,17,243.62,ATM_INT,20150504,EC,ATM_INT,Lunes,4,20081128.0,497.0,F,Personal,23.0,800000.0,720000.0,2,1618.55,1618.55,1618.55,4,154.95,904.81,619.79,Quincena_1
9000000221,0,241290.18,20,574.65,POS,20150515,US,MCI,Viernes,15,20021029.0,850.0,F,Preferencial,27.0,300000.0,300000.0,1,0.0,0.0,0.0,5,368.21,4552.41,2577.47,Quincena_1
9000000222,1,243295.5,1,733.11,ATM_INT,20150531,CR,ATM_INT,Domingo,31,20121227.0,180.0,F,Personal Plus,27.0,3200000.0,1000000.0,2,2370.55,2370.55,2370.55,5,371.59,1482.35,2972.72,Quincena_2
9000000223,1,243591.25,22,352.24,ATM_INT,20150516,EC,ATM_INT,Sabado,16,20020926.0,430.0,F,Personal Plus,24.0,3000000.0,2500000.0,5,39255.32,4361.7,10507.27,3,133.14,904.81,399.43,Quincena_2
9000000224,1,243591.25,3,243.62,ATM_INT,20150517,EC,ATM_INT,Domingo,17,20131022.0,373.0,F,Personal Plus,19.0,1000000.0,0.0,1,0.0,0.0,0.0,4,152.06,904.81,2128.86,Quincena_2
9000000225,1,243591.25,2,243.62,ATM_INT,20150517,EC,ATM_INT,Domingo,17,20131022.0,373.0,F,Personal Plus,19.0,1000000.0,0.0,1,0.0,0.0,0.0,4,152.06,904.81,2128.86,Quincena_2
9000000226,1,243591.25,22,352.24,ATM_INT,20150516,EC,ATM_INT,Sabado,16,20020926.0,430.0,F,Personal Plus,24.0,3000000.0,2500000.0,5,39255.32,4361.7,10507.27,3,133.14,904.81,399.43,Quincena_2
9000000227,1,243591.25,3,243.62,ATM_INT,20150517,EC,ATM_INT,Domingo,17,20131022.0,373.0,F,Personal Plus,19.0,1000000.0,0.0,1,0.0,0.0,0.0,4,152.06,904.81,2128.86,Quincena_2
9000000228,1,243591.25,3,243.62,ATM_INT,20150517,EC,ATM_INT,Domingo,17,20131022.0,373.0,F,Personal Plus,19.0,1000000.0,0.0,1,0.0,0.0,0.0,4,152.06,904.81,2128.86,Quincena_2
9000000229,1,243591.25,3,243.62,ATM_INT,20150517,EC,ATM_INT,Domingo,17,20131022.0,373.0,F,Personal Plus,19.0,1000000.0,0.0,1,0.0,0.0,0.0,4,152.06,904.81,2128.86,Quincena_2
9000000230,1,243990.28,17,1.0,ATM_INT,20150515,US,ATM_INT,Viernes,15,20150220.0,304.0,M,Personal,19.0,800000.0,200000.0,1,0.0,0.0,0.0,1,0.0,4552.41,1.0,Quincena_1
9000000231,1,243990.28,19,659.13,ATM_INT,20150515,US,ATM_INT,Viernes,15,20071227.0,658.0,F,Personal Plus,24.0,1100000.0,1100000.0,1,0.0,0.0,0.0,2,659.13,4552.41,1318.26,Quincena_1
9000000232,0,245303.66,15,1217.57,ATM_INT,20150511,US,ATM_INT,Lunes,11,20100513.0,601.0,M,Personal Plus,28.0,2100000.0,800000.0,1,0.0,0.0,0.0,2,1217.57,4552.41,1217.57,Quincena_1
9000000233,1,245801.54,19,1.0,ATM_INT,20150502,US,ATM_INT,Sabado,2,20120216.0,795.0,F,Personal,21.0,100000.0,80000.0,1,0.0,0.0,0.0,1,0.0,4552.41,1.0,Quincena_1
9000000234,0,246383.28,22,9.34,ATM_INT,20150515,US,ATM_INT,Viernes,15,20009198.120707244,416.426385583135,F,Personal Plus,40.010540632437944,14491037.206052363,8506309.151649099,2,4552.41,4552.41,4552.41,2,9.34,4552.41,9.34,Quincena_1
9000000235,0,247149.9,17,243.62,ATM_INT,20150513,US,ATM_INT,Miercoles,13,20080409.0,178.0,M,Personal,26.0,461500.0,0.0,1,0.0,0.0,0.0,3,127.82,4552.41,511.27,Quincena_1
9000000236,1,247269.4,23,1.0,ATM_INT,20150513,US,ATM_INT,Miercoles,13,20090723.0,4.0,F,Personal Plus,27.0,2200000.0,0.0,2,9104.82,4552.41,4552.41,1,0.0,4552.41,1.0,Quincena_1
9000000237,1,247269.4,23,1.0,ATM_INT,20150513,US,ATM_INT,Miercoles,13,20090723.0,4.0,F,Personal Plus,27.0,2200000.0,0.0,2,9104.82,4552.41,4552.41,1,0.0,4552.41,1.0,Quincena_1
9000000238,0,2475993.34,21,1.0,POS,20150509,US,MCI,Sabado,9,20110614.0,48.0,F,Personal Plus,24.0,5000000.0,3000000.0,1,0.0,0.0,0.0,1,0.0,4552.41,1.0,Quincena_1
9000000239,0,247600.79,20,659.13,ATM_INT,20150502,US,ATM_INT,Sabado,2,20081205.0,180.0,F,Personal Plus,28.0,1000000.0,600000.0,1,0.0,0.0,0.0,2,659.13,4552.41,1318.26,Quincena_1
9000000240,1,247859.25,21,131.71,ATM_INT,20150519,US,ATM_INT,Martes,19,20120127.0,76.0,F,Personal Plus,21.0,1800000.0,700000.0,3,6078.29,1519.57,1618.55,3,96.58,4552.41,386.33,Quincena_2
9000000241,0,248030.64,12,23.59,ATM_INT,20150506,US,ATM_INT,Miercoles,6,20111121.0,238.0,F,Personal,25.0,535600.0,0.0,1,0.0,0.0,0.0,2,23.59,4552.41,23.59,Quincena_1
9000000242,0,249398.46,16,23.59,ATM_INT,20150515,US,ATM_INT,Viernes,15,20140801.0,19.0,F,Personal Plus,21.0,1300000.0,400000.0,1,0.0,0.0,0.0,3,13.39,4552.41,93.75,Quincena_1
9000000243,0,249797.02,14,141.21,POS,20150519,US,POS,Martes,19,20080910.0,706.0,M,Personal Plus,23.0,1000000.0,250000.0,1,0.0,0.0,0.0,6,34.75,4552.41,556.08,Quincena_2
9000000244,1,249959.36,14,289.8,ATM_INT,20150505,US,ATM_INT,Martes,5,20070829.0,640.0,M,Personal Plus,28.0,5400000.0,2000000.0,1,0.0,0.0,0.0,4,122.62,4552.41,735.69,Quincena_1
9000000245,0,25037.02,15,243.62,POS,20150514,US,POS,Jueves,14,20070122.0,310.0,F,Personal Plus,26.0,2000000.0,1500000.0,3,32205.7,4025.71,4552.41,3,195.21,4552.41,976.03,Quincena_1
9000000246,0,250656.06,9,23.59,POS,20150524,US,POS,Domingo,24,20041230.0,438.0,M,PYME,26.0,60569982.0,55196483.0,1,0.0,0.0,0.0,5,10.71,4552.41,278.58,Quincena_2
9000000247,1,25142.08,6,498.04,POS,20150524,US,POS,Domingo,24,20060607.0,640.0,M,Personal Plus,27.0,4000000.0,200000.0,1,0.0,0.0,0.0,4,272.36,4552.41,1906.54,Quincena_2
9000000248,1,252430.85,6,498.04,ATM_INT,20150526,NI,ATM_INT,Martes,26,20120221.0,680.0,M,Personal Plus,20.0,2000000.0,800000.0,3,11649.11,3883.04,8351.75,2,498.04,16737.71,996.07,Quincena_2
9000000249,1,252430.85,6,498.04,ATM_INT,20150526,NI,ATM_INT,Martes,26,20120221.0,680.0,M,Personal Plus,20.0,2000000.0,800000.0,3,11649.11,3883.04,8351.75,2,498.04,16737.71,996.07,Quincena_2
9000000250,0,252498.08,12,1.0,POS,20150525,US,POS,Lunes,25,20080122.0,554.0,M,Personal Plus,29.0,1000000.0,1000000.0,2,9104.82,4552.41,4552.41,1,0.0,4552.41,1.0,Quincena_2
9000000251,1,2529.01,22,207.48,POS,20150522,US,POS,Viernes,22,20070629.0,200.0,M,Personal Plus,28.0,1309731.0,300000.0,2,9104.82,4552.41,4552.41,5,100.98,4552.41,908.8,Quincena_2
9000000252,1,2529.01,22,207.48,POS,20150522,US,POS,Viernes,22,20070629.0,200.0,M,Personal Plus,28.0,1309731.0,300000.0,2,9104.82,4552.41,4552.41,5,100.98,4552.41,908.8,Quincena_2
9000000253,0,253204.5,16,461.26,ATM_INT,20150501,US,ATM_INT,Viernes,1,20130708.0,693.0,F,Personal Plus,28.0,5000000.0,0.0,1,0.0,0.0,0.0,5,138.82,4552.41,971.75,Quincena_1
9000000254,0,253942.06,12,23.59,POS,20150524,US,POS,Domingo,24,20041230.0,438.0,M,PYME,26.0,60569982.0,55196483.0,1,0.0,0.0,0.0,5,10.71,4552.41,278.58,Quincena_2
9000000255,1,254196.27,22,294.43,ATM_INT,20150520,US,ATM_INT,Miercoles,20,20050730.0,777.0,M,Personal Plus,28.0,3546400.0,1150000.0,1,0.0,0.0,0.0,5,107.08,4552.41,1070.77,Quincena_2
9000000256,0,25425.03,13,1.0,POS,20150528,US,POS,Jueves,28,20090310.0,180.0,M,Personal Plus,27.0,8400000.0,2750000.0,4,44914.74,4083.16,8029.31,1,0.0,4552.41,1.0,Quincena_2
9000000257,0,254895.12,13,294.43,POS,20150513,US,MCI,Miercoles,13,20120605.0,652.0,F,Personal Plus,26.0,1249200.0,300000.0,1,0.0,0.0,0.0,3,196.8,4552.41,1968.02,Quincena_1
9000000258,0,2556.07,20,363.85,POS,20150516,US,POS,Sabado,16,20090625.0,551.0,F,Personal Plus,28.0,3300000.0,300000.0,1,0.0,0.0,0.0,6,69.66,4552.41,1393.25,Quincena_2
9000000259,0,256147.5,22,1.0,ATM_INT,20150530,EC,ATM_INT,Sabado,30,20090709.0,769.0,F,Personal,21.0,500000.0,0.0,2,904.81,904.81,904.81,1,0.0,904.81,1.0,Quincena_2
9000000260,0,258310.84,23,26.6,POS,20150519,US,MCI,Martes,19,20101021.0,8.0,M,Personal Plus,25.0,2100000.0,400000.0,1,0.0,0.0,0.0,3,22.86,4552.41,502.94,Quincena_2
9000000261,0,2583578.06,12,269.64,POS,20150530,US,POS,Sabado,30,20120814.0,690.0,M,Personal Plus,28.0,1500000.0,500000.0,1,0.0,0.0,0.0,9,86.47,4552.41,2507.54,Quincena_2
9000000262,0,25898.71,18,659.13,POS,20150503,US,MCI,Domingo,3,20091203.0,193.0,M,Personal,20.0,200000.0,100000.0,3,17954.68,4488.67,6526.97,2,659.13,4552.41,2636.51,Quincena_1
9000000263,0,25898.71,18,659.13,POS,20150503,US,MCI,Domingo,3,20091203.0,193.0,M,Personal,20.0,200000.0,100000.0,3,17954.68,4488.67,6526.97,2,659.13,4552.41,2636.51,Quincena_1
9000000264,0,259063.84,19,61.45,ATM_INT,20150524,US,ATM_INT,Domingo,24,20141203.0,571.0,F,Personal Plus,18.0,1000000.0,500000.0,1,0.0,0.0,0.0,2,61.45,4552.41,184.34,Quincena_2
9000000265,0,259427.01,16,243.62,POS,20150521,US,POS,Jueves,21,20050823.0,14.0,M,Personal Plus,28.0,2900000.0,1700000.0,1,0.0,0.0,0.0,4,92.18,4552.41,553.1,Quincena_2
9000000266,1,260340.88,19,10.34,ATM_INT,20150524,US,ATM_INT,Domingo,24,20140520.0,16.0,F,Personal,23.0,770000.0,770000.0,1,0.0,0.0,0.0,2,10.34,4552.41,51.69,Quincena_2
9000000267,0,260465.07,16,304.29,POS,20150501,US,POS,Viernes,1,20110120.0,829.0,F,Personal Plus,29.0,1900000.0,150000.0,1,0.0,0.0,0.0,4,187.52,4552.41,1687.69,Quincena_1
9000000268,0,262843.09,12,173.36,POS,20150519,PA,POS,Martes,19,20120508.0,258.0,F,Personal Plus,27.0,1935000.0,625455.0,1,0.0,0.0,0.0,5,60.36,1043.91,1508.91,Quincena_2
9000000269,0,264494.14,18,74.29,POS,20150524,US,MCI,Domingo,24,20070424.0,226.0,M,Personal Plus,28.0,8008000.0,3000000.0,2,9104.82,4552.41,4552.41,2,74.29,4552.41,148.59,Quincena_2
9000000270,0,264861.75,19,698.52,POS,20150515,US,MCI,Viernes,15,20040823.0,767.0,F,Personal Plus,28.0,4000000.0,2000000.0,1,0.0,0.0,0.0,4,586.85,4552.41,4107.94,Quincena_1
9000000271,0,265052.82,23,243.62,POS,20150521,US,MCI,Jueves,21,20050823.0,14.0,M,Personal Plus,28.0,2900000.0,1700000.0,1,0.0,0.0,0.0,4,92.18,4552.41,553.1,Quincena_2
9000000272,1,265331.44,1,304.29,ATM_INT,20150528,US,ATM_INT,Jueves,28,20140403.0,180.0,F,Personal,22.0,700000.0,200000.0,1,0.0,0.0,0.0,4,186.64,4552.41,1119.85,Quincena_2
9000000273,0,265943.02,23,167.78,POS,20150529,US,POS,Viernes,29,20100826.0,652.0,F,Personal Plus,26.0,3500000.0,210000.0,1,0.0,0.0,0.0,2,167.78,4552.41,335.57,Quincena_2
9000000274,1,26611.09,18,459.14,POS,20150507,US,POS,Jueves,7,20020802.0,584.0,M,Preferencial,22.0,6166666.0,2000000.0,2,13657.23,4552.41,4552.41,9,129.67,4552.41,4279.03,Quincena_1
9000000275,0,26857.08,15,294.43,POS,20150518,US,POS,Lunes,18,20120116.0,48.0,M,Personal Plus,29.0,2100000.0,800000.0,1,0.0,0.0,0.0,4,232.42,4552.41,1859.33,Quincena_2
9000000276,0,271153.96,20,26.6,POS,20150519,US,MCI,Martes,19,20101021.0,8.0,M,Personal Plus,25.0,2100000.0,400000.0,1,0.0,0.0,0.0,3,22.86,4552.41,502.94,Quincena_2
9000000277,0,27325.43,22,659.13,POS,20150503,US,MCI,Domingo,3,20140303.0,48.0,M,Preferencial,27.0,8008000.0,2600000.0,3,46968.31,11742.08,15028.51,9,422.42,4552.41,10982.94,Quincena_1
9000000278,0,27325.43,22,659.13,POS,20150503,US,MCI,Domingo,3,20140303.0,48.0,M,Preferencial,27.0,8008000.0,2600000.0,3,46968.31,11742.08,15028.51,9,422.42,4552.41,10982.94,Quincena_1
9000000279,0,280445.04,16,235.64,POS,20150514,US,POS,Jueves,14,20130604.0,193.0,F,Personal Plus,24.0,3400000.0,900000.0,2,4552.41,4552.41,4552.41,5,130.11,4552.41,910.75,Quincena_1
9000000280,0,286033.09,19,131.63,POS,20150515,US,POS,Viernes,15,20100315.0,693.0,F,Personal Plus,28.0,2450000.0,300000.0,1,0.0,0.0,0.0,4,55.18,4552.41,331.11,Quincena_1
9000000281,0,28621.92,19,294.43,POS,20150530,US,MCI,Sabado,30,20120724.0,793.0,F,Personal,20.0,800000.0,1500000.0,1,0.0,0.0,0.0,2,294.43,4552.41,588.86,Quincena_2
9000000282,0,28969.44,1,1.0,POS,20150519,US,MCI,Martes,19,20030716.0,697.0,M,Personal Plus,21.0,3500000.0,1000000.0,2,9104.82,4552.41,4552.41,1,0.0,4552.41,1.0,Quincena_2
9000000283,0,291028.35,22,1.0,POS,20150515,US,MCI,Viernes,15,20110826.0,462.0,F,Personal,22.0,800000.0,200000.0,1,0.0,0.0,0.0,1,0.0,4552.41,1.0,Quincena_1
9000000284,1,29139.19,1,243.62,POS,20150505,US,MCI,Martes,5,20101223.0,461.0,F,Personal Plus,27.0,2049584.0,600000.0,1,0.0,0.0,0.0,4,152.75,4552.41,916.48,Quincena_1
9000000285,1,292797.95,20,131.71,ATM_INT,20150501,US,ATM_INT,Viernes,1,20040317.0,54.0,F,Personal Plus,27.0,2765000.0,0.0,1,0.0,0.0,0.0,3,95.58,4552.41,573.48,Quincena_1
9000000286,0,29379.84,20,18.78,POS,20150519,US,MCI,Martes,19,20110503.0,298.0,F,Personal Plus,24.0,1660900.0,100000.0,1,0.0,0.0,0.0,3,10.92,4552.41,130.98,Quincena_2
9000000287,1,294872.8,21,181.91,ATM_INT,20150505,US,ATM_INT,Martes,5,20090407.0,115.0,M,Personal Plus,25.0,1850000.0,1800000.0,1,0.0,0.0,0.0,2,181.91,4552.41,727.65,Quincena_1
9000000288,0,29576.4,19,243.62,POS,20150523,AR,MCI,Sabado,23,20130527.0,617.0,F,Personal Plus,20.0,1537576.0,100000.0,2,4308.01,4308.01,4308.01,2,243.62,4308.01,243.62,Quincena_2
9000000289,0,299773.01,13,44.82,POS,20150503,US,POS,Domingo,3,20070627.0,72.0,M,Personal Plus,26.0,1984000.0,800000.0,1,0.0,0.0,0.0,5,20.13,4552.41,221.48,Quincena_1
9000000290,0,299773.01,13,44.82,POS,20150503,US,POS,Domingo,3,20070627.0,72.0,M,Personal Plus,26.0,1984000.0,800000.0,1,0.0,0.0,0.0,5,20.13,4552.41,221.48,Quincena_1
9000000291,0,300296.08,17,289.23,POS,20150521,US,POS,Jueves,21,20100208.0,571.0,M,Personal Plus,27.0,9568000.0,1578388.0,1,0.0,0.0,0.0,2,289.23,4552.41,578.46,Quincena_2
9000000292,0,30111.02,14,733.11,POS,20150505,US,POS,Martes,5,20110929.0,299.0,F,Personal Plus,23.0,1295492.0,1000000.0,1,0.0,0.0,0.0,6,586.78,4552.41,8801.68,Quincena_1
9000000293,0,30734.03,14,1.0,POS,20150503,PA,POS,Domingo,3,20120314.0,745.0,F,Personal,27.0,100000.0,500000.0,2,2087.82,1043.91,1043.91,1,0.0,1043.91,1.0,Quincena_1
9000000294,0,30734.03,14,1.0,POS,20150503,PA,POS,Domingo,3,20120314.0,745.0,F,Personal,27.0,100000.0,500000.0,2,2087.82,1043.91,1043.91,1,0.0,1043.91,1.0,Quincena_1
9000000295,1,308311.07,13,614.04,POS,20150513,MX,POS,Miercoles,13,20120523.0,777.0,F,Emprendedor,28.0,3200000.0,200000.0,1,0.0,0.0,0.0,3,429.84,3854.54,2579.04,Quincena_1
9000000296,0,31880.06,9,243.62,POS,20150503,US,POS,Domingo,3,20070628.0,7.0,F,Personal,23.0,0.0,0.0,2,40971.69,4552.41,4552.41,6,21.71,4552.41,911.82,Quincena_1
9000000297,0,31880.06,9,243.62,POS,20150503,US,POS,Domingo,3,20070628.0,7.0,F,Personal,23.0,0.0,0.0,2,40971.69,4552.41,4552.41,6,21.71,4552.41,911.82,Quincena_1
9000000298,0,321625.03,17,1.0,POS,20150516,US,POS,Sabado,16,20110829.0,673.0,M,Personal Plus,28.0,6105400.0,1050000.0,2,18209.64,4552.41,4552.41,1,0.0,4552.41,1.0,Quincena_2
9000000299,1,322219.8,19,614.04,ATM_INT,20150513,MX,ATM_INT,Miercoles,13,20120523.0,777.0,F,Emprendedor,28.0,3200000.0,200000.0,1,0.0,0.0,0.0,3,429.84,3854.54,2579.04,Quincena_1
9000000300,0,3223392.39,1,614.04,POS,20150528,US,MCI,Jueves,28,20009198.120707244,416.426385583135,F,Personal Plus,40.010540632437944,14491037.206052363,8506309.151649099,1,0.0,0.0,0.0,2,614.04,4552.41,1228.07,Quincena_2
9000000301,0,324776.01,14,614.04,POS,20150501,PA,POS,Viernes,1,20070704.0,678.0,M,Personal Plus,28.0,4210000.0,100000.0,1,0.0,0.0,0.0,7,336.36,1043.91,2690.86,Quincena_1
9000000302,0,329656.07,22,711.63,POS,20150524,US,POS,Domingo,24,20080717.0,442.0,F,Personal Plus,26.0,2500000.0,500000.0,2,3237.1,1618.55,1618.55,4,526.5,4552.41,4212.01,Quincena_2
9000000303,0,332667.02,22,23.59,POS,20150515,US,POS,Viernes,15,20121127.0,4.0,M,Personal,21.0,800000.0,600000.0,1,0.0,0.0,0.0,3,14.09,4552.41,84.54,Quincena_1
9000000304,1,334150.5,22,1217.57,ATM_INT,20150522,CR,ATM_INT,Viernes,22,20101012.0,582.0,F,Personal,28.0,154000.0,300000.0,4,29677.95,2967.8,3854.54,5,469.28,1482.35,3754.24,Quincena_2
9000000305,1,33528.03,20,250.92,POS,20150503,US,POS,Domingo,3,20111004.0,245.0,M,Personal Plus,28.0,4922354.0,900000.0,3,9242.99,3081.0,4552.41,9,101.87,4552.41,2444.99,Quincena_1
9000000306,1,33528.03,20,250.92,POS,20150503,US,POS,Domingo,3,20111004.0,245.0,M,Personal Plus,28.0,4922354.0,900000.0,3,9242.99,3081.0,4552.41,9,101.87,4552.41,2444.99,Quincena_1
9000000307,0,339104.05,15,614.04,POS,20150501,PA,POS,Viernes,1,20070704.0,678.0,M,Personal Plus,28.0,4210000.0,100000.0,1,0.0,0.0,0.0,7,336.36,1043.91,2690.86,Quincena_1
9000000308,0,339104.05,15,614.04,POS,20150501,PA,POS,Viernes,1,20070704.0,678.0,M,Personal Plus,28.0,4210000.0,100000.0,1,0.0,0.0,0.0,7,336.36,1043.91,2690.86,Quincena_1
9000000309,1,3421516.83,17,304.29,POS,20150530,US,MCI,Sabado,30,20070830.0,661.0,F,Personal Plus,26.0,3774723.0,500000.0,2,9104.82,4552.41,4552.41,3,273.96,4552.41,1095.83,Quincena_2
9000000310,0,344286.06,10,659.13,POS,20150502,US,POS,Sabado,2,20101001.0,582.0,F,Personal Plus,27.0,10500000.0,2000000.0,2,27314.46,4552.41,4552.41,4,324.12,4552.41,2268.86,Quincena_1
9000000311,0,344286.06,10,659.13,POS,20150502,US,POS,Sabado,2,20101001.0,582.0,F,Personal Plus,27.0,10500000.0,2000000.0,2,27314.46,4552.41,4552.41,4,324.12,4552.41,2268.86,Quincena_1
9000000312,0,34551.61,20,733.11,POS,20150520,US,MCI,Miercoles,20,20080617.0,32.0,F,Personal Plus,22.0,4000000.0,2000000.0,3,48002.68,5333.63,8455.65,4,236.03,4552.41,3068.4,Quincena_2
9000000313,0,3462969.08,22,701.37,POS,20150513,US,MCI,Miercoles,13,20001124.0,487.0,F,Personal Plus,24.0,1000000.0,0.0,1,0.0,0.0,0.0,3,235.97,4552.41,2595.7,Quincena_1
9000000314,0,35429.01,22,1.0,POS,20150511,US,POS,Lunes,11,20090624.0,781.0,F,Personal Plus,25.0,1000000.0,700000.0,1,0.0,0.0,0.0,1,0.0,4552.41,1.0,Quincena_1
9000000315,0,354540.04,13,131.63,POS,20150515,US,POS,Viernes,15,20100315.0,693.0,F,Personal Plus,28.0,2450000.0,300000.0,1,0.0,0.0,0.0,4,55.18,4552.41,331.11,Quincena_1
9000000316,0,3575807.83,21,304.29,POS,20150506,US,MCI,Miercoles,6,20009198.120707244,416.426385583135,F,Personal Plus,40.010540632437944,14491037.206052363,8506309.151649099,2,4552.41,4552.41,4552.41,2,304.29,4552.41,608.58,Quincena_1
9000000317,0,359897.01,18,18.78,POS,20150519,US,MCI,Martes,19,20110503.0,298.0,F,Personal Plus,24.0,1660900.0,100000.0,1,0.0,0.0,0.0,3,10.92,4552.41,130.98,Quincena_2
9000000318,0,36067.22,23,304.29,POS,20150530,US,MCI,Sabado,30,20050719.0,586.0,M,Personal Plus,28.0,8500000.0,2000000.0,5,42551.06,4255.11,7632.97,4,150.4,4552.41,902.42,Quincena_2
9000000319,0,36358.55,17,70.8,POS,20150520,US,MCI,Miercoles,20,20110726.0,640.0,M,Personal Plus,27.0,2400000.0,1500000.0,1,0.0,0.0,0.0,3,51.15,4552.41,204.59,Quincena_2
9000000320,0,36602.73,0,1.0,POS,20150520,US,MCI,Miercoles,20,20021230.0,777.0,F,Personal,20.0,0.0,0.0,2,9104.82,4552.41,4552.41,1,0.0,4552.41,1.0,Quincena_2
9000000321,0,36774.02,18,294.43,POS,20150519,US,POS,Martes,19,20050621.0,18.0,M,Personal Plus,28.0,4700000.0,1000000.0,3,16813.9,4203.47,4552.41,5,173.8,4552.41,6604.38,Quincena_2
9000000322,0,370723.03,11,659.13,POS,20150521,US,POS,Jueves,21,20011022.0,230.0,F,Personal Plus,25.0,2200000.0,0.0,1,0.0,0.0,0.0,5,102.33,4552.41,2455.96,Quincena_2
9000000323,0,373163.83,20,74.29,POS,20150524,US,MCI,Domingo,24,20070424.0,226.0,M,Personal Plus,28.0,8008000.0,3000000.0,2,9104.82,4552.41,4552.41,2,74.29,4552.41,148.59,Quincena_2
9000000324,0,37336.7,1,659.13,POS,20150503,US,MCI,Domingo,3,20140303.0,48.0,M,Preferencial,27.0,8008000.0,2600000.0,3,46968.31,11742.08,15028.51,9,422.42,4552.41,10982.94,Quincena_1
9000000325,0,37336.7,1,659.13,POS,20150503,US,MCI,Domingo,3,20140303.0,48.0,M,Preferencial,27.0,8008000.0,2600000.0,3,46968.31,11742.08,15028.51,9,422.42,4552.41,10982.94,Quincena_1
9000000326,0,381044.08,10,533.63,POS,20150513,PA,POS,Miercoles,13,20060120.0,666.0,F,Personal Plus,28.0,1680000.0,1747000.0,2,9104.82,4552.41,4552.41,5,252.8,1043.91,1769.63,Quincena_1
9000000327,0,38505.21,23,1.0,POS,20150516,US,MCI,Sabado,16,20110829.0,673.0,M,Personal Plus,28.0,6105400.0,1050000.0,2,18209.64,4552.41,4552.41,1,0.0,4552.41,1.0,Quincena_2
9000000328,0,38518.05,18,294.43,POS,20150519,US,POS,Martes,19,20050621.0,18.0,M,Personal Plus,28.0,4700000.0,1000000.0,3,16813.9,4203.47,4552.41,5,173.8,4552.41,6604.38,Quincena_2
9000000329,0,385571.04,17,74.29,POS,20150512,JP,POS,Martes,12,20010418.0,131.0,F,PYME,27.0,8000000.0,3800000.0,1,0.0,0.0,0.0,2,74.29,14582.27,148.59,Quincena_1
9000000330,1,389189.77,20,304.29,ATM_INT,20150501,US,ATM_INT,Viernes,1,20141120.0,661.0,M,Personal Plus,29.0,2000000.0,2000000.0,1,0.0,0.0,0.0,3,218.92,4552.41,1313.55,Quincena_1
9000000331,0,39057.95,22,243.62,POS,20150523,US,MCI,Sabado,23,20110923.0,551.0,F,Personal Plus,26.0,2383000.0,400000.0,1,0.0,0.0,0.0,4,92.18,4552.41,553.1,Quincena_2
9000000332,0,392328.07,10,733.11,POS,20150525,US,POS,Lunes,25,20120716.0,867.0,M,Personal Plus,26.0,2052186.0,200000.0,1,0.0,0.0,0.0,4,511.94,4552.41,4095.51,Quincena_2
9000000333,0,393018.74,3,1.0,POS,20150516,US,MCI,Sabado,16,20110829.0,673.0,M,Personal Plus,28.0,6105400.0,1050000.0,2,18209.64,4552.41,4552.41,1,0.0,4552.41,1.0,Quincena_2
9000000334,0,39383.07,20,1.0,POS,20150528,US,POS,Jueves,28,20090310.0,180.0,M,Personal Plus,27.0,8400000.0,2750000.0,4,44914.74,4083.16,8029.31,1,0.0,4552.41,1.0,Quincena_2
9000000335,0,39591.07,22,510.14,POS,20150516,US,POS,Sabado,16,20110418.0,13.0,M,Personal Plus,24.0,4583463.0,0.0,2,4552.41,4552.41,4552.41,2,510.14,4552.41,1020.27,Quincena_2
9000000336,0,40184.54,13,294.43,POS,20150513,US,MCI,Miercoles,13,20120605.0,652.0,F,Personal Plus,26.0,1249200.0,300000.0,1,0.0,0.0,0.0,3,196.8,4552.41,1968.02,Quincena_1
9000000337,0,40621.03,15,44.78,POS,20150517,US,POS,Domingo,17,20120305.0,693.0,M,Personal Plus,26.0,2000000.0,400000.0,1,0.0,0.0,0.0,3,29.85,4552.41,89.56,Quincena_2
9000000338,1,410195.7,18,238.34,ATM_INT,20150513,CR,ATM_INT,Miercoles,13,20100624.0,17.0,F,Personal Plus,26.0,1500000.0,1000000.0,3,16813.9,4203.47,4552.41,2,238.34,1482.35,476.68,Quincena_1
9000000339,0,41022.41,21,733.11,POS,20150520,US,MCI,Miercoles,20,20080617.0,32.0,F,Personal Plus,22.0,4000000.0,2000000.0,3,48002.68,5333.63,8455.65,4,236.03,4552.41,3068.4,Quincena_2
9000000340,0,41298.09,19,191.46,POS,20150524,PA,POS,Domingo,24,19950126.0,314.0,F,Personal Plus,26.0,1800000.0,300000.0,2,2087.82,1043.91,1043.91,4,59.77,1043.91,478.15,Quincena_2
9000000341,0,41646.06,15,1.0,POS,20150528,US,POS,Jueves,28,20090310.0,180.0,M,Personal Plus,27.0,8400000.0,2750000.0,4,44914.74,4083.16,8029.31,1,0.0,4552.41,1.0,Quincena_2
9000000342,0,4183.45,15,659.13,POS,20150503,US,MCI,Domingo,3,20091203.0,193.0,M,Personal,20.0,200000.0,100000.0,3,17954.68,4488.67,6526.97,2,659.13,4552.41,2636.51,Quincena_1
9000000343,0,4183.45,15,659.13,POS,20150503,US,MCI,Domingo,3,20091203.0,193.0,M,Personal,20.0,200000.0,100000.0,3,17954.68,4488.67,6526.97,2,659.13,4552.41,2636.51,Quincena_1
9000000344,0,42005.69,3,1.0,POS,20150516,US,MCI,Sabado,16,20110829.0,673.0,M,Personal Plus,28.0,6105400.0,1050000.0,2,18209.64,4552.41,4552.41,1,0.0,4552.41,1.0,Quincena_2
9000000345,0,42082.06,16,131.71,POS,20150521,US,POS,Jueves,21,20140715.0,108.0,F,Personal Plus,26.0,5000000.0,2383000.0,1,0.0,0.0,0.0,3,96.58,4552.41,386.33,Quincena_2
9000000346,0,421645.1,0,698.52,POS,20150515,US,MCI,Viernes,15,20040823.0,767.0,F,Personal Plus,28.0,4000000.0,2000000.0,1,0.0,0.0,0.0,4,586.85,4552.41,4107.94,Quincena_1
9000000347,0,426253.79,19,74.29,POS,20150524,US,MCI,Domingo,24,20070424.0,226.0,M,Personal Plus,28.0,8008000.0,3000000.0,2,9104.82,4552.41,4552.41,2,74.29,4552.41,148.59,Quincena_2
9000000348,0,42853.77,16,70.8,POS,20150520,US,MCI,Miercoles,20,20110726.0,640.0,M,Personal Plus,27.0,2400000.0,1500000.0,1,0.0,0.0,0.0,3,51.15,4552.41,204.59,Quincena_2
9000000349,1,428881.32,19,659.13,ATM_INT,20150508,US,ATM_INT,Viernes,8,20140128.0,35.0,M,Personal Plus,21.0,1300000.0,1000000.0,1,0.0,0.0,0.0,2,659.13,4552.41,1977.38,Quincena_1
9000000350,0,429734.14,16,70.8,POS,20150520,US,MCI,Miercoles,20,20110726.0,640.0,M,Personal Plus,27.0,2400000.0,1500000.0,1,0.0,0.0,0.0,3,51.15,4552.41,204.59,Quincena_2
9000000351,0,434388.01,13,904.71,POS,20150503,US,POS,Domingo,3,20060814.0,808.0,M,Personal Plus,29.0,1933050.0,800000.0,1,0.0,0.0,0.0,7,158.62,4552.41,2379.35,Quincena_1
9000000352,0,434388.01,13,904.71,POS,20150503,US,POS,Domingo,3,20060814.0,808.0,M,Personal Plus,29.0,1933050.0,800000.0,1,0.0,0.0,0.0,7,158.62,4552.41,2379.35,Quincena_1
9000000353,0,43527.02,10,1.0,POS,20150504,US,POS,Lunes,4,20091016.0,229.0,F,Personal Plus,29.0,3100000.0,300000.0,1,0.0,0.0,0.0,1,0.0,4552.41,1.0,Quincena_1
9000000354,0,43527.02,10,1.0,POS,20150504,US,POS,Lunes,4,20091016.0,229.0,F,Personal Plus,29.0,3100000.0,300000.0,1,0.0,0.0,0.0,1,0.0,4552.41,1.0,Quincena_1
9000000355,0,447164.02,11,61.45,POS,20150502,US,POS,Sabado,2,20030109.0,777.0,F,Personal,23.0,160000.0,0.0,1,0.0,0.0,0.0,2,61.45,4552.41,122.9,Quincena_1
9000000356,1,452567.43,19,243.62,ATM_INT,20150522,US,ATM_INT,Viernes,22,20091229.0,310.0,F,Personal,25.0,600000.0,450000.0,1,0.0,0.0,0.0,2,243.62,4552.41,730.87,Quincena_2
9000000357,0,454103.5,3,498.04,POS,20150522,US,MCI,Viernes,22,20110823.0,462.0,F,Personal Plus,24.0,15000000.0,8000000.0,1,0.0,0.0,0.0,12,77.99,4552.41,3041.76,Quincena_2
9000000358,0,45821.59,0,461.26,POS,20150515,US,MCI,Viernes,15,20120107.0,29.0,M,Personal Plus,24.0,6000000.0,2000000.0,1,0.0,0.0,0.0,3,111.12,4552.41,1111.2,Quincena_1
9000000359,0,45850.07,17,243.62,POS,20150501,US,POS,Viernes,1,20120531.0,331.0,M,Personal Plus,27.0,7000000.0,2000000.0,2,63733.74,4552.41,4552.41,7,70.04,4552.41,2241.26,Quincena_1
9000000360,0,45850.07,17,243.62,POS,20150501,US,POS,Viernes,1,20120531.0,331.0,M,Personal Plus,27.0,7000000.0,2000000.0,2,63733.74,4552.41,4552.41,7,70.04,4552.41,2241.26,Quincena_1
9000000361,0,46042.15,20,23.59,POS,20150503,US,MCI,Domingo,3,20000831.0,543.0,F,Personal,22.0,100000.0,0.0,2,4552.41,4552.41,4552.41,3,16.46,4552.41,65.86,Quincena_1
9000000362,0,46042.15,20,23.59,POS,20150503,US,MCI,Domingo,3,20000831.0,543.0,F,Personal,22.0,100000.0,0.0,2,4552.41,4552.41,4552.41,3,16.46,4552.41,65.86,Quincena_1
9000000363,1,462447.5,14,1.0,ATM_INT,20150516,CR,ATM_INT,Sabado,16,20110118.0,507.0,M,Personal Plus,25.0,2700000.0,1700000.0,1,0.0,0.0,0.0,1,0.0,1482.35,1.0,Quincena_2
9000000364,0,46397.9,18,294.43,POS,20150530,US,MCI,Sabado,30,20120724.0,793.0,F,Personal,20.0,800000.0,1500000.0,1,0.0,0.0,0.0,2,294.43,4552.41,588.86,Quincena_2
9000000365,0,46492.06,0,1.0,POS,20150520,US,MCI,Miercoles,20,20021230.0,777.0,F,Personal,20.0,0.0,0.0,2,9104.82,4552.41,4552.41,1,0.0,4552.41,1.0,Quincena_2
9000000366,0,4713010.38,15,74.29,POS,20150524,US,MCI,Domingo,24,20070424.0,226.0,M,Personal Plus,28.0,8008000.0,3000000.0,2,9104.82,4552.41,4552.41,2,74.29,4552.41,148.59,Quincena_2
9000000367,0,476534.8,19,1217.57,ATM_INT,20150508,US,ATM_INT,Viernes,8,20130528.0,662.0,F,Personal Plus,23.0,1000000.0,0.0,1,0.0,0.0,0.0,2,1217.57,4552.41,2435.14,Quincena_1
9000000368,0,47654.01,17,1.0,POS,20150527,US,POS,Miercoles,27,20060330.0,86.0,F,Personal Plus,26.0,7000000.0,4500000.0,1,0.0,0.0,0.0,1,0.0,4552.41,1.0,Quincena_2
9000000369,1,477372.16,22,1217.57,ATM_INT,20150522,CR,ATM_INT,Viernes,22,20101012.0,582.0,F,Personal,28.0,154000.0,300000.0,4,29677.95,2967.8,3854.54,5,469.28,1482.35,3754.24,Quincena_2
9000000370,0,477901.03,22,9.34,POS,20150516,US,POS,Sabado,16,20009198.120707244,416.426385583135,F,Personal Plus,40.010540632437944,14491037.206052363,8506309.151649099,1,0.0,0.0,0.0,2,9.34,4552.41,9.34,Quincena_2
9000000371,0,480506.86,21,1.0,ATM_INT,20150510,US,ATM_INT,Domingo,10,20120803.0,823.0,F,Personal Plus,22.0,1100000.0,900000.0,1,0.0,0.0,0.0,1,0.0,4552.41,1.0,Quincena_1
9000000372,1,480700.7,19,614.04,ATM_INT,20150513,MX,ATM_INT,Miercoles,13,20120523.0,777.0,F,Emprendedor,28.0,3200000.0,200000.0,1,0.0,0.0,0.0,3,429.84,3854.54,2579.04,Quincena_1
9000000373,1,480700.7,19,614.04,ATM_INT,20150513,MX,ATM_INT,Miercoles,13,20120523.0,777.0,F,Emprendedor,28.0,3200000.0,200000.0,1,0.0,0.0,0.0,3,429.84,3854.54,2579.04,Quincena_1
9000000374,1,480709.52,19,659.13,ATM_INT,20150508,US,ATM_INT,Viernes,8,20140128.0,35.0,M,Personal Plus,21.0,1300000.0,1000000.0,1,0.0,0.0,0.0,2,659.13,4552.41,1977.38,Quincena_1
9000000375,1,48195.91,14,461.26,ATM_INT,20150504,EC,ATM_INT,Lunes,4,20100107.0,82.0,F,Personal Plus,22.0,1000000.0,900000.0,2,4552.41,4552.41,4552.41,6,115.51,904.81,1617.18,Quincena_1
9000000376,1,48195.91,14,461.26,ATM_INT,20150504,EC,ATM_INT,Lunes,4,20100107.0,82.0,F,Personal Plus,22.0,1000000.0,900000.0,2,4552.41,4552.41,4552.41,6,115.51,904.81,1617.18,Quincena_1
9000000377,1,481959.1,18,733.11,ATM_INT,20150502,US,ATM_INT,Sabado,2,20040520.0,454.0,F,Personal Plus,28.0,2000000.0,200000.0,1,0.0,0.0,0.0,3,400.65,4552.41,2403.9,Quincena_1
9000000378,1,481959.1,18,733.11,ATM_INT,20150502,US,ATM_INT,Sabado,2,20040520.0,454.0,F,Personal Plus,28.0,2000000.0,200000.0,1,0.0,0.0,0.0,3,400.65,4552.41,2403.9,Quincena_1
9000000379,0,482488.52,20,27.29,ATM_INT,20150508,US,ATM_INT,Viernes,8,19971120.0,122.0,F,Personal Plus,29.0,3000000.0,1200000.0,1,0.0,0.0,0.0,3,25.96,4552.41,77.88,Quincena_1
9000000380,1,483759.9,14,659.13,ATM_INT,20150513,US,ATM_INT,Miercoles,13,20100818.0,178.0,M,Personal Plus,29.0,1000000.0,740000.0,2,4552.41,4552.41,4552.41,2,659.13,4552.41,659.13,Quincena_1
9000000381,1,484367.13,19,733.11,ATM_INT,20150515,US,ATM_INT,Viernes,15,20130212.0,167.0,M,Personal Plus,29.0,12500000.0,5000000.0,1,0.0,0.0,0.0,4,351.3,4552.41,1756.51,Quincena_1
9000000382,1,484367.13,17,235.64,ATM_INT,20150515,US,ATM_INT,Viernes,15,20030924.0,882.0,M,Personal,29.0,0.0,0.0,1,0.0,0.0,0.0,4,161.43,4552.41,968.56,Quincena_1
9000000383,1,484367.13,19,733.11,ATM_INT,20150515,US,ATM_INT,Viernes,15,20130212.0,167.0,M,Personal Plus,29.0,12500000.0,5000000.0,1,0.0,0.0,0.0,4,351.3,4552.41,1756.51,Quincena_1
9000000384,0,484679.82,16,659.13,ATM_INT,20150511,US,ATM_INT,Lunes,11,20130117.0,37.0,F,Emprendedor,20.0,15000000.0,0.0,1,0.0,0.0,0.0,2,659.13,4552.41,1318.26,Quincena_1
9000000385,0,485468.07,17,243.62,POS,20150501,US,POS,Viernes,1,20120531.0,331.0,M,Personal Plus,27.0,7000000.0,2000000.0,2,63733.74,4552.41,4552.41,7,70.04,4552.41,2241.26,Quincena_1
9000000386,0,485468.07,17,243.62,POS,20150501,US,POS,Viernes,1,20120531.0,331.0,M,Personal Plus,27.0,7000000.0,2000000.0,2,63733.74,4552.41,4552.41,7,70.04,4552.41,2241.26,Quincena_1
9000000387,1,485581.59,20,131.71,ATM_INT,20150501,US,ATM_INT,Viernes,1,20040317.0,54.0,F,Personal Plus,27.0,2765000.0,0.0,1,0.0,0.0,0.0,3,95.58,4552.41,573.48,Quincena_1
9000000388,1,485581.59,20,131.71,ATM_INT,20150501,US,ATM_INT,Viernes,1,20040317.0,54.0,F,Personal Plus,27.0,2765000.0,0.0,1,0.0,0.0,0.0,3,95.58,4552.41,573.48,Quincena_1
9000000389,1,485581.59,20,131.71,ATM_INT,20150501,US,ATM_INT,Viernes,1,20040317.0,54.0,F,Personal Plus,27.0,2765000.0,0.0,1,0.0,0.0,0.0,3,95.58,4552.41,573.48,Quincena_1
9000000390,1,485581.59,20,304.29,ATM_INT,20150501,US,ATM_INT,Viernes,1,20141120.0,661.0,M,Personal Plus,29.0,2000000.0,2000000.0,1,0.0,0.0,0.0,3,218.92,4552.41,1313.55,Quincena_1
9000000391,0,485746.77,19,61.45,ATM_INT,20150511,US,ATM_INT,Lunes,11,20009198.120707244,416.426385583135,F,Personal Plus,40.010540632437944,14491037.206052363,8506309.151649099,1,0.0,0.0,0.0,2,61.45,4552.41,122.9,Quincena_1
9000000392,1,486781.09,16,199.89,ATM_INT,20150502,US,ATM_INT,Sabado,2,20141029.0,30.0,M,Personal Plus,26.0,1400000.0,200000.0,1,0.0,0.0,0.0,3,174.46,4552.41,1046.79,Quincena_1
9000000393,1,486781.09,16,199.89,ATM_INT,20150502,US,ATM_INT,Sabado,2,20141029.0,30.0,M,Personal Plus,26.0,1400000.0,200000.0,1,0.0,0.0,0.0,3,174.46,4552.41,1046.79,Quincena_1
9000000394,1,487182.5,11,1.0,ATM_INT,20150516,CR,ATM_INT,Sabado,16,20140918.0,551.0,F,Personal,24.0,800000.0,200000.0,1,0.0,0.0,0.0,1,0.0,1482.35,1.0,Quincena_2
9000000395,1,487956.63,17,594.77,ATM_INT,20150515,US,ATM_INT,Viernes,15,20050415.0,716.0,M,Personal Plus,29.0,5643700.0,500000.0,1,0.0,0.0,0.0,5,289.99,4552.41,2029.9,Quincena_1
9000000396,1,488207.94,23,652.6,ATM_INT,20150506,US,ATM_INT,Miercoles,6,20131029.0,261.0,F,Personal,26.0,500000.0,400000.0,1,0.0,0.0,0.0,3,511.92,4552.41,1535.76,Quincena_1
9000000397,1,488207.94,23,652.6,ATM_INT,20150506,US,ATM_INT,Miercoles,6,20131029.0,261.0,F,Personal,26.0,500000.0,400000.0,1,0.0,0.0,0.0,3,511.92,4552.41,1535.76,Quincena_1
9000000398,1,488563.8,18,243.62,ATM_INT,20150513,US,ATM_INT,Miercoles,13,20080328.0,613.0,F,Personal,25.0,713593.0,100000.0,1,0.0,0.0,0.0,3,127.82,4552.41,511.27,Quincena_1
9000000399,1,489022.56,21,659.13,ATM_INT,20150505,US,ATM_INT,Martes,5,20121126.0,86.0,F,Personal Plus,29.0,4000000.0,4000000.0,1,0.0,0.0,0.0,4,356.78,4552.41,2497.44,Quincena_1
9000000400,1,489022.56,21,181.91,ATM_INT,20150505,US,ATM_INT,Martes,5,20090407.0,115.0,M,Personal Plus,25.0,1850000.0,1800000.0,1,0.0,0.0,0.0,2,181.91,4552.41,727.65,Quincena_1
9000000401,1,489022.56,21,1.0,ATM_INT,20150505,US,ATM_INT,Martes,5,20140627.0,191.0,M,Emprendedor,27.0,500000.0,400000.0,1,0.0,0.0,0.0,1,0.0,4552.41,1.0,Quincena_1
9000000402,1,489180.09,11,33.24,ATM_INT,20150504,US,ATM_INT,Lunes,4,20131019.0,678.0,M,Personal,23.0,800000.0,0.0,1,0.0,0.0,0.0,2,33.24,4552.41,66.49,Quincena_1
9000000403,1,490403.58,13,659.13,ATM_INT,20150501,US,ATM_INT,Viernes,1,20120306.0,392.0,M,Personal Plus,29.0,1200000.0,1200000.0,1,0.0,0.0,0.0,6,474.94,4552.41,5224.36,Quincena_1
9000000404,1,490403.58,15,1.0,ATM_INT,20150503,US,ATM_INT,Domingo,3,19980430.0,40.0,F,Personal Plus,28.0,2400000.0,500000.0,2,9104.82,4552.41,4552.41,1,0.0,4552.41,1.0,Quincena_1
9000000405,0,49098.05,13,23.31,POS,20150501,PY,POS,Viernes,1,20009198.120707244,416.426385583135,F,Personal Plus,40.010540632437944,14491037.206052363,8506309.151649099,1,0.0,0.0,0.0,2,23.31,3364.98,46.62,Quincena_1
9000000406,0,49098.05,13,23.31,POS,20150501,PY,POS,Viernes,1,20009198.120707244,416.426385583135,F,Personal Plus,40.010540632437944,14491037.206052363,8506309.151649099,1,0.0,0.0,0.0,2,23.31,3364.98,46.62,Quincena_1
9000000407,1,491603.08,16,461.26,ATM_INT,20150502,PA,ATM_INT,Sabado,2,20090330.0,46.0,M,Personal Plus,28.0,4000000.0,1500000.0,1,0.0,0.0,0.0,9,190.22,1043.91,2282.59,Quincena_1
9000000408,1,492447.78,16,399.63,ATM_INT,20150506,US,ATM_INT,Miercoles,6,20110117.0,824.0,M,Personal,22.0,700000.0,1.0,1,0.0,0.0,0.0,2,399.63,4552.41,799.26,Quincena_1
9000000409,1,492646.56,14,289.8,ATM_INT,20150505,US,ATM_INT,Martes,5,20070829.0,640.0,M,Personal Plus,28.0,5400000.0,2000000.0,1,0.0,0.0,0.0,4,122.62,4552.41,735.69,Quincena_1
9000000410,1,493269.25,4,1.0,ATM_INT,20150516,US,ATM_INT,Sabado,16,20131112.0,547.0,F,Personal Plus,29.0,7000000.0,4000000.0,2,7709.08,3854.54,3854.54,1,0.0,4552.41,1.0,Quincena_2
9000000411,0,493652.28,15,304.29,ATM_INT,20150506,PA,ATM_INT,Miercoles,6,20051101.0,574.0,F,Personal Plus,28.0,4255000.0,600000.0,4,25597.7,2133.14,7857.49,4,198.16,1043.91,2377.95,Quincena_1
9000000412,0,495718.5,17,243.62,ATM_INT,20150519,US,ATM_INT,Martes,19,20060329.0,649.0,M,Personal,28.0,0.0,0.0,1,0.0,0.0,0.0,3,167.32,4552.41,669.27,Quincena_2
9000000413,0,496639.74,14,70.8,POS,20150520,US,MCI,Miercoles,20,20110726.0,640.0,M,Personal Plus,27.0,2400000.0,1500000.0,1,0.0,0.0,0.0,3,51.15,4552.41,204.59,Quincena_2
9000000414,0,49862.87,21,23.59,POS,20150503,US,MCI,Domingo,3,20000831.0,543.0,F,Personal,22.0,100000.0,0.0,2,4552.41,4552.41,4552.41,3,16.46,4552.41,65.86,Quincena_1
9000000415,0,49862.87,21,23.59,POS,20150503,US,MCI,Domingo,3,20000831.0,543.0,F,Personal,22.0,100000.0,0.0,2,4552.41,4552.41,4552.41,3,16.46,4552.41,65.86,Quincena_1
9000000416,0,50032.14,23,13.65,POS,20150503,US,MCI,Domingo,3,20050812.0,379.0,M,Personal Plus,25.0,5000000.0,150000.0,2,9104.82,4552.41,4552.41,4,9.79,4552.41,68.56,Quincena_1
9000000417,0,50032.14,23,13.65,POS,20150503,US,MCI,Domingo,3,20050812.0,379.0,M,Personal Plus,25.0,5000000.0,150000.0,2,9104.82,4552.41,4552.41,4,9.79,4552.41,68.56,Quincena_1
9000000418,0,503053.6,17,243.62,ATM_INT,20150525,US,ATM_INT,Lunes,25,20070821.0,2.0,M,Emprendedor,24.0,1500000.0,2000000.0,1,0.0,0.0,0.0,3,89.22,4552.41,535.3,Quincena_2
9000000419,0,50362.9,17,698.52,POS,20150515,US,MCI,Viernes,15,20040823.0,767.0,F,Personal Plus,28.0,4000000.0,2000000.0,1,0.0,0.0,0.0,4,586.85,4552.41,4107.94,Quincena_1
9000000420,0,504199.43,8,580.05,POS,20150528,CN,MCI,Jueves,28,20090507.0,5.0,M,Personal Plus,29.0,3304767.0,2000000.0,5,758837.94,14317.7,17780.33,6,96.84,15667.16,2130.4,Quincena_2
9000000421,0,5086.05,19,304.29,POS,20150503,US,POS,Domingo,3,20140828.0,812.0,F,Personal Plus,28.0,6000000.0,4000000.0,2,9104.82,4552.41,4552.41,4,123.03,4552.41,1353.3,Quincena_1
9000000422,0,5086.05,19,304.29,POS,20150503,US,POS,Domingo,3,20140828.0,812.0,F,Personal Plus,28.0,6000000.0,4000000.0,2,9104.82,4552.41,4552.41,4,123.03,4552.41,1353.3,Quincena_1
9000000423,0,509135.23,18,1.0,ATM_INT,20150522,US,ATM_INT,Viernes,22,20130507.0,836.0,M,Personal,20.0,100000.0,100000.0,2,4552.41,4552.41,4552.41,1,0.0,4552.41,1.0,Quincena_2
9000000424,0,509338.64,14,91.01,ATM_INT,20150523,US,ATM_INT,Sabado,23,20140219.0,388.0,M,Personal,22.0,640000.0,300000.0,1,0.0,0.0,0.0,2,91.01,4552.41,91.01,Quincena_2
9000000425,0,510465.44,17,243.62,ATM_INT,20150524,US,ATM_INT,Domingo,24,20100120.0,430.0,M,Personal Plus,28.0,1040000.0,600000.0,1,0.0,0.0,0.0,8,66.08,4552.41,1519.82,Quincena_2
9000000426,0,51100.04,11,131.63,POS,20150515,US,POS,Viernes,15,20100315.0,693.0,F,Personal Plus,28.0,2450000.0,300000.0,1,0.0,0.0,0.0,4,55.18,4552.41,331.11,Quincena_1
9000000427,1,511867.68,0,292.27,ATM_INT,20150524,US,ATM_INT,Domingo,24,20140717.0,9.0,M,Personal Plus,29.0,3300000.0,300000.0,1,0.0,0.0,0.0,7,48.41,4552.41,1355.41,Quincena_2
9000000428,0,512654.79,18,1.0,ATM_INT,20150502,US,ATM_INT,Sabado,2,20110131.0,101.0,M,Personal,23.0,515000.0,300000.0,1,0.0,0.0,0.0,1,0.0,4552.41,1.0,Quincena_1
9000000429,1,515179.02,8,498.04,POS,20150524,US,POS,Domingo,24,20060607.0,640.0,M,Personal Plus,27.0,4000000.0,200000.0,1,0.0,0.0,0.0,4,272.36,4552.41,1906.54,Quincena_2
9000000430,1,51688.8,17,235.64,ATM_INT,20150515,US,ATM_INT,Viernes,15,20030924.0,882.0,M,Personal,29.0,0.0,0.0,1,0.0,0.0,0.0,4,161.43,4552.41,968.56,Quincena_1
9000000431,0,520729.6,19,1.0,ATM_INT,20150527,US,ATM_INT,Miercoles,27,20090708.0,60.0,M,Personal,24.0,500000.0,100000.0,1,0.0,0.0,0.0,1,0.0,4552.41,1.0,Quincena_2
9000000432,0,52132.64,17,733.11,POS,20150520,US,MCI,Miercoles,20,20080617.0,32.0,F,Personal Plus,22.0,4000000.0,2000000.0,3,48002.68,5333.63,8455.65,4,236.03,4552.41,3068.4,Quincena_2
9000000433,1,521816.28,23,659.13,ATM_INT,20150508,PA,ATM_INT,Viernes,8,20030321.0,443.0,F,Emprendedor,27.0,4000000.0,2000000.0,3,11192.64,2798.16,4552.41,4,424.73,1043.91,2123.66,Quincena_1
9000000434,0,52750.01,11,1.0,POS,20150524,US,POS,Domingo,24,20121017.0,304.0,M,Personal Plus,25.0,1819201.0,108000.0,2,27314.46,4552.41,4552.41,1,0.0,4552.41,1.0,Quincena_2
9000000435,1,52752.7,5,250.24,ATM_INT,20150507,US,ATM_INT,Jueves,7,20090120.0,186.0,F,Personal Plus,25.0,1269000.0,350000.0,1,0.0,0.0,0.0,3,195.19,4552.41,975.95,Quincena_1
9000000436,0,535119.05,13,659.13,POS,20150503,US,MCI,Domingo,3,20140303.0,48.0,M,Preferencial,27.0,8008000.0,2600000.0,3,46968.31,11742.08,15028.51,9,422.42,4552.41,10982.94,Quincena_1
9000000437,0,535119.05,13,659.13,POS,20150503,US,MCI,Domingo,3,20140303.0,48.0,M,Preferencial,27.0,8008000.0,2600000.0,3,46968.31,11742.08,15028.51,9,422.42,4552.41,10982.94,Quincena_1
9000000438,0,53743.8,14,44.78,POS,20150522,US,MCI,Viernes,22,20120116.0,253.0,F,Personal Plus,26.0,1200000.0,400000.0,1,0.0,0.0,0.0,4,17.3,4552.41,155.69,Quincena_2
9000000439,0,53943.08,1,698.52,POS,20150515,US,MCI,Viernes,15,20040823.0,767.0,F,Personal Plus,28.0,4000000.0,2000000.0,1,0.0,0.0,0.0,4,586.85,4552.41,4107.94,Quincena_1
9000000440,0,55037.08,23,1.0,POS,20150503,US,POS,Domingo,3,20080614.0,944.0,M,Personal Plus,28.0,3764249.0,200000.0,2,9104.82,4552.41,4552.41,1,0.0,4552.41,1.0,Quincena_1
9000000441,0,55037.08,23,1.0,POS,20150503,US,POS,Domingo,3,20080614.0,944.0,M,Personal Plus,28.0,3764249.0,200000.0,2,9104.82,4552.41,4552.41,1,0.0,4552.41,1.0,Quincena_1
9000000442,0,55316.3,17,28.59,ATM_INT,20150522,US,ATM_INT,Viernes,22,20110923.0,379.0,M,Personal,24.0,536500.0,0.0,1,0.0,0.0,0.0,4,18.1,4552.41,199.11,Quincena_2
9000000443,1,55416.9,20,172.21,ATM_INT,20150504,US,ATM_INT,Lunes,4,20100713.0,84.0,M,Emprendedor,25.0,0.0,0.0,1,0.0,0.0,0.0,3,125.84,4552.41,377.53,Quincena_1
9000000444,0,55963.54,19,659.13,POS,20150529,US,MCI,Viernes,29,20041220.0,600.0,F,Personal Plus,29.0,6000000.0,2000000.0,3,13610.66,2722.13,4552.41,6,258.47,4552.41,2584.67,Quincena_2
9000000445,0,56423.04,14,243.62,POS,20150506,US,POS,Miercoles,6,20050222.0,298.0,F,Personal Plus,29.0,2200000.0,0.0,1,0.0,0.0,0.0,4,200.85,4552.41,1807.69,Quincena_1
9000000446,0,56423.04,14,243.62,POS,20150506,US,POS,Miercoles,6,20050222.0,298.0,F,Personal Plus,29.0,2200000.0,0.0,1,0.0,0.0,0.0,4,200.85,4552.41,1807.69,Quincena_1
9000000447,0,56562.15,0,698.52,POS,20150515,US,MCI,Viernes,15,20040823.0,767.0,F,Personal Plus,28.0,4000000.0,2000000.0,1,0.0,0.0,0.0,4,586.85,4552.41,4107.94,Quincena_1
9000000448,0,572026.09,12,659.13,POS,20150521,US,POS,Jueves,21,20011022.0,230.0,F,Personal Plus,25.0,2200000.0,0.0,1,0.0,0.0,0.0,5,102.33,4552.41,2455.96,Quincena_2
9000000449,0,580081.03,12,279.77,POS,20150515,US,POS,Viernes,15,20110304.0,907.0,M,Personal Plus,24.0,2000000.0,0.0,5,27357.87,3908.27,7857.49,5,144.63,4552.41,1157.01,Quincena_1
9000000450,0,58314.43,7,221.58,POS,20150510,US,MCI,Domingo,10,20041021.0,582.0,F,Personal Plus,20.0,2400000.0,600000.0,1,0.0,0.0,0.0,4,168.11,4552.41,840.54,Quincena_1
9000000451,1,584816.32,9,996.19,ATM_INT,20150528,PH,ATM_INT,Jueves,28,20091203.0,7.0,F,Personal Plus,27.0,3748000.0,1500000.0,1,0.0,0.0,0.0,6,306.16,21991.2,3673.96,Quincena_2
9000000452,1,584816.32,9,996.19,ATM_INT,20150528,PH,ATM_INT,Jueves,28,20091203.0,7.0,F,Personal Plus,27.0,3748000.0,1500000.0,1,0.0,0.0,0.0,6,306.16,21991.2,3673.96,Quincena_2
9000000453,1,584816.32,9,996.19,ATM_INT,20150528,PH,ATM_INT,Jueves,28,20091203.0,7.0,F,Personal Plus,27.0,3748000.0,1500000.0,1,0.0,0.0,0.0,6,306.16,21991.2,3673.96,Quincena_2
9000000454,1,584816.32,9,996.19,ATM_INT,20150528,PH,ATM_INT,Jueves,28,20091203.0,7.0,F,Personal Plus,27.0,3748000.0,1500000.0,1,0.0,0.0,0.0,6,306.16,21991.2,3673.96,Quincena_2
9000000455,1,586795.4,17,659.13,ATM_INT,20150504,US,ATM_INT,Lunes,4,20130115.0,172.0,M,Personal Plus,25.0,5000000.0,200000.0,2,9104.82,4552.41,4552.41,2,659.13,4552.41,2636.51,Quincena_1
9000000456,0,58785.96,22,23.59,POS,20150503,US,MCI,Domingo,3,20000831.0,543.0,F,Personal,22.0,100000.0,0.0,2,4552.41,4552.41,4552.41,3,16.46,4552.41,65.86,Quincena_1
9000000457,0,58785.96,22,23.59,POS,20150503,US,MCI,Domingo,3,20000831.0,543.0,F,Personal,22.0,100000.0,0.0,2,4552.41,4552.41,4552.41,3,16.46,4552.41,65.86,Quincena_1
9000000458,0,5920121.68,22,711.63,POS,20150524,US,MCI,Domingo,24,20080717.0,442.0,F,Personal Plus,26.0,2500000.0,500000.0,2,3237.1,1618.55,1618.55,4,526.5,4552.41,4212.01,Quincena_2
9000000459,1,5954892.3,19,1.0,POS,20150528,EC,MCI,Jueves,28,20100505.0,570.0,M,Personal,22.0,400000.0,170000.0,4,26294.63,6573.66,10274.58,1,0.0,904.81,1.0,Quincena_2
9000000460,0,59617.07,10,304.29,POS,20150516,PA,POS,Sabado,16,20120327.0,192.0,M,Personal Plus,24.0,1500000.0,200000.0,3,15174.62,3034.92,5766.56,9,121.75,1043.91,1826.3,Quincena_2
9000000461,0,59753.23,21,659.13,POS,20150503,US,MCI,Domingo,3,20140303.0,48.0,M,Preferencial,27.0,8008000.0,2600000.0,3,46968.31,11742.08,15028.51,9,422.42,4552.41,10982.94,Quincena_1
9000000462,0,59753.23,21,659.13,POS,20150503,US,MCI,Domingo,3,20140303.0,48.0,M,Preferencial,27.0,8008000.0,2600000.0,3,46968.31,11742.08,15028.51,9,422.42,4552.41,10982.94,Quincena_1
9000000463,1,60238.89,15,131.71,ATM_INT,20150503,US,ATM_INT,Domingo,3,20110614.0,42.0,F,Personal,27.0,950000.0,500000.0,1,0.0,0.0,0.0,2,131.71,4552.41,526.86,Quincena_1
9000000464,0,60788.06,13,330.51,POS,20150517,UY,POS,Domingo,17,20110204.0,113.0,M,Personal Plus,27.0,2855100.0,100000.0,1,0.0,0.0,0.0,5,189.02,6360.66,1512.13,Quincena_2
9000000465,0,61332.05,12,188.55,POS,20150522,US,POS,Viernes,22,19970825.0,617.0,F,Personal Plus,25.0,2500000.0,200000.0,1,0.0,0.0,0.0,6,22.79,4552.41,615.27,Quincena_2
9000000466,0,61494.61,23,304.29,POS,20150530,US,MCI,Sabado,30,20050719.0,586.0,M,Personal Plus,28.0,8500000.0,2000000.0,5,42551.06,4255.11,7632.97,4,150.4,4552.41,902.42,Quincena_2
9000000467,0,61680.77,2,18.78,POS,20150519,US,MCI,Martes,19,20110503.0,298.0,F,Personal Plus,24.0,1660900.0,100000.0,1,0.0,0.0,0.0,3,10.92,4552.41,130.98,Quincena_2
9000000468,0,61867.02,23,1111.02,POS,20150525,US,POS,Lunes,25,20100105.0,267.0,F,Personal Plus,26.0,3600000.0,2000000.0,1,0.0,0.0,0.0,5,592.49,4552.41,4739.92,Quincena_2
9000000469,0,62020.04,15,304.29,POS,20150520,US,POS,Miercoles,20,20070613.0,265.0,F,Personal Plus,27.0,2100000.0,500000.0,3,63296.85,5754.26,7857.49,3,196.89,4552.41,3150.22,Quincena_2
9000000470,0,62110.02,11,1.0,POS,20150525,US,POS,Lunes,25,20080122.0,554.0,M,Personal Plus,29.0,1000000.0,1000000.0,2,9104.82,4552.41,4552.41,1,0.0,4552.41,1.0,Quincena_2
9000000471,0,62544.05,16,74.29,POS,20150512,JP,POS,Martes,12,20010418.0,131.0,F,PYME,27.0,8000000.0,3800000.0,1,0.0,0.0,0.0,2,74.29,14582.27,148.59,Quincena_1
9000000472,0,62998.7,22,1.0,POS,20150520,US,MCI,Miercoles,20,20021230.0,777.0,F,Personal,20.0,0.0,0.0,2,9104.82,4552.41,4552.41,1,0.0,4552.41,1.0,Quincena_2
9000000473,0,63945.05,12,659.13,POS,20150511,US,POS,Lunes,11,19950202.0,342.0,F,Personal Plus,26.0,3200000.0,2200000.0,1,0.0,0.0,0.0,5,210.39,4552.41,1472.7,Quincena_1
9000000474,0,643967.08,20,659.13,POS,20150521,US,MCI,Jueves,21,20011022.0,230.0,F,Personal Plus,25.0,2200000.0,0.0,1,0.0,0.0,0.0,5,102.33,4552.41,2455.96,Quincena_2
9000000475,1,64417.05,22,459.14,POS,20150507,US,POS,Jueves,7,20020802.0,584.0,M,Preferencial,22.0,6166666.0,2000000.0,2,13657.23,4552.41,4552.41,9,129.67,4552.41,4279.03,Quincena_1
9000000476,0,65140.18,20,698.52,POS,20150515,US,MCI,Viernes,15,20040823.0,767.0,F,Personal Plus,28.0,4000000.0,2000000.0,1,0.0,0.0,0.0,4,586.85,4552.41,4107.94,Quincena_1
9000000477,0,661793.69,0,23.59,POS,20150513,US,MCI,Miercoles,13,20080917.0,693.0,M,Personal Plus,27.0,6500000.0,2000000.0,1,0.0,0.0,0.0,2,23.59,4552.41,141.52,Quincena_1
9000000478,0,67516.05,10,1.0,POS,20150507,US,POS,Jueves,7,20120524.0,601.0,M,Personal Plus,22.0,1200000.0,1000000.0,2,2087.82,1043.91,1043.91,1,0.0,4552.41,1.0,Quincena_1
9000000479,0,67569.04,9,25.02,POS,20150514,US,POS,Jueves,14,20050620.0,505.0,F,Personal Plus,27.0,3000000.0,500000.0,2,3237.1,1618.55,1618.55,4,17.6,4552.41,475.22,Quincena_1
9000000480,1,681232.5,17,1.0,ATM_INT,20150531,CR,ATM_INT,Domingo,31,20120120.0,175.0,M,Personal Plus,28.0,2754319.0,100000.0,1,0.0,0.0,0.0,1,0.0,1482.35,1.0,Quincena_2
9000000481,0,68715.05,18,70.8,POS,20150520,US,POS,Miercoles,20,20110726.0,640.0,M,Personal Plus,27.0,2400000.0,1500000.0,1,0.0,0.0,0.0,3,51.15,4552.41,204.59,Quincena_2
9000000482,0,68801.04,18,304.29,POS,20150506,PA,POS,Miercoles,6,20051101.0,574.0,F,Personal Plus,28.0,4255000.0,600000.0,4,25597.7,2133.14,7857.49,4,198.16,1043.91,2377.95,Quincena_1
9000000483,0,69803.02,17,70.8,POS,20150520,US,POS,Miercoles,20,20110726.0,640.0,M,Personal Plus,27.0,2400000.0,1500000.0,1,0.0,0.0,0.0,3,51.15,4552.41,204.59,Quincena_2
9000000484,0,69921.77,17,279.77,POS,20150515,US,MCI,Viernes,15,20110304.0,907.0,M,Personal Plus,24.0,2000000.0,0.0,5,27357.87,3908.27,7857.49,5,144.63,4552.41,1157.01,Quincena_1
9000000485,0,70492.3,21,243.62,POS,20150516,US,MCI,Sabado,16,20090925.0,634.0,F,Personal Plus,24.0,2000000.0,1500000.0,1,0.0,0.0,0.0,4,119.41,4552.41,716.44,Quincena_2
9000000486,1,71190.08,1,996.19,POS,20150528,BR,POS,Jueves,28,20091203.0,7.0,F,Personal Plus,27.0,3748000.0,1500000.0,1,0.0,0.0,0.0,6,306.16,21991.2,3673.96,Quincena_2
9000000487,0,71312.03,18,131.63,POS,20150515,US,POS,Viernes,15,20100315.0,693.0,F,Personal Plus,28.0,2450000.0,300000.0,1,0.0,0.0,0.0,4,55.18,4552.41,331.11,Quincena_1
9000000488,0,723523.57,16,1.0,ATM_INT,20150507,US,ATM_INT,Jueves,7,20100511.0,659.0,F,Personal,22.0,800000.0,700000.0,2,4552.41,4552.41,4552.41,1,0.0,4552.41,1.0,Quincena_1
9000000489,0,723556.62,2,243.62,POS,20150506,US,MCI,Miercoles,6,20061022.0,342.0,M,Personal Plus,29.0,1000000.0,0.0,2,13657.23,4552.41,4552.41,5,56.31,4552.41,732.07,Quincena_1
9000000490,0,723712.91,19,23.59,POS,20150503,US,MCI,Domingo,3,20000831.0,543.0,F,Personal,22.0,100000.0,0.0,2,4552.41,4552.41,4552.41,3,16.46,4552.41,65.86,Quincena_1
9000000491,0,723712.91,19,23.59,POS,20150503,US,MCI,Domingo,3,20000831.0,543.0,F,Personal,22.0,100000.0,0.0,2,4552.41,4552.41,4552.41,3,16.46,4552.41,65.86,Quincena_1
9000000492,0,727160.89,15,243.62,ATM_INT,20150504,US,ATM_INT,Lunes,4,20009198.120707244,416.426385583135,F,Personal Plus,40.010540632437944,14491037.206052363,8506309.151649099,1,0.0,0.0,0.0,3,213.36,4552.41,1706.9,Quincena_1
9000000493,0,728960.14,16,1.0,ATM_INT,20150501,US,ATM_INT,Viernes,1,20150110.0,297.0,M,Personal,21.0,500000.0,300000.0,2,4552.41,4552.41,4552.41,1,0.0,4552.41,1.0,Quincena_1
9000000494,0,730773.75,19,122.43,ATM_INT,20150516,US,ATM_INT,Sabado,16,20140205.0,788.0,M,Personal,19.0,200000.0,50000.0,1,0.0,0.0,0.0,3,83.9,4552.41,251.71,Quincena_2
9000000495,1,730773.75,18,659.13,ATM_INT,20150516,CR,ATM_INT,Sabado,16,20140514.0,13.0,F,Personal Plus,27.0,1550000.0,0.0,1,0.0,0.0,0.0,4,359.06,1482.35,2154.34,Quincena_2
9000000496,0,731305.19,15,1.0,ATM_INT,20150507,US,ATM_INT,Jueves,7,20100511.0,659.0,F,Personal,22.0,800000.0,700000.0,2,4552.41,4552.41,4552.41,1,0.0,4552.41,1.0,Quincena_1
9000000497,1,731383.13,13,123.61,ATM_INT,20150502,US,ATM_INT,Sabado,2,20120829.0,273.0,M,Personal Plus,24.0,2800000.0,1000000.0,1,0.0,0.0,0.0,3,39.31,4552.41,393.1,Quincena_1
9000000498,0,734981.63,22,339.58,ATM_INT,20150501,US,ATM_INT,Viernes,1,20070629.0,710.0,F,Personal Plus,27.0,1200000.0,500000.0,1,0.0,0.0,0.0,5,276.46,4552.41,5805.7,Quincena_1
9000000499,0,734981.63,22,339.58,ATM_INT,20150501,US,ATM_INT,Viernes,1,20070629.0,710.0,F,Personal Plus,27.0,1200000.0,500000.0,1,0.0,0.0,0.0,5,276.46,4552.41,5805.7,Quincena_1
9000000500,1,734981.63,19,1.0,ATM_INT,20150502,US,ATM_INT,Sabado,2,20070823.0,39.0,F,Personal,26.0,350000.0,300000.0,1,0.0,0.0,0.0,1,0.0,4552.41,1.0,Quincena_1
9000000501,1,734981.63,15,131.71,ATM_INT,20150503,US,ATM_INT,Domingo,3,20110614.0,42.0,F,Personal,27.0,950000.0,500000.0,1,0.0,0.0,0.0,2,131.71,4552.41,526.86,Quincena_1
9000000502,0,74800.06,10,188.55,POS,20150522,US,POS,Viernes,22,19970825.0,617.0,F,Personal Plus,25.0,2500000.0,200000.0,1,0.0,0.0,0.0,6,22.79,4552.41,615.27,Quincena_2
9000000503,0,75592.04,10,279.77,POS,20150515,US,POS,Viernes,15,20110304.0,907.0,M,Personal Plus,24.0,2000000.0,0.0,5,27357.87,3908.27,7857.49,5,144.63,4552.41,1157.01,Quincena_1
9000000504,0,758352.04,12,973.95,POS,20150518,US,POS,Lunes,18,20100722.0,230.0,F,Personal Plus,24.0,1840000.0,400000.0,1,0.0,0.0,0.0,6,101.02,4552.41,2222.36,Quincena_2
9000000505,0,76368.01,10,363.85,POS,20150516,US,POS,Sabado,16,20090625.0,551.0,F,Personal Plus,28.0,3300000.0,300000.0,1,0.0,0.0,0.0,6,69.66,4552.41,1393.25,Quincena_2
9000000506,0,77039.11,1,733.11,POS,20150520,US,MCI,Miercoles,20,20080617.0,32.0,F,Personal Plus,22.0,4000000.0,2000000.0,3,48002.68,5333.63,8455.65,4,236.03,4552.41,3068.4,Quincena_2
9000000507,0,791451.07,11,23.59,POS,20150524,US,POS,Domingo,24,20041230.0,438.0,M,PYME,26.0,60569982.0,55196483.0,1,0.0,0.0,0.0,5,10.71,4552.41,278.58,Quincena_2
9000000508,1,793420.8,21,733.11,ATM_INT,20150527,GB,ATM_INT,Miercoles,27,20080206.0,339.0,M,Personal Plus,26.0,2500000.0,800000.0,4,11798.09,3932.7,5734.6,4,268.41,8351.75,1610.44,Quincena_2
9000000509,0,79647.07,22,711.63,POS,20150524,US,POS,Domingo,24,20080717.0,442.0,F,Personal Plus,26.0,2500000.0,500000.0,2,3237.1,1618.55,1618.55,4,526.5,4552.41,4212.01,Quincena_2
9000000510,0,80207.09,10,188.55,POS,20150522,US,POS,Viernes,22,19970825.0,617.0,F,Personal Plus,25.0,2500000.0,200000.0,1,0.0,0.0,0.0,6,22.79,4552.41,615.27,Quincena_2
9000000511,0,809867.11,20,574.65,POS,20150515,US,MCI,Viernes,15,20021029.0,850.0,F,Preferencial,27.0,300000.0,300000.0,1,0.0,0.0,0.0,5,368.21,4552.41,2577.47,Quincena_1
9000000512,0,82146.14,16,240.94,POS,20150521,US,MCI,Jueves,21,20070207.0,42.0,F,Personal Plus,27.0,2500000.0,800000.0,2,13657.23,4552.41,4552.41,2,240.94,4552.41,481.89,Quincena_2
9000000513,0,82176.1,17,698.52,POS,20150515,US,MCI,Viernes,15,20040823.0,767.0,F,Personal Plus,28.0,4000000.0,2000000.0,1,0.0,0.0,0.0,4,586.85,4552.41,4107.94,Quincena_1
9000000514,0,82852.27,1,243.62,POS,20150507,US,MCI,Jueves,7,20090430.0,274.0,M,Personal Plus,28.0,4767691.0,50000.0,1,0.0,0.0,0.0,6,66.68,4552.41,2267.0,Quincena_1
9000000515,0,83385.42,17,659.13,POS,20150521,US,MCI,Jueves,21,20011022.0,230.0,F,Personal Plus,25.0,2200000.0,0.0,1,0.0,0.0,0.0,5,102.33,4552.41,2455.96,Quincena_2
9000000516,0,8676.75,0,243.62,POS,20150523,US,MCI,Sabado,23,20110923.0,551.0,F,Personal Plus,26.0,2383000.0,400000.0,1,0.0,0.0,0.0,4,92.18,4552.41,553.1,Quincena_2
9000000517,1,86933.93,1,243.62,POS,20150505,US,MCI,Martes,5,20101223.0,461.0,F,Personal Plus,27.0,2049584.0,600000.0,1,0.0,0.0,0.0,4,152.75,4552.41,916.48,Quincena_1
9000000518,0,89493.05,15,243.62,POS,20150523,US,POS,Sabado,23,20130207.0,342.0,F,Personal,25.0,300000.0,350000.0,1,0.0,0.0,0.0,3,133.6,4552.41,534.42,Quincena_2
9000000519,0,904857.05,14,659.13,POS,20150512,US,POS,Martes,12,19970422.0,662.0,M,Personal Plus,25.0,3600000.0,300000.0,2,18209.64,4552.41,4552.41,5,202.51,4552.41,1417.58,Quincena_1
9000000520,1,905224.09,0,1.0,ATM_INT,20150510,CR,ATM_INT,Domingo,10,20141009.0,788.0,M,Personal,25.0,0.0,0.0,1,0.0,0.0,0.0,1,0.0,1482.35,1.0,Quincena_1
9000000521,0,905605.88,19,461.26,ATM_INT,20150508,CR,ATM_INT,Viernes,8,20080709.0,153.0,F,Personal Plus,27.0,3600000.0,1700000.0,2,1482.35,1482.35,1482.35,8,113.97,1482.35,2963.29,Quincena_1
9000000522,0,90681.75,23,23.59,POS,20150503,US,MCI,Domingo,3,20000831.0,543.0,F,Personal,22.0,100000.0,0.0,2,4552.41,4552.41,4552.41,3,16.46,4552.41,65.86,Quincena_1
9000000523,1,92489.5,14,399.63,ATM_INT,20150516,CR,ATM_INT,Sabado,16,20111214.0,661.0,M,Personal,28.0,700000.0,100000.0,1,0.0,0.0,0.0,3,286.5,1482.35,1145.98,Quincena_2
9000000524,0,929609.04,22,13.67,POS,20150518,US,POS,Lunes,18,20080328.0,268.0,F,Personal,26.0,300000.0,100000.0,1,0.0,0.0,0.0,3,9.89,4552.41,69.21,Quincena_2
9000000525,0,93475.08,12,188.55,POS,20150522,US,POS,Viernes,22,19970825.0,617.0,F,Personal Plus,25.0,2500000.0,200000.0,1,0.0,0.0,0.0,6,22.79,4552.41,615.27,Quincena_2
9000000526,0,93740.28,4,243.62,POS,20150516,US,MCI,Sabado,16,20090925.0,634.0,F,Personal Plus,24.0,2000000.0,1500000.0,1,0.0,0.0,0.0,4,119.41,4552.41,716.44,Quincena_2
9000000527,0,95114.08,12,9.34,POS,20150515,US,POS,Viernes,15,20009198.120707244,416.426385583135,F,Personal Plus,40.010540632437944,14491037.206052363,8506309.151649099,2,4552.41,4552.41,4552.41,2,9.34,4552.41,9.34,Quincena_1
9000000528,1,954719.29,22,1217.57,ATM_INT,20150522,CR,ATM_INT,Viernes,22,20101012.0,582.0,F,Personal,28.0,154000.0,300000.0,4,29677.95,2967.8,3854.54,5,469.28,1482.35,3754.24,Quincena_2
9000000529,1,958583.85,14,659.13,ATM_INT,20150526,CR,ATM_INT,Martes,26,20080409.0,210.0,M,Personal Plus,29.0,2100000.0,310000.0,2,8616.02,4308.01,4308.01,5,342.47,1482.35,2739.72,Quincena_2
9000000530,1,96074.69,2,243.62,POS,20150505,US,MCI,Martes,5,20101223.0,461.0,F,Personal Plus,27.0,2049584.0,600000.0,1,0.0,0.0,0.0,4,152.75,4552.41,916.48,Quincena_1
9000000531,1,96150.74,5,23.31,ATM_INT,20150515,EC,ATM_INT,Viernes,15,20120117.0,191.0,F,Personal Plus,21.0,2600000.0,2000000.0,1,0.0,0.0,0.0,2,23.31,904.81,512.84,Quincena_1
9000000532,1,96391.82,18,243.62,ATM_INT,20150502,US,ATM_INT,Sabado,2,20010226.0,272.0,F,Personal,27.0,500000.0,200000.0,1,0.0,0.0,0.0,2,243.62,4552.41,487.24,Quincena_1
9000000533,0,969790.3,22,1.0,ATM_INT,20150513,US,ATM_INT,Miercoles,13,20009198.120707244,416.426385583135,F,Personal Plus,40.010540632437944,14491037.206052363,8506309.151649099,1,0.0,0.0,0.0,1,0.0,4552.41,1.0,Quincena_1
9000000534,1,974123.92,22,243.62,ATM_INT,20150528,US,ATM_INT,Jueves,28,20101130.0,259.0,M,Personal,23.0,0.0,0.0,1,0.0,0.0,0.0,4,173.25,4552.41,3464.92,Quincena_2
9000000535,1,975961.18,15,131.71,ATM_INT,20150503,US,ATM_INT,Domingo,3,20110614.0,42.0,F,Personal,27.0,950000.0,500000.0,1,0.0,0.0,0.0,2,131.71,4552.41,526.86,Quincena_1
9000000536,1,975961.18,19,1.0,ATM_INT,20150502,US,ATM_INT,Sabado,2,20070823.0,39.0,F,Personal,26.0,350000.0,300000.0,1,0.0,0.0,0.0,1,0.0,4552.41,1.0,Quincena_1
9000000537,1,975961.18,20,1.0,ATM_INT,20150502,US,ATM_INT,Sabado,2,20070606.0,612.0,F,Personal Plus,27.0,1200000.0,800000.0,2,9104.82,4552.41,4552.41,1,0.0,4552.41,1.0,Quincena_1
9000000538,1,978020.96,14,289.8,ATM_INT,20150505,US,ATM_INT,Martes,5,20070829.0,640.0,M,Personal Plus,28.0,5400000.0,2000000.0,1,0.0,0.0,0.0,4,122.62,4552.41,735.69,Quincena_1
9000000539,1,98903.97,1,243.62,POS,20150505,US,MCI,Martes,5,20101223.0,461.0,F,Personal Plus,27.0,2049584.0,600000.0,1,0.0,0.0,0.0,4,152.75,4552.41,916.48,Quincena_1
9000000540,0,98906.5,2,18.78,POS,20150519,US,MCI,Martes,19,20110503.0,298.0,F,Personal Plus,24.0,1660900.0,100000.0,1,0.0,0.0,0.0,3,10.92,4552.41,130.98,Quincena_2
9000000541,0,99033.07,17,1.0,POS,20150527,US,POS,Miercoles,27,20060330.0,86.0,F,Personal Plus,26.0,7000000.0,4500000.0,1,0.0,0.0,0.0,1,0.0,4552.41,1.0,Quincena_2
9000000542,0,99290.02,12,659.13,POS,20150521,US,POS,Jueves,21,20011022.0,230.0,F,Personal Plus,25.0,2200000.0,0.0,1,0.0,0.0,0.0,5,102.33,4552.41,2455.96,Quincena_2
9000000543,0,99767.05,10,1.0,POS,20150506,US,POS,Miercoles,6,20050603.0,571.0,M,Personal Plus,29.0,2900000.0,606500.0,1,0.0,0.0,0.0,1,0.0,4552.41,1.0,Quincena_1
2032906462,1,0.0,13,472.64,ATM_INT,20150501,US,ATM_INT,Viernes,1,20021216.0,85.0,F,Personal Plus,31.0,1600000.0,600000.0,1,0.0,0.0,0.0,2,472.64,4552.41,945.28,Quincena_1
2752707049,1,0.0,19,1.0,ATM_INT,20150521,US,ATM_INT,Jueves,21,19990916.0,640.0,F,Personal,35.0,0.0,0.0,1,0.0,0.0,0.0,1,0.0,4552.41,1.0,Quincena_2
2764559809,1,0.0,0,123.61,ATM_INT,20150503,US,ATM_INT,Domingo,3,20010115.0,666.0,F,Personal Plus,45.0,7600000.0,1400000.0,1,0.0,0.0,0.0,3,92.53,4552.41,370.11,Quincena_1
3019424111,1,0.0,18,48.19,ATM_INT,20150502,US,ATM_INT,Sabado,2,20070703.0,193.0,M,Personal Plus,55.0,2600000.0,1000000.0,1,0.0,0.0,0.0,2,48.19,4552.41,96.38,Quincena_1
31128270909,1,0.0,18,243.62,ATM_INT,20150502,US,ATM_INT,Sabado,2,20010226.0,272.0,F,Personal,27.0,500000.0,200000.0,1,0.0,0.0,0.0,2,243.62,4552.41,487.24,Quincena_1
323797516,1,0.0,13,1.0,ATM_INT,20150501,US,ATM_INT,Viernes,1,19910330.0,85.0,M,Personal,,0.0,0.0,1,0.0,0.0,0.0,1,0.0,4552.41,1.0,Quincena_1
3279644537,1,0.0,14,1.0,ATM_INT,20150502,PA,ATM_INT,Sabado,2,20140625.0,674.0,M,Personal Plus,41.0,6553000.0,3000000.0,1,0.0,0.0,0.0,1,0.0,1043.91,1.0,Quincena_1
3331970038,1,0.0,17,1.0,ATM_INT,20150515,US,ATM_INT,Viernes,15,20090923.0,829.0,F,Personal Plus,47.0,4000000.0,1000000.0,1,0.0,0.0,0.0,1,0.0,4552.41,1.0,Quincena_1
363797516,1,0.0,13,1.0,ATM_INT,20150501,US,ATM_INT,Viernes,1,19910330.0,85.0,M,Personal,,0.0,0.0,1,0.0,0.0,0.0,1,0.0,4552.41,1.0,Quincena_1
4045514688,1,0.0,15,626.82,ATM_INT,20150526,CR,ATM_INT,Martes,26,19950926.0,483.0,F,Personal Plus,41.0,4200000.0,0.0,1,0.0,0.0,0.0,5,299.1,1482.35,2991.05,Quincena_2
41053768175,1,0.0,13,659.13,ATM_INT,20150501,US,ATM_INT,Viernes,1,20120306.0,392.0,M,Personal Plus,29.0,1200000.0,1200000.0,1,0.0,0.0,0.0,6,474.94,4552.41,5224.36,Quincena_1
428033649,1,0.0,18,243.62,ATM_INT,20150525,US,ATM_INT,Lunes,25,20040830.0,375.0,M,Personal Plus,29.0,3000000.0,400000.0,2,9104.82,4552.41,4552.41,5,65.7,4552.41,722.74,Quincena_2
5143105229,1,0.0,2,672.94,ATM_INT,20150527,US,ATM_INT,Miercoles,27,19990508.0,311.0,F,Personal Plus,36.0,7000000.0,4000000.0,2,1809.62,904.81,904.81,8,202.0,4552.41,3231.97,Quincena_2
5279349191,1,0.0,0,1.0,ATM_INT,20150503,US,ATM_INT,Domingo,3,19940311.0,54.0,M,Personal Plus,50.0,4000000.0,2400000.0,1,0.0,0.0,0.0,1,0.0,4552.41,1.0,Quincena_1
5442547546,1,0.0,18,1.0,ATM_INT,20150530,US,ATM_INT,Sabado,30,20141226.0,763.0,F,Personal Plus,34.0,2000000.0,500000.0,3,7722.44,2574.15,3854.54,1,0.0,4552.41,1.0,Quincena_2
6043917578,1,0.0,2,19.32,ATM_INT,20150528,US,ATM_INT,Jueves,28,20120727.0,399.0,F,Emprendedor,31.0,4500000.0,0.0,1,0.0,0.0,0.0,4,13.6,4552.41,108.79,Quincena_2
613797516,1,0.0,13,1.0,ATM_INT,20150501,US,ATM_INT,Viernes,1,19910330.0,85.0,M,Personal,,0.0,0.0,1,0.0,0.0,0.0,1,0.0,4552.41,1.0,Quincena_1
6341531303,1,0.0,22,243.62,ATM_INT,20150518,US,ATM_INT,Lunes,18,19841220.0,233.0,F,Personal Plus,63.0,4000000.0,1000000.0,2,7709.08,3854.54,3854.54,4,161.32,4552.41,967.9,Quincena_2
6443917578,1,0.0,2,19.32,ATM_INT,20150528,US,ATM_INT,Jueves,28,20120727.0,399.0,F,Emprendedor,31.0,4500000.0,0.0,1,0.0,0.0,0.0,4,13.6,4552.41,108.79,Quincena_2
6579349191,1,0.0,0,1.0,ATM_INT,20150503,US,ATM_INT,Domingo,3,19940311.0,54.0,M,Personal Plus,50.0,4000000.0,2400000.0,1,0.0,0.0,0.0,1,0.0,4552.41,1.0,Quincena_1
7020281105,1,0.0,19,1.0,ATM_INT,20150502,US,ATM_INT,Sabado,2,19810622.0,30.0,F,Personal Plus,77.0,1500000.0,1500000.0,1,0.0,0.0,0.0,1,0.0,4552.41,1.0,Quincena_1
79315973,1,0.0,14,659.13,ATM_INT,20150502,PA,ATM_INT,Sabado,2,20070209.0,691.0,M,Personal Plus,54.0,10000000.0,6000000.0,2,7709.08,3854.54,3854.54,3,338.68,1043.91,1354.73,Quincena_1
8045514688,1,0.0,15,626.82,ATM_INT,20150526,CR,ATM_INT,Martes,26,19950926.0,483.0,F,Personal Plus,41.0,4200000.0,0.0,1,0.0,0.0,0.0,5,299.1,1482.35,2991.05,Quincena_2
8620281105,1,0.0,19,1.0,ATM_INT,20150502,US,ATM_INT,Sabado,2,19810622.0,30.0,F,Personal Plus,77.0,1500000.0,1500000.0,1,0.0,0.0,0.0,1,0.0,4552.41,1.0,Quincena_1
873192731,1,0.0,17,1.0,ATM_INT,20150518,CR,ATM_INT,Lunes,18,20090929.0,85.0,M,Personal Plus,32.0,1000000.0,600000.0,1,0.0,0.0,0.0,1,0.0,1482.35,1.0,Quincena_2
873797516,1,0.0,13,1.0,ATM_INT,20150501,US,ATM_INT,Viernes,1,19910330.0,85.0,M,Personal,,0.0,0.0,1,0.0,0.0,0.0,1,0.0,4552.41,1.0,Quincena_1
8743105229,1,0.0,2,672.94,ATM_INT,20150527,US,ATM_INT,Miercoles,27,19990508.0,311.0,F,Personal Plus,36.0,7000000.0,4000000.0,2,1809.62,904.81,904.81,8,202.0,4552.41,3231.97,Quincena_2
8842547546,1,0.0,18,1.0,ATM_INT,20150530,US,ATM_INT,Sabado,30,20141226.0,763.0,F,Personal Plus,34.0,2000000.0,500000.0,3,7722.44,2574.15,3854.54,1,0.0,4552.41,1.0,Quincena_2
88734639,1,0.0,12,698.52,ATM_INT,20150501,US,ATM_INT,Viernes,1,19950510.0,770.0,M,Personal Plus,51.0,4000000.0,3500000.0,1,0.0,0.0,0.0,3,632.81,4552.41,5695.31,Quincena_1
8938285936,1,0.0,4,97.1,ATM_INT,20150514,US,ATM_INT,Jueves,14,19930115.0,841.0,F,Emprendedor,43.0,1492687.0,300000.0,1,0.0,0.0,0.0,2,97.1,4552.41,388.39,Quincena_1
9122657942,1,0.0,19,662.36,ATM_INT,20150502,US,ATM_INT,Sabado,2,20130918.0,442.0,F,Personal Plus,33.0,1347777.0,635236.0,1,0.0,0.0,0.0,3,361.9,4552.41,1447.62,Quincena_1
9622657942,1,0.0,19,662.36,ATM_INT,20150502,US,ATM_INT,Sabado,2,20130918.0,442.0,F,Personal Plus,33.0,1347777.0,635236.0,1,0.0,0.0,0.0,3,361.9,4552.41,1447.62,Quincena_1
232335375,0,0.0,17,77.92,ATM_INT,20150523,US,ATM_INT,Sabado,23,19990317.0,259.0,F,Personal Plus,61.0,5700000.0,2500000.0,1,0.0,0.0,0.0,3,35.8,4552.41,1038.24,Quincena_2
2328899327,0,0.0,14,131.71,ATM_INT,20150528,US,ATM_INT,Jueves,28,19920521.0,68.0,F,Personal Plus,57.0,4205273.0,3300000.0,1,0.0,0.0,0.0,2,131.71,4552.41,2107.44,Quincena_2
291430124,0,0.0,22,1.0,ATM_INT,20150520,US,ATM_INT,Miercoles,20,20081121.0,206.0,M,Personal Plus,48.0,2300000.0,500000.0,1,0.0,0.0,0.0,1,0.0,4552.41,1.0,Quincena_2
3052856603,0,0.0,19,1.0,ATM_INT,20150502,US,ATM_INT,Sabado,2,20150212.0,33.0,F,Personal Plus,34.0,6000000.0,2000000.0,2,4552.41,4552.41,4552.41,1,0.0,4552.41,1.0,Quincena_1
3322431501,0,0.0,17,1.0,ATM_INT,20150504,US,ATM_INT,Lunes,4,20141219.0,777.0,F,Personal Plus,59.0,6400000.0,0.0,1,0.0,0.0,0.0,1,0.0,4552.41,1.0,Quincena_1
3643578575,0,0.0,15,461.26,ATM_INT,20150512,US,ATM_INT,Martes,12,20130327.0,432.0,F,Emprendedor,41.0,10000000.0,10000000.0,1,0.0,0.0,0.0,3,148.9,4552.41,1191.19,Quincena_1
4041771960,0,0.0,16,243.62,ATM_INT,20150521,US,ATM_INT,Jueves,21,20091015.0,29.0,F,Personal Plus,55.0,6000000.0,1500000.0,1,0.0,0.0,0.0,7,96.85,4552.41,1646.41,Quincena_2
5079865608,0,0.0,22,294.43,ATM_INT,20150528,US,ATM_INT,Jueves,28,20130713.0,585.0,M,Personal Plus,38.0,5000000.0,2000000.0,1,0.0,0.0,0.0,2,294.43,4552.41,588.86,Quincena_2
5237712107,0,0.0,22,7.94,ATM_INT,20150523,US,ATM_INT,Sabado,23,19960913.0,20.0,F,Personal Plus,36.0,3000000.0,1000000.0,1,0.0,0.0,0.0,2,7.94,4552.41,7.94,Quincena_2
6542872834,0,0.0,17,12.01,ATM_INT,20150526,US,ATM_INT,Martes,26,19870605.0,21.0,F,Personal Plus,54.0,3000000.0,2200000.0,1,0.0,0.0,0.0,2,12.01,4552.41,72.08,Quincena_2
6716732570,0,0.0,16,26.82,ATM_INT,20150522,US,ATM_INT,Viernes,22,19940315.0,722.0,M,Personal Plus,48.0,5180000.0,1600000.0,1,0.0,0.0,0.0,2,26.82,4552.41,53.64,Quincena_2
673167643,0,0.0,18,1.0,ATM_INT,20150530,US,ATM_INT,Sabado,30,20070817.0,602.0,M,Personal Plus,41.0,6000000.0,6000000.0,1,0.0,0.0,0.0,1,0.0,4552.41,1.0,Quincena_2
6934322911,0,0.0,16,277.48,ATM_INT,20150512,US,ATM_INT,Martes,12,20060927.0,784.0,F,Personal Plus,31.0,1300000.0,800000.0,1,0.0,0.0,0.0,4,154.6,4552.41,1082.19,Quincena_1
7379865608,0,0.0,22,294.43,ATM_INT,20150528,US,ATM_INT,Jueves,28,20130713.0,585.0,M,Personal Plus,38.0,5000000.0,2000000.0,1,0.0,0.0,0.0,2,294.43,4552.41,588.86,Quincena_2
81152695201,0,0.0,17,1.0,ATM_INT,20150505,US,ATM_INT,Martes,5,20140625.0,2.0,F,Personal,21.0,300000.0,0.0,2,4552.41,4552.41,4552.41,1,0.0,4552.41,1.0,Quincena_1
8879865608,0,0.0,22,294.43,ATM_INT,20150528,US,ATM_INT,Jueves,28,20130713.0,585.0,M,Personal Plus,38.0,5000000.0,2000000.0,1,0.0,0.0,0.0,2,294.43,4552.41,588.86,Quincena_2
9222669174,0,0.0,12,741.95,ATM_INT,20150527,US,ATM_INT,Miercoles,27,20000711.0,640.0,F,Personal Plus,33.0,6057000.0,0.0,1,0.0,0.0,0.0,3,506.81,4552.41,9122.55,Quincena_2
9371786550,0,0.0,19,9.53,ATM_INT,20150502,US,ATM_INT,Sabado,2,20060621.0,379.0,M,Personal,39.0,0.0,0.0,1,0.0,0.0,0.0,3,9.43,4552.41,37.74,Quincena_1
8898712664,0,8262.0,9,461.26,POS,20150512,US,POS,Martes,12,20040610.0,21.0,M,Preferencial,30.0,4500000.0,1300000.0,1,0.0,0.0,0.0,8,125.25,4552.41,3506.89,Quincena_1
7642791775,0,21141.0,20,1.0,POS,20150521,PA,POS,Jueves,21,19960521.0,543.0,F,Personal Plus,43.0,10450000.0,1000000.0,1,0.0,0.0,0.0,1,0.0,1043.91,1.0,Quincena_2
3332638956,0,24147.0,14,1.0,POS,20150525,US,POS,Lunes,25,19830728.0,769.0,F,Personal Plus,59.0,6000000.0,5000000.0,1,0.0,0.0,0.0,1,0.0,4552.41,1.0,Quincena_2
6753031247,1,24347.0,1,163.64,ATM_INT,20150517,EC,ATM_INT,Domingo,17,20091015.0,246.0,F,Personal Plus,30.0,1350000.0,840000.0,1,0.0,0.0,0.0,4,67.13,904.81,402.77,Quincena_2
910934535,0,25093.0,18,279.77,POS,20150525,US,POS,Lunes,25,19970717.0,259.0,M,Personal Plus,35.0,12400000.0,5900000.0,2,13657.23,4552.41,4552.41,3,107.68,4552.41,1184.46,Quincena_2
5810027282,0,25448.0,10,243.62,POS,20150516,US,POS,Sabado,16,19961204.0,116.0,M,Preferencial,39.0,20500000.0,5000000.0,1,0.0,0.0,0.0,5,157.33,4552.41,3461.37,Quincena_2
3871219488,0,25790.0,17,243.62,POS,20150525,DO,POS,Lunes,25,20040110.0,319.0,M,Personal Plus,35.0,2100000.0,700000.0,1,0.0,0.0,0.0,4,41.59,1674.2,623.78,Quincena_2
303100947,0,28056.0,20,659.13,POS,20150511,US,POS,Lunes,11,19940928.0,699.0,M,Preferencial,54.0,15326300.0,10000000.0,2,7709.08,3854.54,3854.54,6,212.13,4552.41,2121.26,Quincena_1
6016794913,0,28462.0,20,782.14,POS,20150503,US,POS,Domingo,3,20070615.0,749.0,M,Personal Plus,43.0,5300000.0,2300000.0,2,18209.64,4552.41,4552.41,3,525.58,4552.41,1576.74,Quincena_1
6916794913,0,28462.0,20,782.14,POS,20150503,US,POS,Domingo,3,20070615.0,749.0,M,Personal Plus,43.0,5300000.0,2300000.0,2,18209.64,4552.41,4552.41,3,525.58,4552.41,1576.74,Quincena_1
7215388284,0,28603.0,10,330.51,POS,20150524,US,POS,Domingo,24,20020128.0,935.0,M,Personal Plus,31.0,4000000.0,2000000.0,1,0.0,0.0,0.0,7,73.32,4552.41,1613.14,Quincena_2
8936454887,0,35460.0,10,626.82,POS,20150517,US,POS,Domingo,17,20050426.0,487.0,F,Personal Plus,34.0,4580000.0,1000000.0,3,10076.05,3358.68,4552.41,2,626.82,4552.41,1253.63,Quincena_2
5343577571,0,41600.0,14,1.0,POS,20150503,US,POS,Domingo,3,19940707.0,16.0,F,Personal Plus,42.0,2098000.0,1500000.0,2,9104.82,4552.41,4552.41,1,0.0,4552.41,1.0,Quincena_1
9243577571,0,41600.0,14,1.0,POS,20150503,US,POS,Domingo,3,19940707.0,16.0,F,Personal Plus,42.0,2098000.0,1500000.0,2,9104.82,4552.41,4552.41,1,0.0,4552.41,1.0,Quincena_1
7053084699,0,42028.0,20,48.49,POS,20150502,US,POS,Sabado,2,20091109.0,48.0,F,Personal Plus,29.0,2900000.0,1300000.0,3,37210.03,12403.34,16328.81,3,31.7,4552.41,190.23,Quincena_1
8353084699,0,42028.0,20,48.49,POS,20150502,US,POS,Sabado,2,20091109.0,48.0,F,Personal Plus,29.0,2900000.0,1300000.0,3,37210.03,12403.34,16328.81,3,31.7,4552.41,190.23,Quincena_1
2571797668,0,48711.0,22,28.64,POS,20150522,US,POS,Viernes,22,20110215.0,310.0,M,Emprendedor,35.0,2500000.0,900000.0,1,0.0,0.0,0.0,2,28.64,4552.41,57.28,Quincena_2
2653008141,0,58301.0,0,1.0,POS,20150519,US,MCI,Martes,19,20040616.0,180.0,F,Personal Plus,31.0,8463000.0,1680000.0,2,18209.64,4552.41,4552.41,1,0.0,4552.41,1.0,Quincena_2
7555301991,0,58975.0,13,61.45,POS,20150520,US,POS,Miercoles,20,20030117.0,167.0,F,Emprendedor,31.0,7394000.0,3500000.0,2,9104.82,4552.41,4552.41,2,61.45,4552.41,553.03,Quincena_2
3763329763,0,60353.0,15,733.11,POS,20150519,US,MCI,Martes,19,19910405.0,20.0,F,Personal Plus,49.0,3500000.0,1000000.0,1,0.0,0.0,0.0,5,31.05,4552.41,2608.12,Quincena_2
26900329151,0,64457.0,19,330.51,POS,20150516,US,MCI,Sabado,16,20120821.0,850.0,M,PYME,32.0,8321600.0,2084666.0,1,0.0,0.0,0.0,8,148.43,4552.41,3710.79,Quincena_2
916782603,0,66443.0,16,304.29,POS,20150501,US,MCI,Viernes,1,19950804.0,737.0,M,Preferencial,45.0,7663500.0,8000000.0,2,4886.27,2443.14,2443.14,2,304.29,4552.41,608.58,Quincena_1
2543049437,0,68991.0,16,12.01,POS,20150502,US,POS,Sabado,2,19940601.0,310.0,F,Personal Plus,53.0,1500000.0,500000.0,2,27314.46,4552.41,4552.41,3,9.1,4552.41,45.52,Quincena_1
7743049437,0,68991.0,16,12.01,POS,20150502,US,POS,Sabado,2,19940601.0,310.0,F,Personal Plus,53.0,1500000.0,500000.0,2,27314.46,4552.41,4552.41,3,9.1,4552.41,45.52,Quincena_1
798560697,0,70705.0,17,340.09,POS,20150519,US,POS,Martes,19,19951020.0,310.0,M,Personal Plus,42.0,3000000.0,1750000.0,1,0.0,0.0,0.0,4,116.28,4552.41,1046.53,Quincena_2
6379485319,1,73631.0,21,782.14,POS,20150512,US,POS,Martes,12,20010316.0,272.0,M,PYME,46.0,10000000.0,10000000.0,5,37088.92,4636.11,12485.51,15,257.87,4552.41,8767.46,Quincena_1
2871777582,0,76607.0,11,273.76,POS,20150516,US,POS,Sabado,16,19971029.0,310.0,M,Personal Plus,39.0,6000000.0,2000000.0,2,18209.64,4552.41,4552.41,3,106.98,4552.41,641.87,Quincena_2
2252798818,0,77994.0,15,1.0,POS,20150502,US,POS,Sabado,2,20040225.0,45.0,F,Personal Plus,35.0,2868320.0,1000000.0,1,0.0,0.0,0.0,1,0.0,4552.41,1.0,Quincena_1
8252798818,0,77994.0,15,1.0,POS,20150502,US,POS,Sabado,2,20040225.0,45.0,F,Personal Plus,35.0,2868320.0,1000000.0,1,0.0,0.0,0.0,1,0.0,4552.41,1.0,Quincena_1
9513747600,0,80132.0,13,294.43,POS,20150526,PA,POS,Martes,26,20020208.0,793.0,M,Personal Plus,34.0,4000000.0,2000000.0,1,0.0,0.0,0.0,3,274.96,1043.91,824.89,Quincena_2
3380190531,0,86591.0,13,659.13,POS,20150501,US,POS,Viernes,1,20070726.0,612.0,M,Personal Plus,30.0,8300000.0,2000000.0,4,33020.88,8255.22,14582.27,6,214.78,4552.41,2362.55,Quincena_1
7080190531,0,86591.0,13,659.13,POS,20150501,US,POS,Viernes,1,20070726.0,612.0,M,Personal Plus,30.0,8300000.0,2000000.0,4,33020.88,8255.22,14582.27,6,214.78,4552.41,2362.55,Quincena_1
7022802602,0,93260.0,13,659.13,POS,20150515,US,POS,Viernes,15,20010322.0,93.0,F,Personal Plus,35.0,6500000.0,2000000.0,2,9104.82,4552.41,4552.41,4,464.36,4552.41,1857.46,Quincena_1
172346483,0,100283.0,22,614.04,POS,20150515,PA,POS,Viernes,15,20010903.0,692.0,M,Personal Plus,30.0,2500000.0,200000.0,1,0.0,0.0,0.0,2,614.04,1043.91,1228.07,Quincena_1
8932299532,0,101749.0,18,23.59,POS,20150515,US,POS,Viernes,15,20100831.0,693.0,F,Preferencial,30.0,17600000.0,3500000.0,1,0.0,0.0,0.0,4,13.57,4552.41,108.57,Quincena_1
3643255725,0,117085.0,14,23.59,POS,20150517,US,POS,Domingo,17,20040116.0,542.0,F,Personal Plus,33.0,2500000.0,1000000.0,1,0.0,0.0,0.0,4,14.26,4552.41,171.07,Quincena_2
2671737346,0,120909.0,20,604.69,POS,20150503,US,MCI,Domingo,3,19970709.0,267.0,M,Preferencial,42.0,20000000.0,18000000.0,3,5265.86,1053.17,1162.89,5,122.32,4552.41,3058.06,Quincena_1
8771737346,0,120909.0,20,604.69,POS,20150503,US,MCI,Domingo,3,19970709.0,267.0,M,Preferencial,42.0,20000000.0,18000000.0,3,5265.86,1053.17,1162.89,5,122.32,4552.41,3058.06,Quincena_1
179901941,1,128711.0,16,1217.57,POS,20150529,US,MCI,Viernes,29,20131202.0,31.0,M,Personal Plus,37.0,6760000.0,500000.0,1,0.0,0.0,0.0,15,190.49,4552.41,4952.61,Quincena_2
2879901941,1,128711.0,16,1217.57,POS,20150529,US,MCI,Viernes,29,20131202.0,31.0,M,Personal Plus,37.0,6760000.0,500000.0,1,0.0,0.0,0.0,15,190.49,4552.41,4952.61,Quincena_2
5379901941,1,128711.0,16,1217.57,POS,20150529,US,MCI,Viernes,29,20131202.0,31.0,M,Personal Plus,37.0,6760000.0,500000.0,1,0.0,0.0,0.0,15,190.49,4552.41,4952.61,Quincena_2
6579901941,1,128711.0,16,1217.57,POS,20150529,US,MCI,Viernes,29,20131202.0,31.0,M,Personal Plus,37.0,6760000.0,500000.0,1,0.0,0.0,0.0,15,190.49,4552.41,4952.61,Quincena_2
8779901941,1,128711.0,16,1217.57,POS,20150529,US,MCI,Viernes,29,20131202.0,31.0,M,Personal Plus,37.0,6760000.0,500000.0,1,0.0,0.0,0.0,15,190.49,4552.41,4952.61,Quincena_2
9679901941,1,128711.0,16,1217.57,POS,20150529,US,MCI,Viernes,29,20131202.0,31.0,M,Personal Plus,37.0,6760000.0,500000.0,1,0.0,0.0,0.0,15,190.49,4552.41,4952.61,Quincena_2
4334042926,0,134399.0,22,1.0,POS,20150516,US,POS,Sabado,16,20061219.0,60.0,F,Personal Plus,59.0,4000000.0,0.0,1,0.0,0.0,0.0,1,0.0,4552.41,1.0,Quincena_2
1643868634,0,139304.0,21,470.32,POS,20150501,PA,POS,Viernes,1,20060914.0,275.0,F,Personal Plus,35.0,9100000.0,3300000.0,1,0.0,0.0,0.0,7,110.47,1043.91,4860.72,Quincena_1
5943868634,0,139304.0,21,470.32,POS,20150501,PA,POS,Viernes,1,20060914.0,275.0,F,Personal Plus,35.0,9100000.0,3300000.0,1,0.0,0.0,0.0,7,110.47,1043.91,4860.72,Quincena_1
3039781810,0,152000.0,11,733.11,POS,20150502,PR,POS,Sabado,2,19950328.0,688.0,F,Personal Plus,45.0,2500000.0,500000.0,1,0.0,0.0,0.0,2,733.11,1693.74,1466.21,Quincena_1
5139781810,0,152000.0,11,733.11,POS,20150502,PR,POS,Sabado,2,19950328.0,688.0,F,Personal Plus,45.0,2500000.0,500000.0,1,0.0,0.0,0.0,2,733.11,1693.74,1466.21,Quincena_1
265820559,0,159033.0,23,733.11,POS,20150517,US,POS,Domingo,17,20010601.0,42.0,F,Personal Plus,32.0,4302540.0,800000.0,2,9104.82,4552.41,4552.41,5,187.96,4552.41,2443.42,Quincena_2
1316482214,0,162028.0,13,25.02,POS,20150515,US,POS,Viernes,15,20000530.0,728.0,M,Personal Plus,52.0,3391993.0,0.0,2,9104.82,4552.41,4552.41,2,25.02,4552.41,50.04,Quincena_1
6843220276,0,176458.0,18,19.57,POS,20150529,AW,POS,Viernes,29,19960830.0,543.0,F,Personal Plus,37.0,3500000.0,1500000.0,2,9104.82,4552.41,4552.41,4,12.69,971.23,88.83,Quincena_2
5852997899,0,187391.0,15,235.64,POS,20150501,US,POS,Viernes,1,20050729.0,180.0,F,Personal Plus,30.0,3500000.0,853000.0,2,3237.1,1618.55,1618.55,5,76.22,4552.41,609.73,Quincena_1
7352997899,0,187391.0,15,235.64,POS,20150501,US,POS,Viernes,1,20050729.0,180.0,F,Personal Plus,30.0,3500000.0,853000.0,2,3237.1,1618.55,1618.55,5,76.22,4552.41,609.73,Quincena_1
775095449,1,203409.0,18,167.78,ATM_INT,20150518,US,ATM_INT,Lunes,18,20050315.0,59.0,M,Personal Plus,34.0,2500000.0,2000000.0,1,0.0,0.0,0.0,2,167.78,4552.41,671.13,Quincena_2
2343221514,0,206428.0,17,183.96,POS,20150516,US,POS,Sabado,16,20050920.0,267.0,F,Personal Plus,29.0,4130760.0,2500000.0,2,13657.23,4552.41,4552.41,4,94.25,4552.41,471.25,Quincena_2
7098712664,0,211201.0,10,461.26,POS,20150512,US,POS,Martes,12,20040610.0,21.0,M,Preferencial,30.0,4500000.0,1300000.0,1,0.0,0.0,0.0,8,125.25,4552.41,3506.89,Quincena_1
5679693572,0,227295.0,18,48.19,POS,20150526,US,POS,Martes,26,19970617.0,42.0,M,Personal Plus,41.0,6000000.0,4000000.0,3,10914.44,2728.61,4552.41,3,37.17,4552.41,111.52,Quincena_2
6837924747,0,233831.0,7,614.04,POS,20150521,US,POS,Jueves,21,19891001.0,210.0,F,Preferencial,53.0,49600000.0,5000000.0,2,18209.64,4552.41,4552.41,3,577.37,4552.41,14434.25,Quincena_2
8479912445,0,238949.0,0,179.83,POS,20150518,US,POS,Lunes,18,20130314.0,227.0,M,Personal Plus,37.0,5800000.0,1500000.0,3,10946.17,2736.54,3854.54,2,179.83,4552.41,359.65,Quincena_2
9171755730,0,238949.0,1,299.9,POS,20150516,US,POS,Sabado,16,20041020.0,536.0,M,Emprendedor,40.0,5000000.0,1500000.0,1,0.0,0.0,0.0,7,175.93,4552.41,2111.13,Quincena_2
8652956578,1,239022.0,23,1.0,ATM_INT,20150521,PH,ATM_INT,Jueves,21,20101027.0,54.0,F,Personal Plus,31.0,3000000.0,500000.0,3,12573.96,3143.49,4552.41,1,0.0,17592.42,1.0,Quincena_2
9552956578,1,239022.0,23,1.0,ATM_INT,20150521,PH,ATM_INT,Jueves,21,20101027.0,54.0,F,Personal Plus,31.0,3000000.0,500000.0,3,12573.96,3143.49,4552.41,1,0.0,17592.42,1.0,Quincena_2
271631957,1,250337.0,5,293.7,POS,20150522,US,POS,Viernes,22,19910117.0,245.0,M,PYME,52.0,8000000.0,8000000.0,1,0.0,0.0,0.0,7,47.83,4552.41,2965.36,Quincena_2
4119250764,0,250337.0,17,31.86,POS,20150522,US,POS,Viernes,22,20020506.0,602.0,M,Personal Plus,61.0,2185211.0,500000.0,3,54793.61,6088.18,6526.97,2,31.86,4552.41,63.72,Quincena_2
598662117,0,252203.0,13,238.8,POS,20150502,US,POS,Sabado,2,19980224.0,29.0,M,Personal Plus,38.0,8400000.0,4600000.0,3,5324.92,1331.23,1618.55,4,52.33,4552.41,313.99,Quincena_1
8698662117,0,252203.0,13,238.8,POS,20150502,US,POS,Sabado,2,19980224.0,29.0,M,Personal Plus,38.0,8400000.0,4600000.0,3,5324.92,1331.23,1618.55,4,52.33,4552.41,313.99,Quincena_1
9345493221,0,253010.0,15,659.13,POS,20150511,US,POS,Lunes,11,19960214.0,210.0,F,Preferencial,44.0,4770333.0,1700000.0,1,0.0,0.0,0.0,2,659.13,4552.41,1318.26,Quincena_1
5852779428,1,257422.0,1,1.0,POS,20150529,US,MCI,Viernes,29,20050627.0,932.0,F,Personal Plus,31.0,5040000.0,200000.0,1,0.0,0.0,0.0,1,0.0,4552.41,1.0,Quincena_2
7452403292,0,263701.0,12,221.58,POS,20150524,US,POS,Domingo,24,20030303.0,304.0,F,Personal Plus,39.0,7000000.0,5000000.0,1,0.0,0.0,0.0,2,221.58,4552.41,443.16,Quincena_2
8370720153,0,273118.0,13,340.09,POS,20150514,PA,POS,Jueves,14,19970503.0,672.0,M,Preferencial,59.0,10501000.0,4978000.0,1,0.0,0.0,0.0,6,89.16,1043.91,2585.65,Quincena_1
3672284933,0,273501.0,11,733.11,POS,20150518,US,POS,Lunes,18,20070103.0,248.0,M,Personal Plus,31.0,8000000.0,1500000.0,1,0.0,0.0,0.0,7,197.69,4552.41,4349.19,Quincena_2
5237924747,0,282424.0,7,614.04,POS,20150521,US,POS,Jueves,21,19891001.0,210.0,F,Preferencial,53.0,49600000.0,5000000.0,2,18209.64,4552.41,4552.41,3,577.37,4552.41,14434.25,Quincena_2
345493221,0,301674.0,11,659.13,POS,20150511,US,POS,Lunes,11,19960214.0,210.0,F,Preferencial,44.0,4770333.0,1700000.0,1,0.0,0.0,0.0,2,659.13,4552.41,1318.26,Quincena_1
2543255725,0,311016.0,12,23.59,POS,20150517,US,POS,Domingo,17,20040116.0,542.0,F,Personal Plus,33.0,2500000.0,1000000.0,1,0.0,0.0,0.0,4,14.26,4552.41,171.07,Quincena_2
2337924747,0,311164.0,9,614.04,POS,20150521,US,POS,Jueves,21,19891001.0,210.0,F,Preferencial,53.0,49600000.0,5000000.0,2,18209.64,4552.41,4552.41,3,577.37,4552.41,14434.25,Quincena_2
3124807411,0,316019.0,15,191.46,POS,20150529,US,POS,Viernes,29,19930510.0,333.0,F,Emprendedor,51.0,213202263.0,166246440.0,1,0.0,0.0,0.0,6,55.28,4552.41,1050.26,Quincena_2
143580980,0,335114.0,0,340.09,POS,20150520,US,MCI,Miercoles,20,19941025.0,738.0,F,Preferencial,41.0,25000000.0,22000000.0,2,18209.64,4552.41,4552.41,6,67.96,4552.41,1019.33,Quincena_2
4712647085,0,351012.0,23,652.6,POS,20150530,US,POS,Sabado,30,20050408.0,524.0,M,Preferencial,35.0,8200000.0,200000.0,2,18209.64,4552.41,4552.41,7,317.76,4552.41,7626.26,Quincena_2
10052521511,0,353979.0,15,1.0,POS,20150517,US,POS,Domingo,17,20031219.0,37.0,F,Emprendedor,37.0,1500000.0,300000.0,2,9104.82,4552.41,4552.41,1,0.0,4552.41,1.0,Quincena_2
8971670260,0,359037.0,17,15.94,POS,20150505,US,POS,Martes,5,19930717.0,161.0,M,Personal Plus,49.0,2837146.0,1200000.0,1,0.0,0.0,0.0,2,15.94,4552.41,95.62,Quincena_1
8273167643,0,378645.0,11,1.0,POS,20150530,US,POS,Sabado,30,20070817.0,602.0,M,Personal Plus,41.0,6000000.0,6000000.0,1,0.0,0.0,0.0,1,0.0,4552.41,1.0,Quincena_2
9698667380,0,392212.0,16,243.62,POS,20150505,US,POS,Martes,5,19990819.0,277.0,M,Preferencial,36.0,8000000.0,4500000.0,2,9104.82,4552.41,4552.41,5,20.06,4552.41,782.22,Quincena_1
7832487306,0,455413.0,9,1.0,POS,20150522,US,POS,Viernes,22,19990715.0,613.0,F,Personal Plus,62.0,1785000.0,0.0,1,0.0,0.0,0.0,1,0.0,4552.41,1.0,Quincena_2
5053000217,1,488451.0,12,1.0,POS,20150529,US,POS,Viernes,29,20100219.0,231.0,F,Personal Plus,30.0,1800000.0,700000.0,1,0.0,0.0,0.0,1,0.0,4552.41,1.0,Quincena_2
2643049437,0,519809.0,14,12.01,POS,20150502,US,POS,Sabado,2,19940601.0,310.0,F,Personal Plus,53.0,1500000.0,500000.0,2,27314.46,4552.41,4552.41,3,9.1,4552.41,45.52,Quincena_1
4243049437,0,519809.0,14,12.01,POS,20150502,US,POS,Sabado,2,19940601.0,310.0,F,Personal Plus,53.0,1500000.0,500000.0,2,27314.46,4552.41,4552.41,3,9.1,4552.41,45.52,Quincena_1
874981040,1,527201.0,19,698.52,POS,20150509,US,POS,Sabado,9,19990727.0,516.0,M,Personal Plus,33.0,1500000.0,800000.0,1,0.0,0.0,0.0,2,698.52,4552.41,1397.05,Quincena_1
3872344448,0,527646.0,14,1.0,ATM_INT,20150530,US,ATM_INT,Sabado,30,20040310.0,483.0,M,Personal Plus,30.0,30000000.0,0.0,2,31866.87,4552.41,4552.41,1,0.0,4552.41,1.0,Quincena_2
34371354,0,560142.0,13,671.25,POS,20150512,US,POS,Martes,12,20090831.0,248.0,M,Preferencial,51.0,33550000.0,1000000.0,2,5231.32,1743.77,1743.77,3,601.43,4552.41,16840.17,Quincena_1
8279951442,0,573206.0,9,498.04,POS,20150501,US,POS,Viernes,1,20040820.0,586.0,M,Personal Plus,36.0,2800000.0,1600000.0,2,4552.41,4552.41,4552.41,5,195.83,4552.41,2349.94,Quincena_1
9579951442,0,573206.0,9,498.04,POS,20150501,US,POS,Viernes,1,20040820.0,586.0,M,Personal Plus,36.0,2800000.0,1600000.0,2,4552.41,4552.41,4552.41,5,195.83,4552.41,2349.94,Quincena_1
5372284933,0,611566.0,10,733.11,POS,20150518,US,POS,Lunes,18,20070103.0,248.0,M,Personal Plus,31.0,8000000.0,1500000.0,1,0.0,0.0,0.0,7,197.69,4552.41,4349.19,Quincena_2
1453177089,0,671084.0,17,659.13,POS,20150527,PR,POS,Miercoles,27,20050228.0,652.0,F,Preferencial,29.0,12000000.0,3465000.0,4,50903.3,3635.95,4552.41,5,359.0,1693.74,6102.98,Quincena_2
4052702076,0,713645.0,17,1.0,POS,20150517,DO,POS,Domingo,17,20050214.0,363.0,F,Personal Plus,36.0,3000000.0,1000000.0,1,0.0,0.0,0.0,1,0.0,1674.2,1.0,Quincena_2
1971266576,0,722006.0,18,996.19,POS,20150504,US,POS,Lunes,4,20060511.0,2.0,M,Personal Plus,33.0,5000000.0,0.0,2,9104.82,4552.41,4552.41,5,420.44,4552.41,3783.99,Quincena_1
6171266576,0,722006.0,18,996.19,POS,20150504,US,POS,Lunes,4,20060511.0,2.0,M,Personal Plus,33.0,5000000.0,0.0,2,9104.82,4552.41,4552.41,5,420.44,4552.41,3783.99,Quincena_1
4915242759,0,724236.0,14,996.19,POS,20150519,US,MCI,Martes,19,19820924.0,348.0,M,Preferencial,56.0,17000000.0,8000000.0,5,106664.24,6274.37,9032.69,5,490.91,4552.41,7363.69,Quincena_2
6915242759,0,724236.0,14,996.19,POS,20150519,US,MCI,Martes,19,19820924.0,348.0,M,Preferencial,56.0,17000000.0,8000000.0,5,106664.24,6274.37,9032.69,5,490.91,4552.41,7363.69,Quincena_2
1716256200,0,759402.0,16,292.27,ATM_INT,20150521,US,ATM_INT,Jueves,21,19980327.0,19.0,M,Personal Plus,57.0,3200000.0,2100000.0,1,0.0,0.0,0.0,6,32.08,4552.41,898.29,Quincena_2
6570557880,1,772869.0,17,243.62,POS,20150530,US,MCI,Sabado,30,19860801.0,600.0,M,Preferencial,52.0,23000000.0,9707000.0,2,3237.1,1618.55,1618.55,3,32.77,4552.41,655.4,Quincena_2
5342999373,1,803081.0,10,574.65,POS,20150522,US,POS,Viernes,22,19810112.0,600.0,F,Preferencial,54.0,20000000.0,14550000.0,2,6474.2,1618.55,1618.55,12,188.68,4552.41,4528.21,Quincena_2
8553000217,1,814102.0,12,1.0,POS,20150529,US,POS,Viernes,29,20100219.0,231.0,F,Personal Plus,30.0,1800000.0,700000.0,1,0.0,0.0,0.0,1,0.0,4552.41,1.0,Quincena_2
3953009651,1,828648.0,18,1.0,ATM_INT,20150530,US,ATM_INT,Sabado,30,20120201.0,71.0,F,Personal Plus,31.0,2000000.0,1200000.0,1,0.0,0.0,0.0,1,0.0,4552.41,1.0,Quincena_2
9452387545,1,855264.0,0,659.13,POS,20150507,HN,MCI,Jueves,7,20060330.0,304.0,F,Personal Plus,37.0,6000000.0,6000000.0,1,0.0,0.0,0.0,3,481.71,2004.01,1926.84,Quincena_1
5819382599,0,925607.0,17,1.0,POS,20150512,US,POS,Martes,12,20020212.0,237.0,M,Personal Plus,37.0,15000000.0,8000000.0,1,0.0,0.0,0.0,1,0.0,4552.41,1.0,Quincena_1
1022432473,0,952612.0,13,671.25,POS,20150513,US,POS,Miercoles,13,19900601.0,477.0,F,Personal Plus,59.0,5000000.0,350000.0,1,0.0,0.0,0.0,4,573.88,4552.41,8034.33,Quincena_1
228357205,0,965648.0,19,10.34,POS,20150519,US,MCI,Martes,19,20020118.0,267.0,M,Emprendedor,31.0,2300000.0,600000.0,3,35899.1,8974.77,13397.14,3,8.85,4552.41,221.16,Quincena_2
6737724025,1,974365.0,22,235.64,ATM_INT,20150519,CR,ATM_INT,Martes,19,20050707.0,207.0,F,Personal Plus,36.0,5000000.0,4000000.0,1,0.0,0.0,0.0,2,235.64,1482.35,471.28,Quincena_2
7172287325,1,974365.0,16,671.25,ATM_INT,20150519,CR,ATM_INT,Martes,19,20060823.0,773.0,M,Personal Plus,31.0,6000000.0,4000000.0,1,0.0,0.0,0.0,8,208.64,1482.35,3755.52,Quincena_2
9111233778,1,974365.0,16,27.29,ATM_INT,20150519,CR,ATM_INT,Martes,19,20130104.0,281.0,M,Personal Plus,31.0,1200000.0,1200000.0,1,0.0,0.0,0.0,2,27.29,1482.35,54.57,Quincena_2
5752886652,1,1024590.0,14,1.0,ATM_INT,20150530,CR,ATM_INT,Sabado,30,20030710.0,217.0,F,Personal Plus,33.0,2100000.0,500000.0,1,0.0,0.0,0.0,1,0.0,1482.35,1.0,Quincena_2
4413483011,1,1029688.0,21,399.63,POS,20150529,US,MCI,Viernes,29,19850725.0,834.0,M,Personal Plus,48.0,15000000.0,5000000.0,2,9104.82,4552.41,4552.41,4,140.31,4552.41,982.18,Quincena_2
4619231654,1,1029688.0,20,1.0,POS,20150529,US,MCI,Viernes,29,19911024.0,590.0,M,Personal Plus,62.0,13120000.0,5000000.0,1,0.0,0.0,0.0,1,0.0,4552.41,1.0,Quincena_2
830353555,1,1030492.0,22,180.82,POS,20150530,US,MCI,Sabado,30,20000301.0,70.0,F,Personal Plus,44.0,3200000.0,2800000.0,1,0.0,0.0,0.0,3,136.31,4552.41,954.15,Quincena_2
3122655718,0,1048024.0,13,61.45,POS,20150501,US,POS,Viernes,1,20020924.0,434.0,F,Personal Plus,33.0,1595993.0,150000.0,1,0.0,0.0,0.0,2,61.45,4552.41,122.9,Quincena_1
6122655718,0,1048024.0,13,61.45,POS,20150501,US,POS,Viernes,1,20020924.0,434.0,F,Personal Plus,33.0,1595993.0,150000.0,1,0.0,0.0,0.0,2,61.45,4552.41,122.9,Quincena_1
8471611478,0,1051356.0,10,691.41,POS,20150505,PA,POS,Martes,5,19931001.0,961.0,M,Preferencial,53.0,34295000.0,12000000.0,4,42652.69,3877.52,7857.49,11,185.37,1043.91,6487.81,Quincena_1
2998712664,0,1072696.0,23,461.26,POS,20150512,US,MCI,Martes,12,20040610.0,21.0,M,Preferencial,30.0,4500000.0,1300000.0,1,0.0,0.0,0.0,8,125.25,4552.41,3506.89,Quincena_1
6471780105,0,1097862.0,11,1.0,POS,20150521,PA,POS,Jueves,21,19990202.0,272.0,M,Personal Plus,40.0,1300000.0,500000.0,1,0.0,0.0,0.0,1,0.0,1043.91,1.0,Quincena_2
1543723803,0,1194745.0,16,349.31,POS,20150519,US,POS,Martes,19,19930920.0,21.0,F,Preferencial,46.0,13560000.0,9000000.0,1,0.0,0.0,0.0,5,142.53,4552.41,3990.86,Quincena_2
836302872,0,1203130.0,22,234.42,POS,20150513,US,MCI,Miercoles,13,20000609.0,534.0,F,PYME,34.0,56666000.0,37600750.0,1,0.0,0.0,0.0,3,219.46,4552.41,1316.79,Quincena_1
7294383669,1,1207060.0,18,243.62,POS,20150516,US,MCI,Sabado,16,19981020.0,639.0,M,Preferencial,42.0,17827000.0,5800000.0,2,9104.82,4552.41,4552.41,4,236.5,4552.41,1892.02,Quincena_2
8536531575,1,1207065.0,22,733.11,POS,20150518,US,MCI,Lunes,18,19940512.0,71.0,F,Preferencial,62.0,1940070000.0,180846000.0,4,5661.81,1887.27,3646.67,3,439.42,4552.41,2197.08,Quincena_2
8232723889,0,1216675.0,16,614.04,POS,20150506,US,MCI,Miercoles,6,19971112.0,486.0,F,Personal Plus,45.0,5000000.0,2000000.0,2,18209.64,4552.41,4552.41,2,614.04,4552.41,1228.07,Quincena_1
5952418930,1,1244695.0,14,1.0,POS,20150523,US,POS,Sabado,23,20140523.0,1.0,F,Personal,,616000.0,1.0,2,4552.41,4552.41,4552.41,1,0.0,4552.41,1.0,Quincena_2
7210235278,0,1460656.0,17,181.91,POS,20150512,US,POS,Martes,12,20111027.0,424.0,M,Emprendedor,59.0,4000000.0,400000.0,1,0.0,0.0,0.0,5,124.91,4552.41,999.27,Quincena_1
4039790053,0,1517930.0,10,733.11,POS,20150507,US,POS,Jueves,7,20110520.0,219.0,F,Personal Plus,43.0,5000000.0,3100000.0,1,0.0,0.0,0.0,3,488.36,4552.41,1953.46,Quincena_1
2271591342,0,1548270.0,17,243.62,POS,20150519,US,POS,Martes,19,19931124.0,929.0,M,Preferencial,54.0,20000000.0,0.0,1,0.0,0.0,0.0,7,86.25,4552.41,2932.55,Quincena_2
5014621105,1,1689891.0,18,304.29,POS,20150518,US,MCI,Lunes,18,20000925.0,854.0,M,Preferencial,32.0,25843250.0,19752333.0,2,4552.41,4552.41,4552.41,4,107.37,4552.41,2791.74,Quincena_2
6514621105,1,1689891.0,18,304.29,POS,20150518,US,MCI,Lunes,18,20000925.0,854.0,M,Preferencial,32.0,25843250.0,19752333.0,2,4552.41,4552.41,4552.41,4,107.37,4552.41,2791.74,Quincena_2
7942869946,0,1728707.0,14,23.59,POS,20150525,US,POS,Lunes,25,19800903.0,412.0,F,Personal Plus,56.0,7000000.0,2500000.0,1,0.0,0.0,0.0,3,23.55,4552.41,329.68,Quincena_2
7127592100,0,1946680.0,22,1.0,POS,20150506,US,MCI,Miercoles,6,20010201.0,88.0,F,Personal Plus,34.0,2000000.0,900000.0,2,4552.41,4552.41,4552.41,1,0.0,4552.41,1.0,Quincena_1
584981040,1,2077791.0,19,698.52,POS,20150509,US,POS,Sabado,9,19990727.0,516.0,M,Personal Plus,33.0,1500000.0,800000.0,1,0.0,0.0,0.0,2,698.52,4552.41,1397.05,Quincena_1
4652418930,1,2269303.0,15,1.0,POS,20150523,US,POS,Sabado,23,20140523.0,1.0,F,Personal,,616000.0,1.0,2,4552.41,4552.41,4552.41,1,0.0,4552.41,1.0,Quincena_2
4210237279,0,2414120.0,15,167.78,POS,20150519,US,MCI,Martes,19,19910701.0,859.0,M,Preferencial,57.0,4000000.0,23000000.0,5,37020.71,4627.59,8455.65,7,107.29,4552.41,1823.87,Quincena_2
6510237279,0,2414131.0,20,167.78,POS,20150519,US,POS,Martes,19,19910701.0,859.0,M,Preferencial,57.0,4000000.0,23000000.0,5,37020.71,4627.59,8455.65,7,107.29,4552.41,1823.87,Quincena_2
2650924640,1,2452103.0,1,498.04,POS,20150505,US,POS,Martes,5,19990118.0,483.0,F,Personal Plus,36.0,7760500.0,300000.0,2,27314.46,4552.41,4552.41,5,315.68,4552.41,2525.45,Quincena_1
4298659466,1,2525890.0,18,26.34,POS,20150527,US,MCI,Miercoles,27,20070207.0,420.0,M,Personal Plus,39.0,3500000.0,2000000.0,2,4552.41,4552.41,4552.41,5,15.75,4552.41,661.52,Quincena_2
6579624710,0,2639079.0,16,181.91,POS,20150515,DO,POS,Viernes,15,20030211.0,202.0,M,Personal Plus,41.0,6000000.0,3000000.0,5,34082.07,4260.26,8351.75,4,103.31,1674.2,516.56,Quincena_1
7791266011,1,3112165.0,5,286.84,POS,20150522,HK,POS,Viernes,22,19740401.0,20.0,M,PYME,46.0,62148000.0,34880000.0,2,4552.41,4552.41,4552.41,2,286.84,17020.18,286.84,Quincena_2
3032723889,0,3650025.0,16,614.04,POS,20150506,US,MCI,Miercoles,6,19971112.0,486.0,F,Personal Plus,45.0,5000000.0,2000000.0,2,18209.64,4552.41,4552.41,2,614.04,4552.41,1228.07,Quincena_1
25804000580,0,3844496.0,19,289.23,POS,20150515,CA,MCI,Viernes,15,19960410.0,814.0,F,Emprendedor,37.0,28787667.0,22682000.0,1,0.0,0.0,0.0,3,148.58,6526.97,297.17,Quincena_1
7571785579,0,4812520.0,22,243.62,POS,20150513,US,MCI,Miercoles,13,19991202.0,268.0,M,Preferencial,36.0,8700000.0,5500000.0,3,7789.51,2596.5,4552.41,3,83.3,4552.41,583.13,Quincena_1
7898563411,1,4891472.0,16,243.62,POS,20150530,FR,POS,Sabado,30,19911011.0,167.0,M,Preferencial,42.0,12740000.0,3000000.0,1,0.0,0.0,0.0,7,101.34,8455.65,3749.44,Quincena_2
5020033725,1,7545000.0,21,1.0,POS,20150523,US,MCI,Sabado,23,20041229.0,452.0,F,Preferencial,78.0,17154521.0,5000000.0,2,9104.82,4552.41,4552.41,1,0.0,4552.41,1.0,Quincena_2
5171788387,1,8648943.0,14,659.13,POS,20150522,US,POS,Viernes,22,19970624.0,850.0,M,Preferencial,37.0,16806300.0,6000000.0,6,34697.38,4337.17,8407.35,7,176.39,4552.41,6879.22,Quincena_2
8010237279,0,9557960.0,8,167.78,POS,20150519,US,POS,Martes,19,19910701.0,859.0,M,Preferencial,57.0,4000000.0,23000000.0,5,37020.71,4627.59,8455.65,7,107.29,4552.41,1823.87,Quincena_2
3079786670,0,10000.08,12,659.13,POS,20150527,US,POS,Miercoles,27,20090504.0,582.0,M,Preferencial,39.0,19980000.0,10000000.0,2,4175.65,1043.91,1043.91,7,151.2,4552.41,2419.14,Quincena_2
5271777582,0,100000.01,10,273.76,POS,20150516,US,POS,Sabado,16,19971029.0,310.0,M,Personal Plus,39.0,6000000.0,2000000.0,2,18209.64,4552.41,4552.41,3,106.98,4552.41,641.87,Quincena_2
3571786780,0,100059.07,17,243.62,POS,20150503,PR,POS,Domingo,3,20000405.0,430.0,M,Personal Plus,39.0,11129700.0,1100000.0,2,6774.94,1693.74,1693.74,4,63.07,1693.74,630.74,Quincena_1
6771786780,0,100059.07,17,243.62,POS,20150503,PR,POS,Domingo,3,20000405.0,430.0,M,Personal Plus,39.0,11129700.0,1100000.0,2,6774.94,1693.74,1693.74,4,63.07,1693.74,630.74,Quincena_1
2449765300,0,1001535.48,23,532.78,POS,20150521,US,MCI,Jueves,21,19971009.0,524.0,F,PYME,44.0,190148500.0,209727500.0,2,9104.82,4552.41,4552.41,2,532.78,4552.41,532.78,Quincena_2
6032703423,0,1002790.03,17,614.04,POS,20150505,US,POS,Martes,5,19930607.0,86.0,F,Personal Plus,48.0,7000000.0,4600000.0,2,9104.82,4552.41,4552.41,2,614.04,4552.41,4912.3,Quincena_1
4738852658,0,100358.05,8,212.93,POS,20150518,PA,POS,Lunes,18,19970610.0,760.0,F,Personal Plus,61.0,7000000.0,5000000.0,2,4552.41,4552.41,4552.41,3,120.88,1043.91,483.53,Quincena_2
71018433653,1,100707.53,5,250.24,ATM_INT,20150507,US,ATM_INT,Jueves,7,20090120.0,186.0,F,Personal Plus,25.0,1269000.0,350000.0,1,0.0,0.0,0.0,3,195.19,4552.41,975.95,Quincena_1
8437837900,0,1008406.04,23,340.09,POS,20150501,US,POS,Viernes,1,19830520.0,850.0,F,Preferencial,59.0,6000000.0,3000000.0,2,9104.82,4552.41,4552.41,7,174.65,4552.41,2794.43,Quincena_1
9037837900,0,1008406.04,23,340.09,POS,20150501,US,POS,Viernes,1,19830520.0,850.0,F,Preferencial,59.0,6000000.0,3000000.0,2,9104.82,4552.41,4552.41,7,174.65,4552.41,2794.43,Quincena_1
5098552025,0,100935.36,8,10.34,POS,20150506,US,MCI,Miercoles,6,19971016.0,344.0,M,Personal Plus,45.0,3600000.0,1300000.0,1,0.0,0.0,0.0,2,10.34,4552.41,20.67,Quincena_1
5679363245,1,1009723.4,21,1217.57,ATM_INT,20150526,CR,ATM_INT,Martes,26,19960802.0,567.0,M,Personal Plus,50.0,14799028.0,4500000.0,3,18577.6,6192.53,9284.13,7,262.42,1482.35,4198.68,Quincena_2
3430270547,0,101165.2,22,1.0,POS,20150521,US,MCI,Jueves,21,19931101.0,70.0,F,Personal Plus,56.0,15000000.0,6000000.0,1,0.0,0.0,0.0,1,0.0,4552.41,1.0,Quincena_2
5022655718,0,101229.08,17,61.45,POS,20150501,US,POS,Viernes,1,20020924.0,434.0,F,Personal Plus,33.0,1595993.0,150000.0,1,0.0,0.0,0.0,2,61.45,4552.41,122.9,Quincena_1
8422655718,0,101229.08,17,61.45,POS,20150501,US,POS,Viernes,1,20020924.0,434.0,F,Personal Plus,33.0,1595993.0,150000.0,1,0.0,0.0,0.0,2,61.45,4552.41,122.9,Quincena_1
2364560,0,101355.06,17,1.0,POS,20150511,US,POS,Lunes,11,20101117.0,191.0,F,Personal Plus,33.0,1473379.0,500000.0,1,0.0,0.0,0.0,1,0.0,4552.41,1.0,Quincena_1
1737712107,0,1013644.24,22,7.94,ATM_INT,20150523,US,ATM_INT,Sabado,23,19960913.0,20.0,F,Personal Plus,36.0,3000000.0,1000000.0,1,0.0,0.0,0.0,2,7.94,4552.41,7.94,Quincena_2
387709424,0,1014575.47,17,163.64,POS,20150513,US,MCI,Miercoles,13,19990405.0,601.0,M,Personal Plus,36.0,4650000.0,2500000.0,1,0.0,0.0,0.0,3,93.48,4552.41,373.91,Quincena_1
578125144,0,101477.7,17,243.62,POS,20150530,US,MCI,Sabado,30,20110919.0,611.0,M,Preferencial,36.0,19000000.0,11000000.0,2,3387.47,1693.74,1693.74,7,114.82,4552.41,2296.37,Quincena_2
7417140770,0,1014921.28,22,155.33,ATM_INT,20150523,US,ATM_INT,Sabado,23,19971015.0,597.0,M,Emprendedor,70.0,4300000.0,2000000.0,1,0.0,0.0,0.0,3,142.21,4552.41,1279.9,Quincena_2
160359630,0,1015934.25,19,399.63,POS,20150523,US,MCI,Sabado,23,20031001.0,820.0,F,Emprendedor,41.0,12150000.0,2000000.0,1,0.0,0.0,0.0,2,399.63,4552.41,799.26,Quincena_2
332541868,0,101655.03,14,1.0,POS,20150505,US,POS,Martes,5,20110728.0,616.0,F,Personal,59.0,535600.0,0.0,1,0.0,0.0,0.0,1,0.0,4552.41,1.0,Quincena_1
9571700131,0,101661.08,13,591.73,POS,20150522,US,POS,Viernes,22,19970825.0,279.0,M,Personal Plus,47.0,3000000.0,1300000.0,1,0.0,0.0,0.0,17,197.11,4552.41,10249.76,Quincena_2
1116832975,0,1019211.49,17,782.14,POS,20150520,US,MCI,Miercoles,20,19960716.0,813.0,M,Preferencial,41.0,16000000.0,0.0,1,0.0,0.0,0.0,5,294.0,4552.41,2939.96,Quincena_2
41128415024,0,101925.02,10,9.34,POS,20150529,US,POS,Viernes,29,20101216.0,272.0,M,Personal,27.0,0.0,0.0,2,13657.23,4552.41,4552.41,2,9.34,4552.41,18.68,Quincena_2
3171750441,0,101942.05,17,996.19,POS,20150505,US,POS,Martes,5,19961018.0,245.0,M,Preferencial,40.0,14162230.0,2500000.0,1,0.0,0.0,0.0,7,95.34,4552.41,2669.56,Quincena_1
6643733526,0,101970.01,13,352.24,POS,20150504,US,POS,Lunes,4,19921209.0,222.0,F,Personal Plus,43.0,2000000.0,0.0,2,9104.82,4552.41,4552.41,6,96.18,4552.41,2596.77,Quincena_1
6943733526,0,101970.01,13,352.24,POS,20150504,US,POS,Lunes,4,19921209.0,222.0,F,Personal Plus,43.0,2000000.0,0.0,2,9104.82,4552.41,4552.41,6,96.18,4552.41,2596.77,Quincena_1
6379625987,0,1022041.09,16,80.92,POS,20150504,US,POS,Lunes,4,19960119.0,634.0,M,Preferencial,42.0,14500000.0,10000000.0,2,27314.46,4552.41,4552.41,2,80.92,4552.41,161.83,Quincena_1
6479625987,0,1022041.09,16,80.92,POS,20150504,US,POS,Lunes,4,19960119.0,634.0,M,Preferencial,42.0,14500000.0,10000000.0,2,27314.46,4552.41,4552.41,2,80.92,4552.41,161.83,Quincena_1
3351728262,0,102208.09,18,1.0,POS,20150501,PR,POS,Viernes,1,19961017.0,699.0,F,Personal Plus,52.0,6200000.0,2700000.0,1,0.0,0.0,0.0,1,0.0,1693.74,1.0,Quincena_1
9151728262,0,102208.09,18,1.0,POS,20150501,PR,POS,Viernes,1,19961017.0,699.0,F,Personal Plus,52.0,6200000.0,2700000.0,1,0.0,0.0,0.0,1,0.0,1693.74,1.0,Quincena_1
3639444661,1,102260.08,16,41.57,POS,20150521,US,POS,Jueves,21,19911101.0,505.0,F,Personal Plus,42.0,5000000.0,5000000.0,2,4552.41,4552.41,4552.41,4,26.81,4552.41,268.13,Quincena_2
3975105268,0,102604.07,15,243.62,POS,20150518,US,POS,Lunes,18,20050103.0,860.0,M,Personal Plus,30.0,2200000.0,1800000.0,2,4886.27,2443.14,2443.14,5,108.26,4552.41,1299.07,Quincena_2
3171785880,0,1026239.36,4,461.26,ATM_INT,20150525,US,ATM_INT,Lunes,25,20021206.0,551.0,M,Personal Plus,36.0,1400000.0,600000.0,1,0.0,0.0,0.0,5,95.76,4552.41,1053.32,Quincena_2
8116832975,0,1028197.35,20,782.14,POS,20150520,US,MCI,Miercoles,20,19960716.0,813.0,M,Preferencial,41.0,16000000.0,0.0,1,0.0,0.0,0.0,5,294.0,4552.41,2939.96,Quincena_2
9052886044,1,103139.04,3,80.92,ATM_INT,20150505,US,ATM_INT,Martes,5,20040920.0,674.0,F,Personal Plus,33.0,6000000.0,300000.0,1,0.0,0.0,0.0,5,26.72,4552.41,801.71,Quincena_1
3242108697,0,103154.02,12,178.36,POS,20150519,US,POS,Martes,19,19980420.0,73.0,F,Preferencial,41.0,9028495.0,1000000.0,1,0.0,0.0,0.0,4,64.64,4552.41,517.11,Quincena_2
2382108,0,1033377.38,12,61.45,POS,20150530,US,MCI,Sabado,30,20100708.0,498.0,M,Preferencial,35.0,21143357.0,10000000.0,5,49912.1,4991.21,9793.85,3,29.4,4552.41,323.39,Quincena_2
2279645916,0,103396.99,17,662.53,POS,20150513,US,MCI,Miercoles,13,19950317.0,158.0,M,Preferencial,41.0,7000000.0,2500000.0,2,9104.82,4552.41,4552.41,12,209.24,4552.41,5231.01,Quincena_1
3443071124,0,1034908.49,21,1.0,POS,20150503,US,MCI,Domingo,3,19860710.0,319.0,F,Preferencial,51.0,41000000.0,20000000.0,3,21684.07,1971.28,3854.54,1,0.0,4552.41,1.0,Quincena_1
3743071124,0,1034908.49,21,1.0,POS,20150503,US,MCI,Domingo,3,19860710.0,319.0,F,Preferencial,51.0,41000000.0,20000000.0,3,21684.07,1971.28,3854.54,1,0.0,4552.41,1.0,Quincena_1
3452265314,1,1034982.02,19,652.6,POS,20150505,US,POS,Martes,5,19970626.0,570.0,F,Preferencial,38.0,12000000.0,6200000.0,3,6286.98,3143.49,4552.41,3,357.02,4552.41,1428.1,Quincena_1
7418616986,0,1035971.53,15,289.8,POS,20150515,US,MCI,Viernes,15,20050421.0,634.0,M,Preferencial,34.0,5000000.0,3800000.0,1,0.0,0.0,0.0,11,77.38,4552.41,3327.16,Quincena_1
4043105229,1,1036313.6,2,672.94,ATM_INT,20150527,US,ATM_INT,Miercoles,27,19990508.0,311.0,F,Personal Plus,36.0,7000000.0,4000000.0,2,1809.62,904.81,904.81,8,202.0,4552.41,3231.97,Quincena_2
167709424,0,103854.18,17,163.64,POS,20150513,US,MCI,Miercoles,13,19990405.0,601.0,M,Personal Plus,36.0,4650000.0,2500000.0,1,0.0,0.0,0.0,3,93.48,4552.41,373.91,Quincena_1
2221700791,0,1039741.04,16,23.46,POS,20150526,US,POS,Martes,26,19740401.0,4.0,F,Preferencial,57.0,30000000.0,3500000.0,2,4552.41,4552.41,4552.41,2,23.46,4552.41,23.46,Quincena_2
8628899327,0,1040782.16,13,131.71,ATM_INT,20150528,US,ATM_INT,Jueves,28,19920521.0,68.0,F,Personal Plus,57.0,4205273.0,3300000.0,1,0.0,0.0,0.0,2,131.71,4552.41,2107.44,Quincena_2
2341673693,0,104537.92,0,659.13,POS,20150503,US,MCI,Domingo,3,19721001.0,156.0,F,Preferencial,59.0,12000000.0,8000000.0,1,0.0,0.0,0.0,3,447.19,4552.41,2683.13,Quincena_1
7541673693,0,104537.92,0,659.13,POS,20150503,US,MCI,Domingo,3,19721001.0,156.0,F,Preferencial,59.0,12000000.0,8000000.0,1,0.0,0.0,0.0,3,447.19,4552.41,2683.13,Quincena_1
5243166573,0,104587.09,20,25.02,POS,20150518,US,POS,Lunes,18,20010621.0,122.0,F,Emprendedor,34.0,9000000.0,2000000.0,2,40971.69,4552.41,4552.41,4,18.29,4552.41,164.62,Quincena_2
4970557880,1,1045949.38,17,243.62,POS,20150530,US,MCI,Sabado,30,19860801.0,600.0,M,Preferencial,52.0,23000000.0,9707000.0,2,3237.1,1618.55,1618.55,3,32.77,4552.41,655.4,Quincena_2
1343166573,0,104635.07,20,25.02,POS,20150518,US,POS,Lunes,18,20010621.0,122.0,F,Emprendedor,34.0,9000000.0,2000000.0,2,40971.69,4552.41,4552.41,4,18.29,4552.41,164.62,Quincena_2
7918616986,0,1047625.16,23,289.8,POS,20150515,US,MCI,Viernes,15,20050421.0,634.0,M,Preferencial,34.0,5000000.0,3800000.0,1,0.0,0.0,0.0,11,77.38,4552.41,3327.16,Quincena_1
6270829256,0,104766.09,17,671.25,POS,20150505,US,POS,Martes,5,20130705.0,486.0,M,Preferencial,38.0,57800000.0,10500000.0,2,27314.46,4552.41,4552.41,4,355.93,4552.41,2135.59,Quincena_1
69900759953,1,104836.3,19,1.0,ATM_INT,20150504,US,ATM_INT,Lunes,4,20140826.0,202.0,F,Emprendedor,,0.0,0.0,1,0.0,0.0,0.0,1,0.0,4552.41,1.0,Quincena_1
7538433160,0,104851.32,18,1.0,POS,20150520,US,MCI,Miercoles,20,20130408.0,967.0,F,PYME,74.0,32000000.0,5000000.0,1,0.0,0.0,0.0,1,0.0,4552.41,1.0,Quincena_2
7598543791,0,104893.51,20,540.75,POS,20150519,US,MCI,Martes,19,19920505.0,850.0,M,Preferencial,46.0,58800000.0,4555000.0,1,0.0,0.0,0.0,8,100.97,4552.41,5048.74,Quincena_2
2070567110,0,104997.91,16,470.32,POS,20150524,US,MCI,Domingo,24,19870109.0,245.0,M,Preferencial,48.0,16328550.0,4082137.0,3,10946.17,2736.54,3854.54,13,93.8,4552.41,3846.0,Quincena_2
8116832975,0,1050075.97,16,782.14,POS,20150520,US,MCI,Miercoles,20,19960716.0,813.0,M,Preferencial,41.0,16000000.0,0.0,1,0.0,0.0,0.0,5,294.0,4552.41,2939.96,Quincena_2
2651604257,1,10505.02,15,300.59,POS,20150523,US,POS,Sabado,23,20031205.0,101.0,F,Personal Plus,57.0,9900000.0,4500000.0,1,0.0,0.0,0.0,3,195.8,4552.41,783.2,Quincena_2
971591342,0,1051469.97,18,243.62,POS,20150519,US,MCI,Martes,19,19931124.0,929.0,M,Preferencial,54.0,20000000.0,0.0,1,0.0,0.0,0.0,7,86.25,4552.41,2932.55,Quincena_2
3179692239,0,105303.91,22,243.62,POS,20150516,US,MCI,Sabado,16,20020613.0,675.0,M,Preferencial,40.0,4000000.0,1300000.0,2,9104.82,4552.41,4552.41,7,156.79,4552.41,2038.22,Quincena_2
1152007621,0,1055307.05,18,659.13,POS,20150501,US,POS,Viernes,1,19961028.0,152.0,F,Preferencial,44.0,18000000.0,8000000.0,2,16911.29,8455.65,8455.65,2,659.13,4552.41,1977.38,Quincena_1
9552007621,0,1055307.05,18,659.13,POS,20150501,US,POS,Viernes,1,19961028.0,152.0,F,Preferencial,44.0,18000000.0,8000000.0,2,16911.29,8455.65,8455.65,2,659.13,4552.41,1977.38,Quincena_1
8330270547,0,1055405.95,21,1.0,POS,20150521,US,MCI,Jueves,21,19931101.0,70.0,F,Personal Plus,56.0,15000000.0,6000000.0,1,0.0,0.0,0.0,1,0.0,4552.41,1.0,Quincena_2
2679454028,0,1056356.92,17,31.86,POS,20150529,US,MCI,Viernes,29,20000222.0,152.0,M,Preferencial,47.0,37000000.0,18000000.0,5,54557.64,4546.47,8351.75,5,20.74,4552.41,228.1,Quincena_2
7343183911,0,105896.03,11,51.79,POS,20150528,DO,POS,Jueves,28,20110223.0,542.0,F,Personal Plus,32.0,1016850.0,150000.0,1,0.0,0.0,0.0,5,13.3,1674.2,279.22,Quincena_2
6271315454,0,10591.63,14,662.36,POS,20150503,US,MCI,Domingo,3,19990521.0,543.0,M,Personal Plus,35.0,6117244.0,900000.0,1,0.0,0.0,0.0,20,124.35,4552.41,6963.34,Quincena_1
8071315454,0,10591.63,14,662.36,POS,20150503,US,MCI,Domingo,3,19990521.0,543.0,M,Personal Plus,35.0,6117244.0,900000.0,1,0.0,0.0,0.0,20,124.35,4552.41,6963.34,Quincena_1
3643733526,0,106005.09,9,352.24,POS,20150504,US,POS,Lunes,4,19921209.0,222.0,F,Personal Plus,43.0,2000000.0,0.0,2,9104.82,4552.41,4552.41,6,96.18,4552.41,2596.77,Quincena_1
3743733526,0,106005.09,9,352.24,POS,20150504,US,POS,Lunes,4,19921209.0,222.0,F,Personal Plus,43.0,2000000.0,0.0,2,9104.82,4552.41,4552.41,6,96.18,4552.41,2596.77,Quincena_1
2237924747,0,1061497.07,14,614.04,POS,20150521,US,POS,Jueves,21,19891001.0,210.0,F,Preferencial,53.0,49600000.0,5000000.0,2,18209.64,4552.41,4552.41,3,577.37,4552.41,14434.25,Quincena_2
6352993254,1,1062623.04,17,23.31,POS,20150530,US,POS,Sabado,30,20030328.0,571.0,F,Personal Plus,31.0,2500000.0,1000000.0,2,9104.82,4552.41,4552.41,2,23.31,4552.41,46.62,Quincena_2
4779842112,0,106340.03,15,243.62,POS,20150503,US,POS,Domingo,3,20011024.0,48.0,M,Preferencial,38.0,10647004.0,5100000.0,3,9511.07,3170.36,4552.41,2,243.62,4552.41,730.87,Quincena_1
6079842112,0,106340.03,15,243.62,POS,20150503,US,POS,Domingo,3,20011024.0,48.0,M,Preferencial,38.0,10647004.0,5100000.0,3,9511.07,3170.36,4552.41,2,243.62,4552.41,730.87,Quincena_1
8735469987,0,1066524.09,13,23.31,POS,20150517,US,POS,Domingo,17,19910904.0,30.0,F,Personal Plus,56.0,9000000.0,7000000.0,2,9104.82,4552.41,4552.41,2,23.31,4552.41,46.62,Quincena_2
2666999422,0,107009.04,17,160.57,POS,20150527,US,POS,Miercoles,27,19970318.0,808.0,F,Personal Plus,38.0,3825000.0,0.0,2,18209.64,4552.41,4552.41,3,31.14,4552.41,965.22,Quincena_2
1515434280,0,107018.01,19,340.79,POS,20150511,US,POS,Lunes,11,20030306.0,540.0,M,Preferencial,44.0,12819167.0,9862667.0,2,9104.82,4552.41,4552.41,7,64.49,4552.41,2192.53,Quincena_1
3979645916,0,107054.51,14,662.53,POS,20150513,US,MCI,Miercoles,13,19950317.0,158.0,M,Preferencial,41.0,7000000.0,2500000.0,2,9104.82,4552.41,4552.41,12,209.24,4552.41,5231.01,Quincena_1
6772270418,0,107077.36,19,671.25,POS,20150511,US,MCI,Lunes,11,19990617.0,107.0,M,Preferencial,33.0,10900000.0,1500000.0,1,0.0,0.0,0.0,7,522.59,4552.41,8361.51,Quincena_1
5435197541,1,107269.04,20,243.62,POS,20150522,US,POS,Viernes,22,20011019.0,226.0,F,Personal Plus,34.0,5130108.0,0.0,1,0.0,0.0,0.0,2,243.62,4552.41,487.24,Quincena_2
4423003,0,107487.6,23,1.0,POS,20150522,US,MCI,Viernes,22,20121031.0,178.0,M,Personal Plus,38.0,7663500.0,4000000.0,1,0.0,0.0,0.0,1,0.0,4552.41,1.0,Quincena_2
10079330820,0,1074889.08,4,243.62,POS,20150521,EC,POS,Jueves,21,19901101.0,168.0,M,Preferencial,50.0,7500000.0,5000000.0,4,52665.18,3291.57,4552.41,5,62.96,904.81,629.61,Quincena_2
7210934535,0,10754.01,18,279.77,POS,20150525,US,POS,Lunes,25,19970717.0,259.0,M,Personal Plus,35.0,12400000.0,5900000.0,2,13657.23,4552.41,4552.41,3,107.68,4552.41,1184.46,Quincena_2
9252697973,0,1075675.52,20,131.71,POS,20150527,US,MCI,Miercoles,27,20030905.0,42.0,F,Preferencial,35.0,10000398.0,1500000.0,3,5324.92,1331.23,1618.55,3,77.51,4552.41,310.05,Quincena_2
2122550237,1,107691.11,14,243.62,ATM_INT,20150502,DO,ATM_INT,Sabado,2,20110128.0,693.0,F,Personal Plus,33.0,4000000.0,2500000.0,5,19629.56,3925.91,7857.49,5,122.78,1674.2,1104.98,Quincena_1
5422550237,1,107691.11,14,243.62,ATM_INT,20150502,DO,ATM_INT,Sabado,2,20110128.0,693.0,F,Personal Plus,33.0,4000000.0,2500000.0,5,19629.56,3925.91,7857.49,5,122.78,1674.2,1104.98,Quincena_1
6622550237,1,107691.11,14,243.62,ATM_INT,20150502,DO,ATM_INT,Sabado,2,20110128.0,693.0,F,Personal Plus,33.0,4000000.0,2500000.0,5,19629.56,3925.91,7857.49,5,122.78,1674.2,1104.98,Quincena_1
6822550237,1,107691.11,14,243.62,ATM_INT,20150502,DO,ATM_INT,Sabado,2,20110128.0,693.0,F,Personal Plus,33.0,4000000.0,2500000.0,5,19629.56,3925.91,7857.49,5,122.78,1674.2,1104.98,Quincena_1
7822550237,1,107691.11,14,243.62,ATM_INT,20150502,DO,ATM_INT,Sabado,2,20110128.0,693.0,F,Personal Plus,33.0,4000000.0,2500000.0,5,19629.56,3925.91,7857.49,5,122.78,1674.2,1104.98,Quincena_1
7822550237,1,107691.11,14,243.62,ATM_INT,20150502,DO,ATM_INT,Sabado,2,20110128.0,693.0,F,Personal Plus,33.0,4000000.0,2500000.0,5,19629.56,3925.91,7857.49,5,122.78,1674.2,1104.98,Quincena_1
9191289947,0,107693.03,17,286.84,POS,20150506,US,POS,Miercoles,6,20080520.0,291.0,M,Emprendedor,42.0,12085000.0,3500000.0,1,0.0,0.0,0.0,3,193.87,4552.41,581.61,Quincena_1
8230396323,0,107918.04,13,24.01,POS,20150511,AW,POS,Lunes,11,20061121.0,373.0,F,Personal Plus,37.0,2000000.0,500000.0,1,0.0,0.0,0.0,2,24.01,971.23,48.03,Quincena_1
5243626284,0,108221.04,20,340.09,POS,20150522,US,MCI,Viernes,22,20020730.0,267.0,F,Personal Plus,39.0,11156147.0,2500000.0,2,9104.82,4552.41,4552.41,6,108.11,4552.41,2162.19,Quincena_2
48160824,0,108259.05,14,472.23,POS,20150526,US,POS,Martes,26,20050726.0,342.0,M,Personal Plus,32.0,8200000.0,3000000.0,2,3237.1,1618.55,1618.55,5,187.6,4552.41,3001.67,Quincena_2
2143626284,0,1082766.85,17,340.09,POS,20150522,US,MCI,Viernes,22,20020730.0,267.0,F,Personal Plus,39.0,11156147.0,2500000.0,2,9104.82,4552.41,4552.41,6,108.11,4552.41,2162.19,Quincena_2
271273137,0,108434.8,22,12.01,ATM_INT,20150501,US,ATM_INT,Viernes,1,20020311.0,362.0,M,Personal Plus,33.0,2500000.0,600000.0,1,0.0,0.0,0.0,4,9.77,4552.41,87.94,Quincena_1
4279486925,0,1086730.09,23,304.29,POS,20150503,US,MCI,Domingo,3,19940801.0,31.0,M,Personal Plus,45.0,6000000.0,6000000.0,5,33771.89,5628.65,15667.16,5,147.37,4552.41,1178.92,Quincena_1
4679486925,0,1086730.09,23,304.29,POS,20150503,US,MCI,Domingo,3,19940801.0,31.0,M,Personal Plus,45.0,6000000.0,6000000.0,5,33771.89,5628.65,15667.16,5,147.37,4552.41,1178.92,Quincena_1
9343580980,0,108684.96,19,340.09,POS,20150520,US,MCI,Miercoles,20,19941025.0,738.0,F,Preferencial,41.0,25000000.0,22000000.0,2,18209.64,4552.41,4552.41,6,67.96,4552.41,1019.33,Quincena_2
8171310141,0,1087268.69,18,340.09,POS,20150522,US,MCI,Viernes,22,20001222.0,1.0,M,Personal Plus,35.0,3146136.0,2800000.0,2,7857.49,7857.49,7857.49,9,112.67,4552.41,2366.05,Quincena_2
7216355013,0,108756.11,0,304.29,POS,20150519,US,MCI,Martes,19,19960619.0,874.0,M,Preferencial,54.0,51500000.0,19000000.0,3,4898.45,2449.22,3854.54,4,203.58,4552.41,610.74,Quincena_2
1071691350,0,109376.57,2,340.09,POS,20150507,US,MCI,Jueves,7,19991203.0,600.0,M,Preferencial,47.0,14264000.0,3000000.0,3,20435.63,2919.38,4552.41,8,77.04,4552.41,3312.82,Quincena_1
9343756492,0,10948.48,19,472.23,POS,20150513,US,MCI,Miercoles,13,20110727.0,935.0,F,Personal Plus,37.0,18000000.0,12000000.0,2,18209.64,4552.41,4552.41,6,61.02,4552.41,3417.23,Quincena_1
7915047046,0,1095444.8,5,294.43,POS,20150520,US,MCI,Miercoles,20,19931001.0,93.0,M,PYME,47.0,89618566.0,14423000.0,2,9104.82,4552.41,4552.41,4,126.4,4552.41,758.38,Quincena_2
8472270418,0,109638.79,0,671.25,POS,20150511,US,MCI,Lunes,11,19990617.0,107.0,M,Preferencial,33.0,10900000.0,1500000.0,1,0.0,0.0,0.0,7,522.59,4552.41,8361.51,Quincena_1
9213483011,1,1096591.98,21,399.63,POS,20150529,US,MCI,Viernes,29,19850725.0,834.0,M,Personal Plus,48.0,15000000.0,5000000.0,2,9104.82,4552.41,4552.41,4,140.31,4552.41,982.18,Quincena_2
7263309404,0,109976.61,23,554.24,POS,20150515,US,MCI,Viernes,15,19870601.0,62.0,F,Preferencial,51.0,5202000.0,2200000.0,2,4552.41,4552.41,4552.41,4,279.76,4552.41,1119.03,Quincena_1
7452418930,1,1117860.05,15,1.0,POS,20150523,US,POS,Sabado,23,20140523.0,1.0,F,Personal,,616000.0,1.0,2,4552.41,4552.41,4552.41,1,0.0,4552.41,1.0,Quincena_2
568160824,0,112859.09,14,472.23,POS,20150526,US,POS,Martes,26,20050726.0,342.0,M,Personal Plus,32.0,8200000.0,3000000.0,2,3237.1,1618.55,1618.55,5,187.6,4552.41,3001.67,Quincena_2
4383087380,0,112964.06,14,279.48,POS,20150528,DO,POS,Jueves,28,19740401.0,198.0,M,Personal Plus,52.0,4872500.0,5000000.0,3,8784.62,1464.1,1674.2,7,108.3,1674.2,3032.35,Quincena_2
36900411365,0,11323766.46,12,160.62,POS,20150518,CU,MCI,Lunes,18,20110530.0,933.0,M,PYME,22.0,111000000.0,0.0,4,25500.55,1821.47,2128.97,3,69.27,2128.97,415.59,Quincena_2
7343617928,0,113375.06,16,9.53,POS,20150521,US,POS,Jueves,21,19990803.0,9.0,F,Personal Plus,39.0,12000000.0,6000000.0,3,7722.44,2574.15,3854.54,3,9.4,4552.41,56.42,Quincena_2
1613483011,1,1133815.2,21,399.63,POS,20150529,US,MCI,Viernes,29,19850725.0,834.0,M,Personal Plus,48.0,15000000.0,5000000.0,2,9104.82,4552.41,4552.41,4,140.31,4552.41,982.18,Quincena_2
4319258822,0,113672.06,15,26.45,POS,20150521,US,POS,Jueves,21,19981123.0,42.0,M,Personal Plus,60.0,3118000.0,1600000.0,1,0.0,0.0,0.0,3,17.8,4552.41,53.4,Quincena_2
1116794913,0,113896.04,8,782.14,POS,20150503,US,POS,Domingo,3,20070615.0,749.0,M,Personal Plus,43.0,5300000.0,2300000.0,2,18209.64,4552.41,4552.41,3,525.58,4552.41,1576.74,Quincena_1
416794913,0,113896.04,8,782.14,POS,20150503,US,POS,Domingo,3,20070615.0,749.0,M,Personal Plus,43.0,5300000.0,2300000.0,2,18209.64,4552.41,4552.41,3,525.58,4552.41,1576.74,Quincena_1
1039192568,0,1141567.08,17,340.09,POS,20150515,PA,POS,Viernes,15,20051013.0,556.0,F,Personal Plus,31.0,2090198.0,400000.0,1,0.0,0.0,0.0,5,71.81,1043.91,1005.4,Quincena_1
3643400901,0,114187.12,17,19.57,POS,20150511,US,MCI,Lunes,11,20020705.0,541.0,F,Personal Plus,34.0,2100000.0,300000.0,2,9104.82,4552.41,4552.41,4,14.08,4552.41,154.92,Quincena_1
8071786223,0,114562.04,18,461.26,POS,20150513,US,MCI,Miercoles,13,19970617.0,238.0,M,Preferencial,39.0,15500000.0,2000000.0,2,1942.46,971.23,971.23,9,72.17,4552.41,2814.59,Quincena_1
9343728511,0,114616.47,18,23.59,POS,20150530,AR,MCI,Sabado,30,19970929.0,319.0,F,Personal Plus,44.0,3500000.0,3000000.0,2,4308.01,4308.01,4308.01,3,16.96,5265.13,67.85,Quincena_2
2043756492,0,114682.35,0,472.23,POS,20150513,US,MCI,Miercoles,13,20110727.0,935.0,F,Personal Plus,37.0,18000000.0,12000000.0,2,18209.64,4552.41,4552.41,6,61.02,4552.41,3417.23,Quincena_1
9471746727,0,115105.24,15,243.62,POS,20150519,US,MCI,Martes,19,19950127.0,344.0,M,Preferencial,40.0,23000000.0,10000000.0,1,0.0,0.0,0.0,3,163.01,4552.41,489.03,Quincena_2
7498543561,0,115118.63,19,243.62,POS,20150515,US,MCI,Viernes,15,19950501.0,116.0,M,Preferencial,46.0,50000000.0,20000000.0,2,15714.99,7857.49,7857.49,4,100.69,4552.41,805.52,Quincena_1
61032371807,0,115820.09,14,741.95,POS,20150502,PA,POS,Sabado,2,20080723.0,690.0,M,Personal Plus,28.0,3233160.0,500000.0,1,0.0,0.0,0.0,5,285.83,1043.91,1714.96,Quincena_1
7119205018,1,1159023.81,0,1.0,POS,20150518,US,MCI,Lunes,18,19911001.0,88.0,M,Personal Plus,62.0,8500000.0,3200000.0,2,9104.82,4552.41,4552.41,1,0.0,4552.41,1.0,Quincena_2
6052710788,0,1159569.08,17,733.11,POS,20150505,PR,POS,Martes,5,20000424.0,699.0,F,Preferencial,34.0,8558000.0,5000000.0,4,12015.64,2403.13,4552.41,2,733.11,1693.74,1466.21,Quincena_1
8479672843,0,115998.95,19,48.19,POS,20150518,US,MCI,Lunes,18,20111111.0,227.0,M,Preferencial,40.0,16880766.0,5000000.0,1,0.0,0.0,0.0,3,31.6,4552.41,284.44,Quincena_2
4770559076,0,116344.02,18,451.92,POS,20150519,PA,POS,Martes,19,19861021.0,319.0,M,Personal Plus,51.0,12600000.0,6000000.0,1,0.0,0.0,0.0,12,117.83,1043.91,2474.52,Quincena_2
9271617804,0,1163475.01,21,370.69,POS,20150522,US,POS,Viernes,22,19860407.0,929.0,M,Preferencial,53.0,23300000.0,15000000.0,1,0.0,0.0,0.0,8,62.38,4552.41,2931.74,Quincena_2
3071750072,0,11637.01,19,243.62,POS,20150525,GT,POS,Lunes,25,19931019.0,331.0,M,Personal Plus,40.0,8142208.0,3200000.0,7,139343.96,3029.22,6294.28,4,121.25,2370.55,1576.3,Quincena_2
832638956,0,116553.02,13,1.0,POS,20150525,US,POS,Lunes,25,19830728.0,769.0,F,Personal Plus,59.0,6000000.0,5000000.0,1,0.0,0.0,0.0,1,0.0,4552.41,1.0,Quincena_2
8641673693,0,116677.19,1,659.13,POS,20150503,US,MCI,Domingo,3,19721001.0,156.0,F,Preferencial,59.0,12000000.0,8000000.0,1,0.0,0.0,0.0,3,447.19,4552.41,2683.13,Quincena_1
941673693,0,116677.19,1,659.13,POS,20150503,US,MCI,Domingo,3,19721001.0,156.0,F,Preferencial,59.0,12000000.0,8000000.0,1,0.0,0.0,0.0,3,447.19,4552.41,2683.13,Quincena_1
66240029,1,116754.74,16,1087.01,POS,20150530,CL,MCI,Sabado,30,19971205.0,728.0,M,Preferencial,35.0,9400000.0,1000000.0,1,0.0,0.0,0.0,8,70.39,3782.13,5067.93,Quincena_2
2332257399,0,1167746.85,19,26.6,POS,20150528,US,MCI,Jueves,28,20030722.0,310.0,F,Emprendedor,32.0,1900000.0,800000.0,3,22900.22,3816.7,4552.41,2,26.6,4552.41,26.6,Quincena_2
9353054888,0,116965.05,9,1.0,POS,20150518,AW,POS,Lunes,18,20070109.0,626.0,F,Personal Plus,30.0,2012303.0,80000.0,1,0.0,0.0,0.0,1,0.0,971.23,1.0,Quincena_2
1141673693,0,116967.37,2,659.13,POS,20150503,US,MCI,Domingo,3,19721001.0,156.0,F,Preferencial,59.0,12000000.0,8000000.0,1,0.0,0.0,0.0,3,447.19,4552.41,2683.13,Quincena_1
2941673693,0,116967.37,2,659.13,POS,20150503,US,MCI,Domingo,3,19721001.0,156.0,F,Preferencial,59.0,12000000.0,8000000.0,1,0.0,0.0,0.0,3,447.19,4552.41,2683.13,Quincena_1
398125144,0,1174219.87,17,243.62,POS,20150530,US,MCI,Sabado,30,20110919.0,611.0,M,Preferencial,36.0,19000000.0,11000000.0,2,3387.47,1693.74,1693.74,7,114.82,4552.41,2296.37,Quincena_2
1771737346,0,117910.46,20,604.69,POS,20150503,US,MCI,Domingo,3,19970709.0,267.0,M,Preferencial,42.0,20000000.0,18000000.0,3,5265.86,1053.17,1162.89,5,122.32,4552.41,3058.06,Quincena_1
3032434046,0,117910.46,20,243.62,POS,20150502,US,MCI,Sabado,2,19780714.0,360.0,F,Personal Plus,66.0,9000000.0,6000000.0,2,4552.41,4552.41,4552.41,2,243.62,4552.41,2679.85,Quincena_1
3232434046,0,117910.46,20,243.62,POS,20150502,US,MCI,Sabado,2,19780714.0,360.0,F,Personal Plus,66.0,9000000.0,6000000.0,2,4552.41,4552.41,4552.41,2,243.62,4552.41,2679.85,Quincena_1
6771737346,0,117910.46,20,604.69,POS,20150503,US,MCI,Domingo,3,19970709.0,267.0,M,Preferencial,42.0,20000000.0,18000000.0,3,5265.86,1053.17,1162.89,5,122.32,4552.41,3058.06,Quincena_1
81127236800,0,11802.09,9,66.12,POS,20150512,US,POS,Martes,12,20111110.0,586.0,M,Personal Plus,28.0,12607333.0,2000000.0,1,0.0,0.0,0.0,2,66.12,4552.41,132.23,Quincena_1
23395824,0,1182899.2,13,1.0,ATM_INT,20150527,US,ATM_INT,Miercoles,27,20110414.0,658.0,F,Personal Plus,38.0,2000000.0,500000.0,1,0.0,0.0,0.0,1,0.0,4552.41,1.0,Quincena_2
888714861,0,118316.02,20,314.71,POS,20150519,US,MCI,Martes,19,19870101.0,737.0,M,Preferencial,53.0,25496000.0,14000000.0,2,8616.02,4308.01,4308.01,4,42.17,4552.41,1138.6,Quincena_2
8236302872,0,1183879.92,0,234.42,POS,20150513,US,MCI,Miercoles,13,20000609.0,534.0,F,PYME,34.0,56666000.0,37600750.0,1,0.0,0.0,0.0,3,219.46,4552.41,1316.79,Quincena_1
848732046,0,11889.03,16,61.45,POS,20150515,US,POS,Viernes,15,19990310.0,961.0,M,Preferencial,52.0,3750000.0,22828000.0,2,18209.64,4552.41,4552.41,2,61.45,4552.41,184.34,Quincena_1
3352699908,0,11907.06,5,23.31,POS,20150513,US,POS,Miercoles,13,20010627.0,42.0,F,Personal Plus,34.0,13700000.0,6800000.0,2,13657.23,4552.41,4552.41,3,21.17,4552.41,211.73,Quincena_1
8652699908,0,11907.06,5,23.31,POS,20150513,US,POS,Miercoles,13,20010627.0,42.0,F,Personal Plus,34.0,13700000.0,6800000.0,2,13657.23,4552.41,4552.41,3,21.17,4552.41,211.73,Quincena_1
6343159106,0,119203.4,15,243.62,POS,20150515,US,MCI,Viernes,15,20000802.0,245.0,F,Preferencial,36.0,16300000.0,6300000.0,2,7564.25,3782.13,3782.13,4,41.34,4552.41,2521.52,Quincena_1
2452109485,0,11940.03,18,131.71,POS,20150504,US,POS,Lunes,4,20030210.0,588.0,F,Personal Plus,40.0,2800000.0,500000.0,1,0.0,0.0,0.0,4,70.8,4552.41,424.82,Quincena_1
8552109485,0,11940.03,18,131.71,POS,20150504,US,POS,Lunes,4,20030210.0,588.0,F,Personal Plus,40.0,2800000.0,500000.0,1,0.0,0.0,0.0,4,70.8,4552.41,424.82,Quincena_1
3616918793,1,1194184.95,17,472.23,POS,20150528,EC,MCI,Jueves,28,20000502.0,738.0,M,Preferencial,34.0,6440000.0,5000000.0,4,30592.34,1912.02,4552.41,7,119.43,904.81,4896.73,Quincena_2
2719481754,0,11947.04,7,659.13,POS,20150518,US,POS,Lunes,18,19900901.0,217.0,M,Personal Plus,53.0,5000000.0,2000000.0,1,0.0,0.0,0.0,4,449.33,4552.41,2246.64,Quincena_2
4480136173,0,11947.04,16,123.61,POS,20150517,US,POS,Domingo,17,20050520.0,40.0,M,Personal Plus,33.0,3596580.0,2150000.0,1,0.0,0.0,0.0,2,123.61,4552.41,247.22,Quincena_2
3664522102,0,1197971.46,12,492.06,ATM_INT,20150511,US,ATM_INT,Lunes,11,20100617.0,82.0,F,Emprendedor,39.0,7830000.0,1000000.0,2,13657.23,4552.41,4552.41,3,307.24,4552.41,1228.97,Quincena_1
1522376127,0,1199180.67,16,1.0,ATM_INT,20150511,US,ATM_INT,Lunes,11,20050923.0,486.0,F,Personal Plus,70.0,1027550.0,123400.0,1,0.0,0.0,0.0,1,0.0,4552.41,1.0,Quincena_1
1822376127,0,1199180.67,16,1.0,ATM_INT,20150511,US,ATM_INT,Lunes,11,20050923.0,486.0,F,Personal Plus,70.0,1027550.0,123400.0,1,0.0,0.0,0.0,1,0.0,4552.41,1.0,Quincena_1
7880821464,1,1200872.44,0,311.31,ATM_INT,20150509,PA,ATM_INT,Sabado,9,20130917.0,673.0,M,Personal Plus,29.0,4180000.0,300000.0,2,9104.82,4552.41,4552.41,6,164.09,1043.91,1969.05,Quincena_1
5598563483,0,120140.5,18,9.34,POS,20150515,US,MCI,Viernes,15,20000518.0,21.0,M,Personal Plus,42.0,3000000.0,2000000.0,2,18209.64,4552.41,4552.41,2,9.34,4552.41,37.37,Quincena_1
6998668239,0,120258.42,21,23.59,POS,20150530,US,MCI,Sabado,30,20080603.0,29.0,M,Personal Plus,36.0,3805114.0,800000.0,1,0.0,0.0,0.0,4,13.15,4552.41,105.21,Quincena_2
7071374911,0,1203911.21,20,9.34,POS,20150529,US,MCI,Viernes,29,19980506.0,21.0,M,Personal Plus,34.0,5000000.0,1500000.0,1,0.0,0.0,0.0,2,9.34,4552.41,289.61,Quincena_2
3221066858,0,120408.05,11,304.29,POS,20150506,US,POS,Miercoles,6,19990503.0,193.0,F,Preferencial,61.0,15000000.0,8000000.0,3,29372.22,5874.44,7857.49,3,182.87,4552.41,731.48,Quincena_1
8371779349,0,120415.03,20,23.59,POS,20150515,US,POS,Viernes,15,19991008.0,613.0,M,Personal Plus,37.0,3262015.0,180000.0,1,0.0,0.0,0.0,4,12.95,4552.41,103.6,Quincena_1
2480425253,1,1204406.74,17,1.0,POS,20150512,US,MCI,Martes,12,20111007.0,601.0,M,Personal Plus,42.0,4000000.0,3500000.0,2,18209.64,4552.41,4552.41,1,0.0,4552.41,1.0,Quincena_1
8880425253,1,1204406.74,17,1.0,POS,20150512,US,MCI,Martes,12,20111007.0,601.0,M,Personal Plus,42.0,4000000.0,3500000.0,2,18209.64,4552.41,4552.41,1,0.0,4552.41,1.0,Quincena_1
8379555385,1,1205199.05,6,23.31,POS,20150514,US,POS,Jueves,14,19940823.0,158.0,M,Preferencial,43.0,24791430.0,7000000.0,2,4552.41,4552.41,4552.41,2,23.31,4552.41,139.87,Quincena_1
763228457,0,120535.06,11,1.0,POS,20150526,US,POS,Martes,26,19940727.0,171.0,M,Preferencial,57.0,3100000.0,3000000.0,1,0.0,0.0,0.0,1,0.0,4552.41,1.0,Quincena_2
7664555426,0,12054.8,6,659.13,POS,20150514,US,MCI,Jueves,14,19941110.0,498.0,F,Preferencial,47.0,10000000.0,3000000.0,2,18209.64,4552.41,4552.41,7,348.89,4552.41,4186.72,Quincena_1
4571748725,0,12059.07,18,28.59,POS,20150503,AW,POS,Domingo,3,19950601.0,527.0,M,Preferencial,40.0,35500000.0,2000000.0,2,9104.82,4552.41,4552.41,3,25.25,971.23,151.52,Quincena_1
6971748725,0,12059.07,18,28.59,POS,20150503,AW,POS,Domingo,3,19950601.0,527.0,M,Preferencial,40.0,35500000.0,2000000.0,2,9104.82,4552.41,4552.41,3,25.25,971.23,151.52,Quincena_1
3379448017,0,1206055.62,15,37.14,ATM_INT,20150507,US,ATM_INT,Jueves,7,19931228.0,171.0,M,Personal Plus,47.0,1600000.0,1300000.0,2,4552.41,4552.41,4552.41,3,28.37,4552.41,113.47,Quincena_1
7971396099,1,1206572.09,20,216.33,POS,20150519,US,POS,Martes,19,19960723.0,541.0,M,Preferencial,39.0,20217499.0,2000000.0,2,9104.82,4552.41,4552.41,6,28.05,4552.41,813.41,Quincena_2
8671396099,1,1206572.09,20,216.33,POS,20150519,US,POS,Martes,19,19960723.0,541.0,M,Preferencial,39.0,20217499.0,2000000.0,2,9104.82,4552.41,4552.41,6,28.05,4552.41,813.41,Quincena_2
8298668239,0,120670.61,18,23.59,POS,20150530,US,MCI,Sabado,30,20080603.0,29.0,M,Personal Plus,36.0,3805114.0,800000.0,1,0.0,0.0,0.0,4,13.15,4552.41,105.21,Quincena_2
448271522,0,120753.08,17,23.59,POS,20150520,US,POS,Miercoles,20,20000622.0,333.0,M,Personal,68.0,900000.0,900000.0,1,0.0,0.0,0.0,4,14.27,4552.41,128.47,Quincena_2
5238285936,1,1208581.92,4,97.1,ATM_INT,20150514,US,ATM_INT,Jueves,14,19930115.0,841.0,F,Emprendedor,43.0,1492687.0,300000.0,1,0.0,0.0,0.0,2,97.1,4552.41,388.39,Quincena_1
2617345769,0,12090.9,15,74.29,POS,20150503,US,MCI,Domingo,3,20060829.0,844.0,M,Preferencial,44.0,18000000.0,4000000.0,1,0.0,0.0,0.0,2,74.29,4552.41,297.17,Quincena_1
617345769,0,12090.9,15,74.29,POS,20150503,US,MCI,Domingo,3,20060829.0,844.0,M,Preferencial,44.0,18000000.0,4000000.0,1,0.0,0.0,0.0,2,74.29,4552.41,297.17,Quincena_1
7271785579,0,120938.63,13,243.62,POS,20150513,US,MCI,Miercoles,13,19991202.0,268.0,M,Preferencial,36.0,8700000.0,5500000.0,3,7789.51,2596.5,4552.41,3,83.3,4552.41,583.13,Quincena_1
5779693572,0,121017.95,18,48.19,POS,20150526,US,MCI,Martes,26,19970617.0,42.0,M,Personal Plus,41.0,6000000.0,4000000.0,3,10914.44,2728.61,4552.41,3,37.17,4552.41,111.52,Quincena_2
4716651830,0,121201.13,0,1.0,POS,20150511,US,MCI,Lunes,11,19891201.0,967.0,M,Preferencial,57.0,29660000.0,1600000.0,1,0.0,0.0,0.0,1,0.0,4552.41,1.0,Quincena_1
2071786705,0,121218.08,16,340.09,POS,20150516,US,POS,Sabado,16,19970509.0,611.0,M,Preferencial,38.0,11215333.0,6000000.0,2,9104.82,4552.41,4552.41,7,113.8,4552.41,3300.19,Quincena_2
9119376940,0,121265.05,13,80.92,POS,20150529,US,POS,Viernes,29,19830928.0,186.0,M,Personal Plus,56.0,8570500.0,1500000.0,2,13657.23,4552.41,4552.41,7,45.74,4552.41,640.3,Quincena_2
3152492170,0,121289.05,15,1.0,POS,20150504,US,POS,Lunes,4,20040624.0,673.0,F,Personal Plus,37.0,1500000.0,900000.0,1,0.0,0.0,0.0,1,0.0,4552.41,1.0,Quincena_1
8652492170,0,121289.05,15,1.0,POS,20150504,US,POS,Lunes,4,20040624.0,673.0,F,Personal Plus,37.0,1500000.0,900000.0,1,0.0,0.0,0.0,1,0.0,4552.41,1.0,Quincena_1
1180210746,1,1213342.23,13,221.58,ATM_INT,20150503,US,ATM_INT,Domingo,3,20081105.0,203.0,M,Personal Plus,31.0,3800000.0,2500000.0,2,8892.0,4446.0,4446.0,6,85.66,4552.41,770.9,Quincena_1
2852387545,1,121384.84,22,659.13,POS,20150507,HN,MCI,Jueves,7,20060330.0,304.0,F,Personal Plus,37.0,6000000.0,6000000.0,1,0.0,0.0,0.0,3,481.71,2004.01,1926.84,Quincena_1
9480133789,1,1214541.73,5,30.2,ATM_INT,20150503,PA,ATM_INT,Domingo,3,20030620.0,699.0,M,Preferencial,33.0,19000000.0,5700000.0,3,15273.33,3818.33,3854.54,3,26.76,6667.61,214.06,Quincena_1
7271700131,0,121538.06,10,591.73,POS,20150522,US,POS,Viernes,22,19970825.0,279.0,M,Personal Plus,47.0,3000000.0,1300000.0,1,0.0,0.0,0.0,17,197.11,4552.41,10249.76,Quincena_2
9471396099,1,1216656.06,20,216.33,POS,20150519,US,POS,Martes,19,19960723.0,541.0,M,Preferencial,39.0,20217499.0,2000000.0,2,9104.82,4552.41,4552.41,6,28.05,4552.41,813.41,Quincena_2
10053031247,1,121783.5,1,163.64,ATM_INT,20150517,EC,ATM_INT,Domingo,17,20091015.0,246.0,F,Personal Plus,30.0,1350000.0,840000.0,1,0.0,0.0,0.0,4,67.13,904.81,402.77,Quincena_2
1835250076,0,1217956.25,0,1.0,ATM_INT,20150519,US,ATM_INT,Martes,19,20141114.0,307.0,F,Emprendedor,35.0,1500000.0,3000000.0,2,4552.41,4552.41,4552.41,1,0.0,4552.41,1.0,Quincena_2
5951751482,1,1217956.25,22,330.51,ATM_INT,20150516,CR,ATM_INT,Sabado,16,19981014.0,230.0,F,Personal Plus,51.0,7000000.0,6000000.0,1,0.0,0.0,0.0,4,228.89,1482.35,915.58,Quincena_2
9022449122,1,1217956.25,13,733.11,ATM_INT,20150516,CR,ATM_INT,Sabado,16,20120217.0,516.0,F,Personal Plus,52.0,4951583.0,5000000.0,1,0.0,0.0,0.0,3,378.21,1482.35,3025.67,Quincena_2
9480039827,1,1217956.25,16,1.0,ATM_INT,20150518,CR,ATM_INT,Lunes,18,20050725.0,699.0,M,Emprendedor,32.0,2500000.0,1500000.0,1,0.0,0.0,0.0,1,0.0,1482.35,1.0,Quincena_2
503704287,0,1217956.25,13,756.04,ATM_INT,20150518,US,ATM_INT,Lunes,18,20110304.0,486.0,M,Personal Plus,74.0,2000000.0,1000000.0,1,0.0,0.0,0.0,6,551.08,4552.41,11572.61,Quincena_2
216355013,0,121816.5,18,304.29,POS,20150519,US,MCI,Martes,19,19960619.0,874.0,M,Preferencial,54.0,51500000.0,19000000.0,3,4898.45,2449.22,3854.54,4,203.58,4552.41,610.74,Quincena_2
82900443070,0,1218292.16,20,1.0,ATM_INT,20150505,US,ATM_INT,Martes,5,20120106.0,781.0,F,Emprendedor,22.0,0.0,0.0,1,0.0,0.0,0.0,1,0.0,4552.41,1.0,Quincena_1
3141523935,1,1220708.16,15,1.0,ATM_INT,20150505,US,ATM_INT,Martes,5,19910108.0,690.0,F,Personal Plus,66.0,2000000.0,0.0,1,0.0,0.0,0.0,1,0.0,4552.41,1.0,Quincena_1
8292501388,0,1220708.16,17,122.43,ATM_INT,20150505,US,ATM_INT,Martes,5,20150302.0,786.0,M,Emprendedor,52.0,9000000.0,4500000.0,2,4552.41,4552.41,4552.41,2,122.43,4552.41,122.43,Quincena_1
810236239,1,1221356.65,21,260.8,POS,20150518,US,MCI,Lunes,18,19740401.0,519.0,M,Preferencial,60.0,10885000.0,5300000.0,1,0.0,0.0,0.0,7,87.56,4552.41,1313.39,Quincena_2
6321066858,0,122262.07,14,304.29,POS,20150506,US,POS,Miercoles,6,19990503.0,193.0,F,Preferencial,61.0,15000000.0,8000000.0,3,29372.22,5874.44,7857.49,3,182.87,4552.41,731.48,Quincena_1
1673072826,1,1225142.41,1,1217.57,POS,20150501,US,MCI,Viernes,1,19780601.0,517.0,M,Preferencial,59.0,25669500.0,5000000.0,2,9104.82,4552.41,4552.41,6,691.97,4552.41,13839.34,Quincena_1
4673072826,1,1225142.41,1,1217.57,POS,20150501,US,MCI,Viernes,1,19780601.0,517.0,M,Preferencial,59.0,25669500.0,5000000.0,2,9104.82,4552.41,4552.41,6,691.97,4552.41,13839.34,Quincena_1
7571599270,0,1225255.5,12,12.01,ATM_INT,20150519,US,ATM_INT,Martes,19,20101201.0,274.0,M,Personal Plus,54.0,1705000.0,700000.0,2,4552.41,4552.41,4552.41,4,9.69,4552.41,96.89,Quincena_2
8275095449,1,1226492.25,18,167.78,ATM_INT,20150518,US,ATM_INT,Lunes,18,20050315.0,59.0,M,Personal Plus,34.0,2500000.0,2000000.0,1,0.0,0.0,0.0,2,167.78,4552.41,671.13,Quincena_2
424770269,0,1226492.25,20,1.0,ATM_INT,20150519,US,ATM_INT,Martes,19,20131206.0,185.0,F,Personal,58.0,200000.0,100000.0,1,0.0,0.0,0.0,1,0.0,4552.41,1.0,Quincena_2
4071691055,0,122891.91,23,9.34,POS,20150503,US,MCI,Domingo,3,19901023.0,360.0,M,Personal Plus,47.0,13500000.0,5000000.0,2,9104.82,4552.41,4552.41,2,9.34,4552.41,56.05,Quincena_1
8871691055,0,122891.91,23,9.34,POS,20150503,US,MCI,Domingo,3,19901023.0,360.0,M,Personal Plus,47.0,13500000.0,5000000.0,2,9104.82,4552.41,4552.41,2,9.34,4552.41,56.05,Quincena_1
7516832975,0,122896.3,0,782.14,POS,20150520,US,MCI,Miercoles,20,19960716.0,813.0,M,Preferencial,41.0,16000000.0,0.0,1,0.0,0.0,0.0,5,294.0,4552.41,2939.96,Quincena_2
10071786223,0,123008.01,19,461.26,POS,20150513,US,MCI,Miercoles,13,19970617.0,238.0,M,Preferencial,39.0,15500000.0,2000000.0,2,1942.46,971.23,971.23,9,72.17,4552.41,2814.59,Quincena_1
1824571460,1,1231031.05,20,131.63,POS,20150520,US,POS,Miercoles,20,20101102.0,238.0,F,Personal Plus,60.0,3000000.0,1030000.0,2,9104.82,4552.41,4552.41,3,29.72,4552.41,356.69,Quincena_2
1632297036,1,1231155.03,22,659.13,POS,20150506,US,POS,Miercoles,6,20030611.0,272.0,F,Personal Plus,30.0,6600000.0,3000000.0,5,58734.39,4195.31,7857.49,5,375.35,4552.41,3378.11,Quincena_1
5364557465,0,124066.77,18,567.34,POS,20150513,US,MCI,Miercoles,13,19951102.0,430.0,F,Personal Plus,46.0,5000000.0,0.0,4,53306.62,5922.96,13397.14,6,194.71,4552.41,1752.37,Quincena_1
6516250915,1,1247056.03,19,1182.29,POS,20150520,US,POS,Miercoles,20,19890407.0,750.0,M,Personal Plus,62.0,5000000.0,3000000.0,1,0.0,0.0,0.0,11,125.81,4552.41,7548.73,Quincena_2
86300237898,0,124976.86,18,614.04,POS,20150506,US,MCI,Miercoles,6,19890814.0,961.0,F,Preferencial,56.0,11000000.0,4500000.0,3,24370.75,6092.69,7632.97,2,614.04,4552.41,1228.07,Quincena_1
678177635,1,1250061.06,19,720.59,POS,20150519,US,POS,Martes,19,20081118.0,554.0,M,Personal Plus,30.0,6173000.0,2000000.0,2,9104.82,4552.41,4552.41,6,246.98,4552.41,2963.71,Quincena_2
5816651830,0,125103.12,23,1.0,POS,20150511,US,MCI,Lunes,11,19891201.0,967.0,M,Preferencial,57.0,29660000.0,1600000.0,1,0.0,0.0,0.0,1,0.0,4552.41,1.0,Quincena_1
6552956578,1,125193.6,23,1.0,ATM_INT,20150521,PH,ATM_INT,Jueves,21,20101027.0,54.0,F,Personal Plus,31.0,3000000.0,500000.0,3,12573.96,3143.49,4552.41,1,0.0,17592.42,1.0,Quincena_2
3249716272,0,1255269.98,23,626.82,POS,20150516,US,MCI,Sabado,16,20120607.0,523.0,F,Preferencial,32.0,5000000.0,1000000.0,2,4552.41,4552.41,4552.41,2,626.82,4552.41,3134.08,Quincena_2
7239678509,1,1257131.75,19,130.39,ATM_INT,20150522,US,ATM_INT,Viernes,22,20010423.0,231.0,F,Personal Plus,34.0,1800000.0,500000.0,1,0.0,0.0,0.0,2,130.39,4552.41,260.78,Quincena_2
4679373629,1,1257266.04,13,470.23,POS,20150525,US,POS,Lunes,25,19930913.0,600.0,M,Preferencial,49.0,35500000.0,11000000.0,2,13657.23,4552.41,4552.41,7,225.8,4552.41,7225.54,Quincena_2
618345685,1,125727.89,18,583.56,POS,20150518,GB,MCI,Lunes,18,19840501.0,850.0,M,Preferencial,65.0,135147200.0,0.0,6,31079.73,3884.97,9284.13,4,404.31,8351.75,4447.4,Quincena_2
4143733088,0,12586915.88,22,1.0,POS,20150509,US,MCI,Sabado,9,19960124.0,5.0,F,Personal Plus,43.0,8000000.0,700000.0,2,9104.82,4552.41,4552.41,1,0.0,4552.41,1.0,Quincena_1
3415434280,0,126066.07,13,340.79,POS,20150511,US,POS,Lunes,11,20030306.0,540.0,M,Preferencial,44.0,12819167.0,9862667.0,2,9104.82,4552.41,4552.41,7,64.49,4552.41,2192.53,Quincena_1
7771786148,1,1260678.15,16,243.62,POS,20150530,US,MCI,Sabado,30,19961105.0,250.0,M,Preferencial,39.0,30166000.0,15000000.0,3,11079.38,5539.69,6526.97,5,161.31,4552.41,967.86,Quincena_2
2263333588,0,1261005.05,17,81.37,POS,20150517,US,POS,Domingo,17,19980119.0,814.0,F,PYME,48.0,0.0,0.0,1,0.0,0.0,0.0,2,81.37,4552.41,162.73,Quincena_2
880757458,0,12629.04,23,1.0,POS,20150527,US,POS,Miercoles,27,20030213.0,601.0,M,Personal Plus,32.0,9005000.0,5000000.0,1,0.0,0.0,0.0,1,0.0,4552.41,1.0,Quincena_2
679613486,1,1267193.81,17,234.42,ATM_INT,20150522,PA,ATM_INT,Viernes,22,20081118.0,31.0,M,Personal Plus,43.0,3200000.0,1400000.0,1,0.0,0.0,0.0,3,220.95,1043.91,883.81,Quincena_2
5132299532,0,126906.09,16,23.59,POS,20150515,US,POS,Viernes,15,20100831.0,693.0,F,Preferencial,30.0,17600000.0,3500000.0,1,0.0,0.0,0.0,4,13.57,4552.41,108.57,Quincena_1
8536302872,0,1270505.28,15,234.42,POS,20150513,US,MCI,Miercoles,13,20000609.0,534.0,F,PYME,34.0,56666000.0,37600750.0,1,0.0,0.0,0.0,3,219.46,4552.41,1316.79,Quincena_1
8279373629,1,1272028.05,13,470.23,POS,20150525,US,POS,Lunes,25,19930913.0,600.0,M,Preferencial,49.0,35500000.0,11000000.0,2,13657.23,4552.41,4552.41,7,225.8,4552.41,7225.54,Quincena_2
7698634370,0,127228.24,7,1.0,ATM_INT,20150524,AR,ATM_INT,Domingo,24,20030801.0,4.0,M,Personal Plus,36.0,2575000.0,200000.0,1,0.0,0.0,0.0,1,0.0,7130.01,1.0,Quincena_2
6971371028,0,12724.03,19,13.67,POS,20150530,US,POS,Sabado,30,19940311.0,222.0,M,Personal Plus,34.0,2300000.0,500000.0,1,0.0,0.0,0.0,5,9.09,4552.41,263.66,Quincena_2
21020781238,0,1273452.75,22,733.11,POS,20150520,US,MCI,Miercoles,20,20080617.0,32.0,F,Personal Plus,22.0,4000000.0,2000000.0,3,48002.68,5333.63,8455.65,4,236.03,4552.41,3068.4,Quincena_2
7372270418,0,127473.05,22,671.25,POS,20150511,US,MCI,Lunes,11,19990617.0,107.0,M,Preferencial,33.0,10900000.0,1500000.0,1,0.0,0.0,0.0,7,522.59,4552.41,8361.51,Quincena_1
5966992456,0,127572.08,17,19.59,POS,20150514,PA,POS,Jueves,14,20000113.0,77.0,F,Personal Plus,38.0,5186693.0,0.0,1,0.0,0.0,0.0,2,19.59,1043.91,78.38,Quincena_1
3672274585,0,127732.79,2,698.52,POS,20150526,US,MCI,Martes,26,20031023.0,248.0,M,Emprendedor,32.0,5000000.0,3000000.0,1,0.0,0.0,0.0,2,698.52,4552.41,2794.09,Quincena_2
6279947762,1,1280094.28,16,659.13,POS,20150526,MX,MCI,Martes,26,20071031.0,498.0,M,Preferencial,37.0,41000000.0,27000000.0,2,3237.1,1618.55,1618.55,9,126.38,3854.54,3285.77,Quincena_2
1971743945,0,128603.04,17,275.97,ATM_INT,20150511,PA,ATM_INT,Lunes,11,19980429.0,695.0,M,Personal Plus,41.0,8005000.0,3000000.0,2,4175.65,1043.91,1043.91,6,50.33,1043.91,1107.35,Quincena_1
4771266576,0,128835.08,19,996.19,POS,20150504,US,POS,Lunes,4,20060511.0,2.0,M,Personal Plus,33.0,5000000.0,0.0,2,9104.82,4552.41,4552.41,5,420.44,4552.41,3783.99,Quincena_1
9671266576,0,128835.08,19,996.19,POS,20150504,US,POS,Lunes,4,20060511.0,2.0,M,Personal Plus,33.0,5000000.0,0.0,2,9104.82,4552.41,4552.41,5,420.44,4552.41,3783.99,Quincena_1
9279733678,0,128885.05,12,294.43,POS,20150514,PA,POS,Jueves,14,20030218.0,652.0,M,Preferencial,34.0,10500000.0,2000000.0,3,29540.45,3282.27,4552.41,5,154.25,1043.91,1234.03,Quincena_1
2979598220,0,128907.04,16,131.71,POS,20150501,US,POS,Viernes,1,19980325.0,702.0,M,Personal Plus,43.0,7100000.0,1800000.0,2,9104.82,4552.41,4552.41,3,93.43,4552.41,280.3,Quincena_1
9279598220,0,128907.04,16,131.71,POS,20150501,US,POS,Viernes,1,19980325.0,702.0,M,Personal Plus,43.0,7100000.0,1800000.0,2,9104.82,4552.41,4552.41,3,93.43,4552.41,280.3,Quincena_1
5080504385,0,128943.22,23,294.43,POS,20150506,US,MCI,Miercoles,6,19960523.0,963.0,M,Preferencial,41.0,25000000.0,8000000.0,3,18816.11,2352.01,4552.41,12,69.33,4552.41,2565.32,Quincena_1
9273167643,0,1289713.5,18,1.0,ATM_INT,20150530,US,ATM_INT,Sabado,30,20070817.0,602.0,M,Personal Plus,41.0,6000000.0,6000000.0,1,0.0,0.0,0.0,1,0.0,4552.41,1.0,Quincena_2
538177635,1,1289798.09,19,720.59,POS,20150519,US,POS,Martes,19,20081118.0,554.0,M,Personal Plus,30.0,6173000.0,2000000.0,2,9104.82,4552.41,4552.41,6,246.98,4552.41,2963.71,Quincena_2
258291236,1,129315.08,20,614.04,POS,20150501,US,POS,Viernes,1,19871008.0,222.0,M,Preferencial,69.0,12000000.0,4000000.0,2,9104.82,4552.41,4552.41,4,391.81,4552.41,5485.37,Quincena_1
298291236,1,129315.08,20,614.04,POS,20150501,US,POS,Viernes,1,19871008.0,222.0,M,Preferencial,69.0,12000000.0,4000000.0,2,9104.82,4552.41,4552.41,4,391.81,4552.41,5485.37,Quincena_1
51047400988,0,1293484.48,21,614.04,POS,20150503,US,MCI,Domingo,3,20100825.0,767.0,M,Personal Plus,26.0,12500000.0,500000.0,2,18209.64,4552.41,4552.41,4,297.26,4798.32,1189.02,Quincena_1
7752860968,0,1294771.2,23,1.0,ATM_INT,20150527,US,ATM_INT,Miercoles,27,20121023.0,168.0,F,Personal Plus,32.0,2800000.0,1500000.0,2,4552.41,4552.41,4552.41,1,0.0,4552.41,1.0,Quincena_2
7498668239,0,129558.61,18,23.59,POS,20150530,US,MCI,Sabado,30,20080603.0,29.0,M,Personal Plus,36.0,3805114.0,800000.0,1,0.0,0.0,0.0,4,13.15,4552.41,105.21,Quincena_2
2177012000,0,129823.82,14,711.63,POS,20150515,US,MCI,Viernes,15,19951002.0,692.0,M,PYME,54.0,281000000.0,0.0,4,25893.9,3699.13,4552.41,8,421.03,4552.41,8420.56,Quincena_1
3900329151,0,13001774.37,20,330.51,POS,20150516,US,MCI,Sabado,16,20120821.0,850.0,M,PYME,32.0,8321600.0,2084666.0,1,0.0,0.0,0.0,8,148.43,4552.41,3710.79,Quincena_2
522802602,0,130164.06,15,659.13,POS,20150515,US,POS,Viernes,15,20010322.0,93.0,F,Personal Plus,35.0,6500000.0,2000000.0,2,9104.82,4552.41,4552.41,4,464.36,4552.41,1857.46,Quincena_1
6971775623,0,1303121.63,20,461.26,POS,20150511,US,MCI,Lunes,11,20000704.0,543.0,M,Preferencial,37.0,14538190.0,5080000.0,5,61592.17,4399.44,8455.65,4,238.07,4552.41,1428.44,Quincena_1
6652512413,0,130396.07,8,36.05,POS,20150522,AR,POS,Viernes,22,20140203.0,762.0,F,Preferencial,37.0,17686000.0,3000000.0,4,13940.94,2323.49,4308.01,4,32.23,4308.01,709.01,Quincena_2
2979690992,0,130563.34,15,243.62,POS,20150530,US,MCI,Sabado,30,19981216.0,313.0,M,Preferencial,39.0,18960002.0,0.0,3,19069.26,3178.21,4552.41,6,82.47,4552.41,2226.64,Quincena_2
3271718336,0,130630.08,1,270.5,POS,20150503,US,MCI,Domingo,3,19900717.0,6.0,M,Preferencial,44.0,10000000.0,5000000.0,1,0.0,0.0,0.0,13,76.67,4552.41,3603.58,Quincena_1
7071718336,0,130630.08,1,270.5,POS,20150503,US,MCI,Domingo,3,19900717.0,6.0,M,Preferencial,44.0,10000000.0,5000000.0,1,0.0,0.0,0.0,13,76.67,4552.41,3603.58,Quincena_1
128061210,0,130636.84,15,13.67,POS,20150520,US,MCI,Miercoles,20,20130312.0,21.0,M,Personal Plus,30.0,2800000.0,1200000.0,2,22762.05,4552.41,4552.41,3,10.4,4552.41,72.82,Quincena_2
5042882316,0,130748.02,21,10.34,POS,20150503,US,POS,Domingo,3,20000208.0,230.0,F,Preferencial,50.0,5000000.0,4500000.0,2,4886.27,2443.14,2443.14,2,10.34,4552.41,10.34,Quincena_1
9142882316,0,130748.02,21,10.34,POS,20150503,US,POS,Domingo,3,20000208.0,230.0,F,Preferencial,50.0,5000000.0,4500000.0,2,4886.27,2443.14,2443.14,2,10.34,4552.41,10.34,Quincena_1
3371691350,0,1307779.03,13,340.09,POS,20150507,US,POS,Jueves,7,19991203.0,600.0,M,Preferencial,47.0,14264000.0,3000000.0,3,20435.63,2919.38,4552.41,8,77.04,4552.41,3312.82,Quincena_1
8143583336,1,1311160.09,6,9.34,POS,20150519,US,POS,Martes,19,19960830.0,362.0,F,Personal Plus,41.0,7600000.0,2000000.0,1,0.0,0.0,0.0,2,9.34,4552.41,37.37,Quincena_2
5243626669,1,1314712.45,19,243.62,POS,20150522,US,MCI,Viernes,22,19970408.0,342.0,F,Personal Plus,39.0,4220528.0,1608000.0,2,4552.41,4552.41,4552.41,4,46.76,4552.41,1730.26,Quincena_2
9143626669,1,1323033.25,19,243.62,POS,20150522,US,MCI,Viernes,22,19970408.0,342.0,F,Personal Plus,39.0,4220528.0,1608000.0,2,4552.41,4552.41,4552.41,4,46.76,4552.41,1730.26,Quincena_2
9121938738,0,132337.05,14,1.0,POS,20150521,US,POS,Jueves,21,20051125.0,54.0,F,Emprendedor,51.0,4000000.0,2000000.0,2,13657.23,4552.41,4552.41,1,0.0,4552.41,1.0,Quincena_2
3443550828,0,132623.09,11,1.0,POS,20150530,PA,POS,Sabado,30,19940426.0,543.0,F,Personal Plus,45.0,3000000.0,3000000.0,1,0.0,0.0,0.0,1,0.0,1043.91,1.0,Quincena_2
7080105340,0,132855.06,11,12.01,POS,20150519,US,POS,Martes,19,20080917.0,379.0,M,Personal Plus,33.0,2500000.0,300000.0,2,9104.82,4552.41,4552.41,2,12.01,4552.41,12.01,Quincena_2
1298563411,1,1329913.02,19,243.62,POS,20150530,FR,POS,Sabado,30,19911011.0,167.0,M,Preferencial,42.0,12740000.0,3000000.0,1,0.0,0.0,0.0,7,101.34,8455.65,3749.44,Quincena_2
30289561,0,133110.04,11,1.0,POS,20150502,US,POS,Sabado,2,19981117.0,963.0,M,Preferencial,49.0,31724000.0,20000000.0,1,0.0,0.0,0.0,1,0.0,4552.41,1.0,Quincena_1
54289561,0,133110.04,11,1.0,POS,20150502,US,POS,Sabado,2,19981117.0,963.0,M,Preferencial,49.0,31724000.0,20000000.0,1,0.0,0.0,0.0,1,0.0,4552.41,1.0,Quincena_1
7980442360,0,133517.04,12,70.8,POS,20150515,US,POS,Viernes,15,19970218.0,624.0,M,Personal Plus,43.0,8370000.0,3500000.0,1,0.0,0.0,0.0,4,50.4,4552.41,302.39,Quincena_1
7779558012,0,134017.09,15,23.31,POS,20150502,US,POS,Sabado,2,19911003.0,498.0,M,Preferencial,42.0,34000000.0,0.0,4,8448.73,1689.75,2443.14,2,23.31,4552.41,93.24,Quincena_1
8479558012,0,134017.09,15,23.31,POS,20150502,US,POS,Sabado,2,19911003.0,498.0,M,Preferencial,42.0,34000000.0,0.0,4,8448.73,1689.75,2443.14,2,23.31,4552.41,93.24,Quincena_1
1371310803,0,134377.02,13,243.62,POS,20150524,US,POS,Domingo,24,20020709.0,613.0,M,Personal Plus,35.0,2656000.0,0.0,1,0.0,0.0,0.0,4,99.7,4552.41,1096.73,Quincena_2
3971334897,0,1347159.45,23,472.23,POS,20150515,US,MCI,Viernes,15,19900205.0,850.0,M,Preferencial,40.0,7800000.0,15428000.0,3,13280.47,2213.41,4552.41,7,107.89,4552.41,3668.27,Quincena_1
3379690992,0,13525.21,22,243.62,POS,20150530,US,MCI,Sabado,30,19981216.0,313.0,M,Preferencial,39.0,18960002.0,0.0,3,19069.26,3178.21,4552.41,6,82.47,4552.41,2226.64,Quincena_2
280815723,0,135424.31,22,1217.57,POS,20150513,AR,MCI,Miercoles,13,20121022.0,141.0,M,Preferencial,31.0,9400000.0,1300000.0,4,21520.97,3586.83,4446.0,6,295.63,4308.01,2660.69,Quincena_1
398659466,1,1355038.95,18,26.34,POS,20150527,US,MCI,Miercoles,27,20070207.0,420.0,M,Personal Plus,39.0,3500000.0,2000000.0,2,4552.41,4552.41,4552.41,5,15.75,4552.41,661.52,Quincena_2
739444661,1,13565.04,15,41.57,POS,20150521,US,POS,Jueves,21,19911101.0,505.0,F,Personal Plus,42.0,5000000.0,5000000.0,2,4552.41,4552.41,4552.41,4,26.81,4552.41,268.13,Quincena_2
643733338,0,1357759.05,12,240.94,POS,20150521,US,POS,Jueves,21,19821116.0,275.0,F,Personal Plus,43.0,3300000.0,2200000.0,2,9104.82,4552.41,4552.41,5,18.69,4552.41,878.24,Quincena_2
1839686547,0,135904.04,18,236.69,POS,20150503,PA,POS,Domingo,3,19880224.0,40.0,F,Personal Plus,52.0,2500000.0,1500000.0,2,1043.91,1043.91,1043.91,5,46.5,1043.91,1395.02,Quincena_1
5939686547,0,135904.04,18,236.69,POS,20150503,PA,POS,Domingo,3,19880224.0,40.0,F,Personal Plus,52.0,2500000.0,1500000.0,2,1043.91,1043.91,1043.91,5,46.5,1043.91,1395.02,Quincena_1
6610007514,0,136194.6,17,243.62,POS,20150506,US,MCI,Miercoles,6,20050112.0,255.0,M,Personal Plus,36.0,3500000.0,2000000.0,1,0.0,0.0,0.0,5,39.64,4552.41,554.95,Quincena_1
7779690992,0,136488.67,22,243.62,POS,20150530,US,MCI,Sabado,30,19981216.0,313.0,M,Preferencial,39.0,18960002.0,0.0,3,19069.26,3178.21,4552.41,6,82.47,4552.41,2226.64,Quincena_2
9571700131,0,136508.07,12,591.73,POS,20150522,US,POS,Viernes,22,19970825.0,279.0,M,Personal Plus,47.0,3000000.0,1300000.0,1,0.0,0.0,0.0,17,197.11,4552.41,10249.76,Quincena_2
7443505364,0,136545.77,15,340.09,POS,20150511,US,MCI,Lunes,11,20001025.0,850.0,F,Preferencial,49.0,17000000.0,10000000.0,1,0.0,0.0,0.0,4,68.58,4552.41,1851.59,Quincena_1
19148117,0,136716.04,15,247.38,POS,20150503,US,POS,Domingo,3,20001214.0,788.0,M,Personal Plus,34.0,2555556.0,500000.0,1,0.0,0.0,0.0,3,184.5,4552.41,553.51,Quincena_1
639148117,0,136716.04,15,247.38,POS,20150503,US,POS,Domingo,3,20001214.0,788.0,M,Personal Plus,34.0,2555556.0,500000.0,1,0.0,0.0,0.0,3,184.5,4552.41,553.51,Quincena_1
4751910969,0,137393.03,15,1217.57,POS,20150515,US,POS,Viernes,15,19960503.0,108.0,F,Personal Plus,46.0,2750000.0,1100000.0,1,0.0,0.0,0.0,2,1217.57,4552.41,2435.14,Quincena_1
1249765300,0,137559.38,3,532.78,POS,20150521,US,MCI,Jueves,21,19971009.0,524.0,F,PYME,44.0,190148500.0,209727500.0,2,9104.82,4552.41,4552.41,2,532.78,4552.41,532.78,Quincena_2
1742899567,0,137575.13,19,337.29,POS,20150511,US,MCI,Lunes,11,19980508.0,24.0,F,Personal Plus,46.0,6832700.0,2000000.0,2,9104.82,4552.41,4552.41,6,56.91,4552.41,1479.67,Quincena_1
8942108697,0,137580.7,23,178.36,POS,20150519,US,MCI,Martes,19,19980420.0,73.0,F,Preferencial,41.0,9028495.0,1000000.0,1,0.0,0.0,0.0,4,64.64,4552.41,517.11,Quincena_2
9443756492,0,137734.32,23,472.23,POS,20150513,US,MCI,Miercoles,13,20110727.0,935.0,F,Personal Plus,37.0,18000000.0,12000000.0,2,18209.64,4552.41,4552.41,6,61.02,4552.41,3417.23,Quincena_1
3013451541,0,13798933.28,21,777.18,POS,20150521,US,MCI,Jueves,21,19940801.0,172.0,M,Preferencial,54.0,30000000.0,18000000.0,2,4552.41,4552.41,4552.41,2,777.18,4552.41,1554.36,Quincena_2
8772270418,0,138676.31,19,671.25,POS,20150511,US,MCI,Lunes,11,19990617.0,107.0,M,Preferencial,33.0,10900000.0,1500000.0,1,0.0,0.0,0.0,7,522.59,4552.41,8361.51,Quincena_1
2371366206,0,13906.08,4,461.26,POS,20150517,US,POS,Domingo,17,20000824.0,7.0,M,Personal Plus,31.0,12700000.0,600000.0,3,13280.47,2213.41,4552.41,4,157.07,4552.41,1256.57,Quincena_2
2979486925,0,139190.44,1,304.29,POS,20150503,US,MCI,Domingo,3,19940801.0,31.0,M,Personal Plus,45.0,6000000.0,6000000.0,5,33771.89,5628.65,15667.16,5,147.37,4552.41,1178.92,Quincena_1
3979486925,0,139190.44,1,304.29,POS,20150503,US,MCI,Domingo,3,19940801.0,31.0,M,Personal Plus,45.0,6000000.0,6000000.0,5,33771.89,5628.65,15667.16,5,147.37,4552.41,1178.92,Quincena_1
28382108,0,1399150.51,15,61.45,POS,20150530,US,MCI,Sabado,30,20100708.0,498.0,M,Preferencial,35.0,21143357.0,10000000.0,5,49912.1,4991.21,9793.85,3,29.4,4552.41,323.39,Quincena_2
2836302872,0,1400443.32,21,234.42,POS,20150513,US,MCI,Miercoles,13,20000609.0,534.0,F,PYME,34.0,56666000.0,37600750.0,1,0.0,0.0,0.0,3,219.46,4552.41,1316.79,Quincena_1
5652700247,0,140085.03,20,399.63,POS,20150503,US,POS,Domingo,3,20050216.0,697.0,F,Personal Plus,34.0,2050000.0,0.0,1,0.0,0.0,0.0,4,72.0,4552.41,1943.99,Quincena_1
8752700247,0,140085.03,20,399.63,POS,20150503,US,POS,Domingo,3,20050216.0,697.0,F,Personal Plus,34.0,2050000.0,0.0,1,0.0,0.0,0.0,4,72.0,4552.41,1943.99,Quincena_1
5524327563,1,1404019.59,19,592.76,POS,20150530,US,MCI,Sabado,30,19950327.0,860.0,F,Preferencial,60.0,9500000.0,3000000.0,2,7709.08,3854.54,3854.54,3,220.68,4552.41,1324.06,Quincena_2
3852521511,0,140406.04,15,1.0,POS,20150517,US,POS,Domingo,17,20031219.0,37.0,F,Emprendedor,37.0,1500000.0,300000.0,2,9104.82,4552.41,4552.41,1,0.0,4552.41,1.0,Quincena_2
10043542589,0,140417.09,9,659.13,POS,20150501,US,POS,Viernes,1,19941221.0,498.0,F,Preferencial,46.0,19405161.0,4000000.0,1,0.0,0.0,0.0,3,85.77,4552.41,1715.37,Quincena_1
2543542589,0,140417.09,9,659.13,POS,20150501,US,POS,Viernes,1,19941221.0,498.0,F,Preferencial,46.0,19405161.0,4000000.0,1,0.0,0.0,0.0,3,85.77,4552.41,1715.37,Quincena_1
8431164852,0,140720.79,21,26.82,POS,20150521,US,MCI,Jueves,21,19970825.0,60.0,F,Personal,52.0,0.0,0.0,2,9104.82,4552.41,4552.41,2,26.82,4552.41,321.86,Quincena_2
21017154323,0,141464.03,20,250.92,POS,20150513,US,MCI,Miercoles,13,20110223.0,541.0,F,Personal Plus,27.0,4500000.0,1500000.0,2,31866.87,4552.41,4552.41,5,127.58,4552.41,1020.61,Quincena_1
371277743,0,141483.02,13,340.09,POS,20150515,PA,POS,Viernes,15,20011022.0,274.0,M,Personal Plus,32.0,1700000.0,700000.0,1,0.0,0.0,0.0,7,97.57,8199.08,1366.01,Quincena_1
8219205018,1,14170.94,1,1.0,POS,20150518,US,MCI,Lunes,18,19911001.0,88.0,M,Personal Plus,62.0,8500000.0,3200000.0,2,9104.82,4552.41,4552.41,1,0.0,4552.41,1.0,Quincena_2
548125144,0,141898.75,15,243.62,POS,20150530,US,MCI,Sabado,30,20110919.0,611.0,M,Preferencial,36.0,19000000.0,11000000.0,2,3387.47,1693.74,1693.74,7,114.82,4552.41,2296.37,Quincena_2
4680084486,0,141950.26,16,659.13,POS,20150519,US,MCI,Martes,19,20110208.0,612.0,M,Personal Plus,35.0,10666000.0,1500000.0,1,0.0,0.0,0.0,6,219.76,4552.41,3955.76,Quincena_2
6316355013,0,142022.68,15,304.29,POS,20150519,US,MCI,Martes,19,19960619.0,874.0,M,Preferencial,54.0,51500000.0,19000000.0,3,4898.45,2449.22,3854.54,4,203.58,4552.41,610.74,Quincena_2
1980882057,1,142153.08,16,234.42,POS,20150509,US,POS,Sabado,9,20080815.0,426.0,M,Personal Plus,29.0,3000000.0,800000.0,3,16398.16,4099.54,4552.41,6,91.45,4552.41,2469.1,Quincena_1
5932255561,0,142891.05,9,23.59,POS,20150516,US,POS,Sabado,16,19940603.0,551.0,F,Personal Plus,32.0,2529703.0,0.0,2,9104.82,4552.41,4552.41,3,16.46,4552.41,65.86,Quincena_2
6639776140,0,143422.87,21,294.43,POS,20150519,US,MCI,Martes,19,19920701.0,180.0,F,Personal Plus,47.0,4000000.0,2000000.0,4,34903.35,5817.23,8682.37,3,204.06,4552.41,1224.35,Quincena_2
8431258545,0,1436744.12,19,1.0,ATM_INT,20150508,US,ATM_INT,Viernes,8,20021114.0,766.0,F,Personal,63.0,480000.0,0.0,1,0.0,0.0,0.0,1,0.0,4552.41,1.0,Quincena_1
4841951650,1,1437347.62,21,1.0,ATM_INT,20150509,US,ATM_INT,Sabado,9,20070402.0,69.0,F,Emprendedor,33.0,2500000.0,1200000.0,1,0.0,0.0,0.0,1,0.0,4552.41,1.0,Quincena_1
71018462354,1,143754.64,23,173.36,ATM_INT,20150523,CL,ATM_INT,Sabado,23,20140718.0,262.0,F,Personal,21.0,500000.0,400000.0,2,4308.01,4308.01,4308.01,2,173.36,3782.13,693.44,Quincena_2
717345769,0,1439760.19,2,74.29,POS,20150503,US,MCI,Domingo,3,20060829.0,844.0,M,Preferencial,44.0,18000000.0,4000000.0,1,0.0,0.0,0.0,2,74.29,4552.41,297.17,Quincena_1
9117345769,0,1439760.19,2,74.29,POS,20150503,US,MCI,Domingo,3,20060829.0,844.0,M,Preferencial,44.0,18000000.0,4000000.0,1,0.0,0.0,0.0,2,74.29,4552.41,297.17,Quincena_1
7442897602,1,144056.35,18,243.62,POS,20150501,US,MCI,Viernes,1,19910816.0,152.0,F,Preferencial,47.0,22966944.0,5000000.0,1,0.0,0.0,0.0,2,243.62,4552.41,974.49,Quincena_1
3479779154,0,144175.99,22,674.01,POS,20150506,US,MCI,Miercoles,6,19930125.0,4.0,M,Preferencial,40.0,9500000.0,2500000.0,1,0.0,0.0,0.0,7,201.29,4552.41,5636.26,Quincena_1
9643505364,0,144541.27,19,340.09,POS,20150511,US,MCI,Lunes,11,20001025.0,850.0,F,Preferencial,49.0,17000000.0,10000000.0,1,0.0,0.0,0.0,4,68.58,4552.41,1851.59,Quincena_1
494502012,0,145260.04,18,1.0,POS,20150514,US,POS,Jueves,14,20130305.0,115.0,M,Personal,75.0,0.0,0.0,1,0.0,0.0,0.0,1,0.0,4552.41,1.0,Quincena_1
128512072,0,1453098.29,13,574.22,ATM_INT,20150504,US,ATM_INT,Lunes,4,20150219.0,5.0,M,Personal Plus,58.0,19289300.0,8000000.0,2,4552.41,4552.41,4552.41,5,274.3,4552.41,1645.83,Quincena_1
1145530828,0,1453212.81,22,698.52,POS,20150521,US,MCI,Jueves,21,20030107.0,582.0,F,Personal Plus,33.0,6800000.0,1000000.0,2,4552.41,4552.41,4552.41,3,314.11,4552.41,4083.46,Quincena_2
6180882057,1,14594.04,17,234.42,POS,20150509,US,POS,Sabado,9,20080815.0,426.0,M,Personal Plus,29.0,3000000.0,800000.0,3,16398.16,4099.54,4552.41,6,91.45,4552.41,2469.1,Quincena_1
570563392,0,1461547.5,16,1.0,ATM_INT,20150518,US,ATM_INT,Lunes,18,20120315.0,245.0,M,Emprendedor,51.0,1.0,0.0,2,4552.41,4552.41,4552.41,1,0.0,4552.41,1.0,Quincena_2
733201672,0,1463917.43,5,614.04,POS,20150501,US,MCI,Viernes,1,19990405.0,484.0,F,Personal Plus,27.0,10000000.0,4000000.0,4,13146.91,2629.38,4552.41,2,614.04,4552.41,2456.15,Quincena_1
8233201672,0,1463917.43,5,614.04,POS,20150501,US,MCI,Viernes,1,19990405.0,484.0,F,Personal Plus,27.0,10000000.0,4000000.0,4,13146.91,2629.38,4552.41,2,614.04,4552.41,2456.15,Quincena_1
6916832975,0,14650.86,22,782.14,POS,20150520,US,MCI,Miercoles,20,19960716.0,813.0,M,Preferencial,41.0,16000000.0,0.0,1,0.0,0.0,0.0,5,294.0,4552.41,2939.96,Quincena_2
4736302872,0,146781.86,21,234.42,POS,20150513,US,MCI,Miercoles,13,20000609.0,534.0,F,PYME,34.0,56666000.0,37600750.0,1,0.0,0.0,0.0,3,219.46,4552.41,1316.79,Quincena_1
1271746727,0,146826.78,23,243.62,POS,20150519,US,MCI,Martes,19,19950127.0,344.0,M,Preferencial,40.0,23000000.0,10000000.0,1,0.0,0.0,0.0,3,163.01,4552.41,489.03,Quincena_2
4371773758,0,14684.51,21,973.95,POS,20150530,US,MCI,Sabado,30,19941102.0,279.0,M,Preferencial,39.0,10000000.0,1000000.0,5,34180.6,3797.84,5316.75,4,365.48,4552.41,3654.79,Quincena_2
1119205018,1,1472329.6,0,1.0,POS,20150518,US,MCI,Lunes,18,19911001.0,88.0,M,Personal Plus,62.0,8500000.0,3200000.0,2,9104.82,4552.41,4552.41,1,0.0,4552.41,1.0,Quincena_2
238266544,0,147724.76,22,470.23,POS,20150515,US,MCI,Viernes,15,19790208.0,929.0,M,Preferencial,69.0,20000000.0,5000000.0,3,15715.64,5238.55,7857.49,4,112.29,4552.41,1122.93,Quincena_1
843309915,1,14787.73,0,23.59,POS,20150524,US,MCI,Domingo,24,19900701.0,611.0,M,Preferencial,78.0,14280708.0,4500000.0,1,0.0,0.0,0.0,4,13.92,4552.41,139.15,Quincena_2
3332434046,0,147895.89,19,243.62,POS,20150502,US,MCI,Sabado,2,19780714.0,360.0,F,Personal Plus,66.0,9000000.0,6000000.0,2,4552.41,4552.41,4552.41,2,243.62,4552.41,2679.85,Quincena_1
6832434046,0,147895.89,19,243.62,POS,20150502,US,MCI,Sabado,2,19780714.0,360.0,F,Personal Plus,66.0,9000000.0,6000000.0,2,4552.41,4552.41,4552.41,2,243.62,4552.41,2679.85,Quincena_1
5864555426,0,148225.82,0,659.13,POS,20150514,US,MCI,Jueves,14,19941110.0,498.0,F,Preferencial,47.0,10000000.0,3000000.0,2,18209.64,4552.41,4552.41,7,348.89,4552.41,4186.72,Quincena_1
6179454028,0,148249.33,23,31.86,POS,20150529,US,MCI,Viernes,29,20000222.0,152.0,M,Preferencial,47.0,37000000.0,18000000.0,5,54557.64,4546.47,8351.75,5,20.74,4552.41,228.1,Quincena_2
5442145397,0,148480.09,12,181.91,POS,20150514,US,POS,Jueves,14,20040715.0,727.0,F,Personal Plus,33.0,3000000.0,200000.0,2,9104.82,4552.41,4552.41,4,104.89,4552.41,629.34,Quincena_1
4710130628,0,148622.01,17,733.45,POS,20150512,US,POS,Martes,12,19951001.0,73.0,M,Personal Plus,47.0,4050000.0,3600000.0,1,0.0,0.0,0.0,4,296.57,4552.41,2076.01,Quincena_1
61037575859,0,148735.07,11,131.63,POS,20150515,US,POS,Viernes,15,20100315.0,693.0,F,Personal Plus,28.0,2450000.0,300000.0,1,0.0,0.0,0.0,4,55.18,4552.41,331.11,Quincena_1
9594251351,0,149462.05,18,55.4,POS,20150517,US,POS,Domingo,17,19941102.0,772.0,M,Emprendedor,50.0,3000000.0,1500000.0,2,9104.82,4552.41,4552.41,3,41.51,4552.41,332.05,Quincena_2
9379373629,1,149512.07,13,470.23,POS,20150525,US,POS,Lunes,25,19930913.0,600.0,M,Preferencial,49.0,35500000.0,11000000.0,2,13657.23,4552.41,4552.41,7,225.8,4552.41,7225.54,Quincena_2
1852853016,1,1499166.08,15,1.0,POS,20150529,US,POS,Viernes,29,20081121.0,354.0,F,Emprendedor,34.0,2600000.0,1600000.0,2,9104.82,4552.41,4552.41,1,0.0,4552.41,1.0,Quincena_2
452853016,1,1499166.08,15,1.0,POS,20150529,US,POS,Viernes,29,20081121.0,354.0,F,Emprendedor,34.0,2600000.0,1600000.0,2,9104.82,4552.41,4552.41,1,0.0,4552.41,1.0,Quincena_2
2730394700,1,149951.08,14,131.63,POS,20150522,US,POS,Viernes,22,20020222.0,543.0,F,Preferencial,37.0,7900000.0,4000000.0,1,0.0,0.0,0.0,2,131.63,4552.41,526.53,Quincena_2
2737836403,0,15001.03,2,7.94,POS,20150526,US,POS,Martes,26,19940510.0,287.0,F,Personal Plus,56.0,2465000.0,1500000.0,2,7709.08,3854.54,3854.54,2,7.94,4552.41,15.87,Quincena_2
6742883556,0,150079.51,21,23.59,POS,20150515,US,MCI,Viernes,15,19791220.0,19.0,F,PYME,50.0,867000000.0,842000000.0,1,0.0,0.0,0.0,2,23.59,4552.41,235.86,Quincena_1
4551987744,0,150127.08,6,1.0,POS,20150514,PA,POS,Jueves,14,19920508.0,53.0,F,Personal Plus,44.0,1000000.0,0.0,3,11192.64,2798.16,4552.41,1,0.0,1043.91,1.0,Quincena_1
5272270749,0,1507669.14,15,574.65,ATM_INT,20150520,US,ATM_INT,Miercoles,20,20010122.0,234.0,M,Emprendedor,34.0,2861000.0,1000000.0,2,18209.64,4552.41,4552.41,4,378.79,4552.41,1515.15,Quincena_2
855306475,0,151225.07,9,1.0,POS,20150508,US,POS,Viernes,8,20060708.0,554.0,F,Personal Plus,30.0,8433220.0,1570000.0,3,3414.47,1707.23,2370.55,1,0.0,15330.4,1.0,Quincena_1
193177014,0,151239.2,12,733.11,ATM_INT,20150513,US,ATM_INT,Miercoles,13,19871001.0,816.0,M,Personal Plus,60.0,18872690.0,9966000.0,1,0.0,0.0,0.0,8,241.91,4552.41,6289.57,Quincena_1
1171776988,1,151246.09,23,221.58,ATM_INT,20150509,US,ATM_INT,Sabado,9,20010810.0,21.0,M,Personal Plus,36.0,5200000.0,2000000.0,2,15418.15,3854.54,3854.54,3,155.58,4552.41,933.49,Quincena_1
3172270418,0,151435.58,20,671.25,POS,20150511,US,MCI,Lunes,11,19990617.0,107.0,M,Preferencial,33.0,10900000.0,1500000.0,1,0.0,0.0,0.0,7,522.59,4552.41,8361.51,Quincena_1
5179460867,0,1514437.06,23,733.11,POS,20150522,US,MCI,Viernes,22,19920925.0,20.0,M,Preferencial,46.0,10228000.0,4000000.0,2,13657.23,4552.41,4552.41,4,345.16,4552.41,1035.47,Quincena_2
6942965550,0,1517323.84,19,182.44,ATM_INT,20150525,US,ATM_INT,Lunes,25,19990604.0,17.0,F,Emprendedor,59.0,2500000.0,1500000.0,1,0.0,0.0,0.0,3,66.87,4552.41,401.23,Quincena_2
8179690992,0,151739.95,13,243.62,POS,20150530,US,MCI,Sabado,30,19981216.0,313.0,M,Preferencial,39.0,18960002.0,0.0,3,19069.26,3178.21,4552.41,6,82.47,4552.41,2226.64,Quincena_2
228678984,0,15174.78,19,659.13,POS,20150521,US,MCI,Jueves,21,19910330.0,961.0,M,Preferencial,57.0,44000000.0,727000.0,2,4552.41,4552.41,4552.41,3,253.16,4552.41,1518.96,Quincena_2
738678984,0,15174.78,18,659.13,POS,20150521,US,MCI,Jueves,21,19910330.0,961.0,M,Preferencial,57.0,44000000.0,727000.0,2,4552.41,4552.41,4552.41,3,253.16,4552.41,1518.96,Quincena_2
3552521511,0,151947.06,11,1.0,POS,20150517,US,POS,Domingo,17,20031219.0,37.0,F,Emprendedor,37.0,1500000.0,300000.0,2,9104.82,4552.41,4552.41,1,0.0,4552.41,1.0,Quincena_2
8053079862,0,152388.04,16,1.0,POS,20150526,PA,POS,Martes,26,20050418.0,673.0,F,Personal Plus,31.0,1600000.0,450000.0,2,1809.62,904.81,904.81,1,0.0,1043.91,1.0,Quincena_2
4743870429,0,15299.08,9,23.59,POS,20150530,US,POS,Sabado,30,19991210.0,5.0,F,Preferencial,35.0,8600000.0,3300000.0,3,10673.77,2668.44,3854.54,5,10.39,4552.41,405.37,Quincena_2
173797516,1,153032.21,13,1.0,ATM_INT,20150501,US,ATM_INT,Viernes,1,19910330.0,85.0,M,Personal,,0.0,0.0,1,0.0,0.0,0.0,1,0.0,4552.41,1.0,Quincena_1
5032748224,1,153032.21,15,659.13,ATM_INT,20150501,US,ATM_INT,Viernes,1,20010525.0,661.0,F,Personal Plus,43.0,4000000.0,3700000.0,1,0.0,0.0,0.0,8,136.9,4552.41,3422.45,Quincena_1
512945188,1,153032.21,13,733.11,ATM_INT,20150502,US,ATM_INT,Sabado,2,20030717.0,666.0,M,Personal Plus,77.0,4500000.0,2000000.0,1,0.0,0.0,0.0,2,733.11,4552.41,2932.42,Quincena_1
4016651830,0,153183.1,17,1.0,POS,20150511,US,MCI,Lunes,11,19891201.0,967.0,M,Preferencial,57.0,29660000.0,1600000.0,1,0.0,0.0,0.0,1,0.0,4552.41,1.0,Quincena_1
1732712465,0,1534052.05,7,671.25,POS,20150517,PA,POS,Domingo,17,19900201.0,477.0,F,Preferencial,48.0,11700000.0,4500000.0,1,0.0,0.0,0.0,3,620.2,1043.91,10543.46,Quincena_2
665887722,0,153515.53,20,207.48,POS,20150515,US,MCI,Viernes,15,19930801.0,68.0,M,PYME,48.0,1424500.0,30440000.0,1,0.0,0.0,0.0,3,143.87,4552.41,1582.53,Quincena_1
2552418983,1,153670.11,1,1.0,ATM_INT,20150506,US,ATM_INT,Miercoles,6,19970408.0,662.0,F,Personal Plus,39.0,8000000.0,2600000.0,1,0.0,0.0,0.0,1,0.0,4552.41,1.0,Quincena_1
4452886652,1,153688.5,14,1.0,ATM_INT,20150530,CR,ATM_INT,Sabado,30,20030710.0,217.0,F,Personal Plus,33.0,2100000.0,500000.0,1,0.0,0.0,0.0,1,0.0,1482.35,1.0,Quincena_2
4749716272,0,154358.83,1,626.82,POS,20150516,US,MCI,Sabado,16,20120607.0,523.0,F,Preferencial,32.0,5000000.0,1000000.0,2,4552.41,4552.41,4552.41,2,626.82,4552.41,3134.08,Quincena_2
8631973301,0,154404.57,14,1165.74,POS,20150515,US,MCI,Viernes,15,19920909.0,735.0,F,Preferencial,47.0,12000000.0,6000000.0,2,18209.64,4552.41,4552.41,4,588.01,4552.41,2940.07,Quincena_1
952418488,0,154651.09,18,659.13,POS,20150530,US,MCI,Sabado,30,20020301.0,156.0,F,Preferencial,38.0,22400000.0,8500000.0,1,0.0,0.0,0.0,3,375.99,4552.41,2255.95,Quincena_2
4798563483,0,154734.04,10,9.34,POS,20150511,US,POS,Lunes,11,20000518.0,21.0,M,Personal Plus,42.0,3000000.0,2000000.0,2,18209.64,4552.41,4552.41,2,9.34,4552.41,37.37,Quincena_1
58890910707,0,155139.4,20,23.59,POS,20150508,US,MCI,Viernes,8,19961204.0,542.0,M,PYME,26.0,55767842.0,55499411.0,1,0.0,0.0,0.0,4,12.81,4552.41,166.51,Quincena_1
8910027282,0,155149.05,13,243.62,POS,20150516,US,POS,Sabado,16,19961204.0,116.0,M,Preferencial,39.0,20500000.0,5000000.0,1,0.0,0.0,0.0,5,157.33,4552.41,3461.37,Quincena_2
4132526552,0,155831.45,12,340.09,POS,20150519,US,MCI,Martes,19,19910222.0,850.0,F,Preferencial,60.0,0.0,0.0,1,0.0,0.0,0.0,6,58.9,4552.41,2473.75,Quincena_2
6598552025,0,156172.4,20,10.34,POS,20150506,US,MCI,Miercoles,6,19971016.0,344.0,M,Personal Plus,45.0,3600000.0,1300000.0,1,0.0,0.0,0.0,2,10.34,4552.41,20.67,Quincena_1
3498552025,0,156196.74,21,10.34,POS,20150506,US,MCI,Miercoles,6,19971016.0,344.0,M,Personal Plus,45.0,3600000.0,1300000.0,1,0.0,0.0,0.0,2,10.34,4552.41,20.67,Quincena_1
1351590112,1,1571304.07,6,167.78,POS,20150519,US,POS,Martes,19,19940419.0,859.0,F,Personal Plus,54.0,4700000.0,3000000.0,2,9104.82,4552.41,4552.41,2,167.78,4552.41,335.57,Quincena_2
6451590112,1,1571304.07,6,167.78,POS,20150519,US,POS,Martes,19,19940419.0,859.0,F,Personal Plus,54.0,4700000.0,3000000.0,2,9104.82,4552.41,4552.41,2,167.78,4552.41,335.57,Quincena_2
379690992,0,157150.03,0,243.62,POS,20150530,US,MCI,Sabado,30,19981216.0,313.0,M,Preferencial,39.0,18960002.0,0.0,3,19069.26,3178.21,4552.41,6,82.47,4552.41,2226.64,Quincena_2
31037599070,0,15746.01,13,188.55,POS,20150522,US,POS,Viernes,22,19970825.0,617.0,F,Personal Plus,25.0,2500000.0,200000.0,1,0.0,0.0,0.0,6,22.79,4552.41,615.27,Quincena_2
8232524923,0,157559.74,13,1.0,POS,20150526,US,MCI,Martes,26,19931014.0,245.0,F,Personal Plus,58.0,9000000.0,6000000.0,3,12573.96,3143.49,4552.41,1,0.0,4552.41,1.0,Quincena_2
370114246,0,158192.08,14,243.62,POS,20150506,US,MCI,Miercoles,6,19910402.0,325.0,M,Preferencial,57.0,13236000.0,3500000.0,2,4552.41,4552.41,4552.41,7,58.59,4552.41,1406.19,Quincena_1
6043550828,0,158251.01,10,1.0,POS,20150530,PA,POS,Sabado,30,19940426.0,543.0,F,Personal Plus,45.0,3000000.0,3000000.0,1,0.0,0.0,0.0,1,0.0,1043.91,1.0,Quincena_2
70382108,0,158438.15,18,61.45,POS,20150530,US,MCI,Sabado,30,20100708.0,498.0,M,Preferencial,35.0,21143357.0,10000000.0,5,49912.1,4991.21,9793.85,3,29.4,4552.41,323.39,Quincena_2
6216760607,0,158654.42,2,1.0,POS,20150506,US,MCI,Miercoles,6,19960327.0,967.0,M,Preferencial,46.0,22000000.0,2000000.0,4,15452.28,5150.76,8701.13,1,0.0,4552.41,1.0,Quincena_1
3416832975,0,158668.81,22,782.14,POS,20150520,US,MCI,Miercoles,20,19960716.0,813.0,M,Preferencial,41.0,16000000.0,0.0,1,0.0,0.0,0.0,5,294.0,4552.41,2939.96,Quincena_2
2019205018,1,1588618.25,0,1.0,POS,20150518,US,MCI,Lunes,18,19911001.0,88.0,M,Personal Plus,62.0,8500000.0,3200000.0,2,9104.82,4552.41,4552.41,1,0.0,4552.41,1.0,Quincena_2
7280190531,0,159116.04,18,659.13,POS,20150501,US,POS,Viernes,1,20070726.0,612.0,M,Personal Plus,30.0,8300000.0,2000000.0,4,33020.88,8255.22,14582.27,6,214.78,4552.41,2362.55,Quincena_1
8680190531,0,159116.04,18,659.13,POS,20150501,US,POS,Viernes,1,20070726.0,612.0,M,Personal Plus,30.0,8300000.0,2000000.0,4,33020.88,8255.22,14582.27,6,214.78,4552.41,2362.55,Quincena_1
7855302991,1,159646.52,10,733.11,POS,20150509,IT,MCI,Sabado,9,20110527.0,690.0,F,Personal Plus,30.0,7000000.0,2500000.0,3,56716.74,4051.2,4552.41,5,314.62,10212.83,3775.48,Quincena_1
1398543561,0,1596571.13,19,243.62,POS,20150515,US,MCI,Viernes,15,19950501.0,116.0,M,Preferencial,46.0,50000000.0,20000000.0,2,15714.99,7857.49,7857.49,4,100.69,4552.41,805.52,Quincena_1
51061370982,1,159730.16,19,10.34,ATM_INT,20150524,US,ATM_INT,Domingo,24,20140520.0,16.0,F,Personal,23.0,770000.0,770000.0,1,0.0,0.0,0.0,2,10.34,4552.41,51.69,Quincena_2
852418930,1,1598138.05,14,1.0,POS,20150523,US,POS,Sabado,23,20140523.0,1.0,F,Personal,,616000.0,1.0,2,4552.41,4552.41,4552.41,1,0.0,4552.41,1.0,Quincena_2
9673086674,0,160364.68,23,554.24,POS,20150510,US,MCI,Domingo,10,19900110.0,967.0,M,Preferencial,55.0,19305600.0,5400000.0,2,27314.46,4552.41,4552.41,9,213.32,4552.41,6826.39,Quincena_1
9443159106,0,160459.65,20,243.62,POS,20150515,US,MCI,Viernes,15,20000802.0,245.0,F,Preferencial,36.0,16300000.0,6300000.0,2,7564.25,3782.13,3782.13,4,41.34,4552.41,2521.52,Quincena_1
1532524923,0,160678.24,15,1.0,POS,20150526,US,MCI,Martes,26,19931014.0,245.0,F,Personal Plus,58.0,9000000.0,6000000.0,3,12573.96,3143.49,4552.41,1,0.0,4552.41,1.0,Quincena_2
2679692627,0,1607639.01,14,698.52,POS,20150522,US,POS,Viernes,22,19950525.0,775.0,M,Preferencial,40.0,9500000.0,0.0,2,7709.08,3854.54,3854.54,4,554.21,4552.41,5542.11,Quincena_2
8680235784,0,160904.02,12,61.45,POS,20150521,US,POS,Jueves,21,19991223.0,189.0,M,Preferencial,34.0,20000000.0,0.0,2,6474.2,1618.55,1618.55,2,61.45,4552.41,122.9,Quincena_2
7579613486,1,160917.87,17,234.42,ATM_INT,20150522,PA,ATM_INT,Viernes,22,20081118.0,31.0,M,Personal Plus,43.0,3200000.0,1400000.0,1,0.0,0.0,0.0,3,220.95,1043.91,883.81,Quincena_2
3198543791,0,161190.79,20,540.75,POS,20150519,US,MCI,Martes,19,19920505.0,850.0,M,Preferencial,46.0,58800000.0,4555000.0,1,0.0,0.0,0.0,8,100.97,4552.41,5048.74,Quincena_2
5571266576,0,161265.06,17,996.19,POS,20150504,US,POS,Lunes,4,20060511.0,2.0,M,Personal Plus,33.0,5000000.0,0.0,2,9104.82,4552.41,4552.41,5,420.44,4552.41,3783.99,Quincena_1
6571266576,0,161265.06,17,996.19,POS,20150504,US,POS,Lunes,4,20060511.0,2.0,M,Personal Plus,33.0,5000000.0,0.0,2,9104.82,4552.41,4552.41,5,420.44,4552.41,3783.99,Quincena_1
514621105,1,1613797.62,18,304.29,POS,20150518,US,MCI,Lunes,18,20000925.0,854.0,M,Preferencial,32.0,25843250.0,19752333.0,2,4552.41,4552.41,4552.41,4,107.37,4552.41,2791.74,Quincena_2
8416482214,0,161980.05,14,25.02,POS,20150515,US,POS,Viernes,15,20000530.0,728.0,M,Personal Plus,52.0,3391993.0,0.0,2,9104.82,4552.41,4552.41,2,25.02,4552.41,50.04,Quincena_1
4672284933,0,162055.02,12,733.11,POS,20150518,US,POS,Lunes,18,20070103.0,248.0,M,Personal Plus,31.0,8000000.0,1500000.0,1,0.0,0.0,0.0,7,197.69,4552.41,4349.19,Quincena_2
5871706978,0,162344.85,16,77.92,POS,20150521,US,MCI,Jueves,21,19920701.0,14.0,M,Preferencial,46.0,25000000.0,12500000.0,3,22031.28,5507.82,6526.97,7,23.31,4552.41,302.99,Quincena_2
398266544,0,163006.63,20,470.23,POS,20150515,US,MCI,Viernes,15,19790208.0,929.0,M,Preferencial,69.0,20000000.0,5000000.0,3,15715.64,5238.55,7857.49,4,112.29,4552.41,1122.93,Quincena_1
5132734782,0,1631051.37,23,662.36,POS,20150524,US,MCI,Domingo,24,19950716.0,477.0,F,PYME,44.0,7000000.0,5000000.0,3,50214.68,4184.56,4552.41,3,644.59,4690.58,2578.35,Quincena_2
5598545844,0,16319.45,0,23.59,POS,20150519,US,MCI,Martes,19,19970307.0,267.0,M,Personal Plus,46.0,3000000.0,2000000.0,2,4552.41,4552.41,4552.41,4,13.02,4552.41,455.54,Quincena_2
8471739276,0,163251.05,19,470.32,POS,20150503,US,POS,Domingo,3,19921001.0,929.0,M,Preferencial,42.0,47524333.0,10000000.0,3,12659.04,1265.9,2153.87,8,230.94,4957.05,5311.69,Quincena_1
9271739276,0,163251.05,19,470.32,POS,20150503,US,POS,Domingo,3,19921001.0,929.0,M,Preferencial,42.0,47524333.0,10000000.0,3,12659.04,1265.9,2153.87,8,230.94,4957.05,5311.69,Quincena_1
1952453435,0,163427.05,18,74.29,POS,20150530,US,POS,Sabado,30,19961209.0,122.0,F,Personal Plus,36.0,3500000.0,0.0,1,0.0,0.0,0.0,2,74.29,4552.41,74.29,Quincena_2
666838571,0,163750.44,3,1.0,POS,20150518,US,MCI,Lunes,18,19951024.0,60.0,F,Preferencial,45.0,7000000.0,2000000.0,2,22762.05,4552.41,4552.41,1,0.0,4552.41,1.0,Quincena_2
6271794706,0,1638317.03,7,183.96,POS,20150524,PA,POS,Domingo,24,20040325.0,551.0,M,Personal Plus,35.0,2600000.0,1800000.0,1,0.0,0.0,0.0,8,110.83,1043.91,3546.64,Quincena_2
6232662781,1,1640079.54,18,671.25,POS,20150530,US,MCI,Sabado,30,19961120.0,961.0,F,Preferencial,52.0,17920250.0,500000.0,1,0.0,0.0,0.0,5,326.88,4552.41,4903.2,Quincena_2
2452646500,0,164088.04,15,243.62,POS,20150519,US,POS,Martes,19,20120423.0,498.0,F,Preferencial,41.0,1800000.0,500000.0,2,15714.99,7857.49,7857.49,4,143.75,4552.41,1149.99,Quincena_2
3171718336,0,164291.15,2,270.5,POS,20150503,US,MCI,Domingo,3,19900717.0,6.0,M,Preferencial,44.0,10000000.0,5000000.0,1,0.0,0.0,0.0,13,76.67,4552.41,3603.58,Quincena_1
9271718336,0,164291.15,2,270.5,POS,20150503,US,MCI,Domingo,3,19900717.0,6.0,M,Preferencial,44.0,10000000.0,5000000.0,1,0.0,0.0,0.0,13,76.67,4552.41,3603.58,Quincena_1
8513870265,0,16464.3,10,9.23,POS,20150519,US,MCI,Martes,19,20010206.0,291.0,M,PYME,34.0,42828833.0,25000000.0,2,4552.41,4552.41,4552.41,3,8.13,4552.41,227.68,Quincena_2
2372284933,0,165137.06,12,733.11,POS,20150518,US,POS,Lunes,18,20070103.0,248.0,M,Personal Plus,31.0,8000000.0,1500000.0,1,0.0,0.0,0.0,7,197.69,4552.41,4349.19,Quincena_2
6879954647,1,165449.03,10,1217.57,POS,20150523,MX,POS,Sabado,23,20020528.0,932.0,M,Preferencial,35.0,14071000.0,1000000.0,3,18805.62,3134.27,3854.54,5,375.75,3854.54,3005.98,Quincena_2
9066992456,0,165880.05,17,19.59,POS,20150514,PA,POS,Jueves,14,20000113.0,77.0,F,Personal Plus,38.0,5186693.0,0.0,1,0.0,0.0,0.0,2,19.59,1043.91,78.38,Quincena_1
3798543791,0,166332.87,22,540.75,POS,20150519,US,MCI,Martes,19,19920505.0,850.0,M,Preferencial,46.0,58800000.0,4555000.0,1,0.0,0.0,0.0,8,100.97,4552.41,5048.74,Quincena_2
737531320,0,1668907.56,18,363.85,POS,20150530,US,MCI,Sabado,30,19840626.0,600.0,M,Preferencial,58.0,30065410.0,5000000.0,1,0.0,0.0,0.0,10,90.48,4552.41,2533.44,Quincena_2
318616986,0,167115.44,0,289.8,POS,20150515,US,MCI,Viernes,15,20050421.0,634.0,M,Preferencial,34.0,5000000.0,3800000.0,1,0.0,0.0,0.0,11,77.38,4552.41,3327.16,Quincena_1
8243255725,0,167264.03,10,23.59,POS,20150517,US,POS,Domingo,17,20040116.0,542.0,F,Personal Plus,33.0,2500000.0,1000000.0,1,0.0,0.0,0.0,4,14.26,4552.41,171.07,Quincena_2
5870829256,0,16731.01,19,671.25,POS,20150505,US,POS,Martes,5,20130705.0,486.0,M,Preferencial,38.0,57800000.0,10500000.0,2,27314.46,4552.41,4552.41,4,355.93,4552.41,2135.59,Quincena_1
309738278,1,1675514.57,21,62.19,ATM_INT,20150509,US,ATM_INT,Sabado,9,20100707.0,867.0,M,Emprendedor,31.0,2000000.0,1200000.0,1,0.0,0.0,0.0,2,62.19,4552.41,124.39,Quincena_1
3952959397,1,1675514.57,2,1.0,ATM_INT,20150510,US,ATM_INT,Domingo,10,20130320.0,567.0,F,Personal,31.0,62000.0,0.0,1,0.0,0.0,0.0,1,0.0,4552.41,1.0,Quincena_1
6180142560,1,1675514.57,2,80.92,ATM_INT,20150510,US,ATM_INT,Domingo,10,20120426.0,612.0,M,Personal Plus,31.0,2200000.0,400000.0,1,0.0,0.0,0.0,2,80.92,4552.41,161.83,Quincena_1
9318398313,1,1675514.57,3,4.48,ATM_INT,20150510,US,ATM_INT,Domingo,10,20040120.0,756.0,M,Personal,36.0,590000.0,300000.0,1,0.0,0.0,0.0,2,4.48,4552.41,8.97,Quincena_1
5479908220,0,1676437.35,1,659.13,POS,20150516,US,MCI,Sabado,16,19960730.0,200.0,M,Personal Plus,38.0,3500000.0,600000.0,1,0.0,0.0,0.0,4,339.49,4552.41,2376.41,Quincena_2
3470557880,1,1680990.08,16,243.62,POS,20150530,US,MCI,Sabado,30,19860801.0,600.0,M,Preferencial,52.0,23000000.0,9707000.0,2,3237.1,1618.55,1618.55,3,32.77,4552.41,655.4,Quincena_2
7252992631,0,168265.13,21,1.0,POS,20150520,US,MCI,Miercoles,20,20090121.0,304.0,F,Personal Plus,32.0,4765000.0,200000.0,1,0.0,0.0,0.0,1,0.0,4552.41,1.0,Quincena_2
5471374094,0,168377.87,19,523.1,POS,20150503,US,MCI,Domingo,3,19990827.0,16.0,M,Preferencial,34.0,6440000.0,4370000.0,5,15328.29,2189.76,4552.41,13,164.76,4552.41,7578.74,Quincena_1
5771374094,0,168377.87,19,523.1,POS,20150503,US,MCI,Domingo,3,19990827.0,16.0,M,Preferencial,34.0,6440000.0,4370000.0,5,15328.29,2189.76,4552.41,13,164.76,4552.41,7578.74,Quincena_1
51051656807,0,168525.03,11,614.04,POS,20150501,PA,POS,Viernes,1,20070704.0,678.0,M,Personal Plus,28.0,4210000.0,100000.0,1,0.0,0.0,0.0,7,336.36,1043.91,2690.86,Quincena_1
48425330,0,168600.24,3,23.59,POS,20150525,US,MCI,Lunes,25,20130204.0,29.0,M,Preferencial,38.0,26565329.0,7000000.0,2,9104.82,4552.41,4552.41,3,16.46,4552.41,65.86,Quincena_2
555306475,0,1686484.62,21,1.0,POS,20150508,US,MCI,Viernes,8,20060708.0,554.0,F,Personal Plus,30.0,8433220.0,1570000.0,3,3414.47,1707.23,2370.55,1,0.0,15330.4,1.0,Quincena_1
7679350542,0,1686849.82,20,294.43,POS,20150503,US,MCI,Domingo,3,20070220.0,945.0,M,Preferencial,50.0,28943000.0,0.0,1,0.0,0.0,0.0,4,84.36,4552.41,759.22,Quincena_1
8879350542,0,1686849.82,20,294.43,POS,20150503,US,MCI,Domingo,3,20070220.0,945.0,M,Preferencial,50.0,28943000.0,0.0,1,0.0,0.0,0.0,4,84.36,4552.41,759.22,Quincena_1
3279627255,0,1687403.01,16,74.29,POS,20150503,US,POS,Domingo,3,20020215.0,57.0,M,Emprendedor,39.0,8000000.0,4000000.0,3,31169.0,4452.71,4552.41,2,74.29,4552.41,371.47,Quincena_1
9179627255,0,1687403.01,16,74.29,POS,20150503,US,POS,Domingo,3,20020215.0,57.0,M,Emprendedor,39.0,8000000.0,4000000.0,3,31169.0,4452.71,4552.41,2,74.29,4552.41,371.47,Quincena_1
4210223344,0,169032.05,10,25.02,POS,20150518,US,POS,Lunes,18,20110830.0,728.0,M,Personal Plus,63.0,2016377.0,500000.0,1,0.0,0.0,0.0,2,25.02,4552.41,150.13,Quincena_2
5641781339,1,1690354.64,19,304.29,ATM_INT,20150514,US,ATM_INT,Jueves,14,19991109.0,172.0,F,Personal Plus,55.0,8500000.0,0.0,1,0.0,0.0,0.0,3,122.67,4552.41,368.01,Quincena_1
1680136376,1,1691061.31,18,294.43,ATM_INT,20150515,US,ATM_INT,Viernes,15,20070529.0,167.0,M,Personal Plus,32.0,6000000.0,3500000.0,1,0.0,0.0,0.0,4,271.1,4552.41,5150.94,Quincena_1
768164162,0,16917.05,12,340.09,POS,20150516,US,POS,Sabado,16,20040319.0,267.0,M,Preferencial,32.0,15334651.0,219600000.0,3,25918.72,4319.79,4552.41,5,193.3,4552.41,6572.1,Quincena_2
2371315454,0,16927.26,15,662.36,POS,20150503,US,MCI,Domingo,3,19990521.0,543.0,M,Personal Plus,35.0,6117244.0,900000.0,1,0.0,0.0,0.0,20,124.35,4552.41,6963.34,Quincena_1
4871315454,0,16927.26,15,662.36,POS,20150503,US,MCI,Domingo,3,19990521.0,543.0,M,Personal Plus,35.0,6117244.0,900000.0,1,0.0,0.0,0.0,20,124.35,4552.41,6963.34,Quincena_1
604981040,1,16963.06,18,698.52,POS,20150509,US,POS,Sabado,9,19990727.0,516.0,M,Personal Plus,33.0,1500000.0,800000.0,1,0.0,0.0,0.0,2,698.52,4552.41,1397.05,Quincena_1
8853160890,0,1698437.07,23,304.29,POS,20150517,US,POS,Domingo,17,20060615.0,108.0,F,Personal Plus,29.0,2600000.0,1300000.0,1,0.0,0.0,0.0,2,304.29,4552.41,912.87,Quincena_2
468736137,0,170011.94,11,659.13,POS,20150511,US,MCI,Lunes,11,19960409.0,210.0,M,Preferencial,53.0,26653903.0,6000000.0,2,3237.1,1618.55,1618.55,3,623.06,4552.41,6230.55,Quincena_1
9580811379,0,170473.04,14,18.75,POS,20150525,PA,POS,Lunes,25,20090723.0,932.0,M,Personal Plus,30.0,1566000.0,300000.0,1,0.0,0.0,0.0,2,18.75,1043.91,75.0,Quincena_2
5446669324,0,170929.08,13,125.03,POS,20150521,MX,POS,Jueves,21,20140526.0,262.0,F,Emprendedor,41.0,8000000.0,4644000.0,1,0.0,0.0,0.0,4,55.77,3854.54,1338.46,Quincena_2
8179954647,1,171023.2,9,1217.57,ATM_INT,20150523,MX,ATM_INT,Sabado,23,20020528.0,932.0,M,Preferencial,35.0,14071000.0,1000000.0,3,18805.62,3134.27,3854.54,5,375.75,3854.54,3005.98,Quincena_2
8252961267,0,17105.08,16,1.0,POS,20150511,US,POS,Lunes,11,20040624.0,113.0,F,Personal Plus,32.0,4800000.0,2000000.0,2,9104.82,4552.41,4552.41,1,0.0,4552.41,1.0,Quincena_1
6813873393,1,1717720.07,19,304.29,POS,20150523,US,POS,Sabado,23,20000126.0,602.0,M,Preferencial,34.0,14097844.0,5500000.0,1,0.0,0.0,0.0,3,297.05,4552.41,1188.18,Quincena_2
3816760607,0,1722811.8,16,1.0,POS,20150506,US,MCI,Miercoles,6,19960327.0,967.0,M,Preferencial,46.0,22000000.0,2000000.0,4,15452.28,5150.76,8701.13,1,0.0,4552.41,1.0,Quincena_1
2337651042,0,172989.04,8,289.8,POS,20150507,PY,POS,Jueves,7,20070315.0,201.0,F,Personal Plus,37.0,5573550.0,3000000.0,1,0.0,0.0,0.0,3,276.36,3364.98,829.08,Quincena_1
1139683889,1,17324.54,0,1.0,POS,20150521,HN,MCI,Jueves,21,19950501.0,231.0,F,Personal Plus,53.0,3500000.0,2500000.0,1,0.0,0.0,0.0,1,0.0,2004.01,1.0,Quincena_2
1736302872,0,173250.72,18,234.42,POS,20150513,US,MCI,Miercoles,13,20000609.0,534.0,F,PYME,34.0,56666000.0,37600750.0,1,0.0,0.0,0.0,3,219.46,4552.41,1316.79,Quincena_1
53900221963,1,1735620.32,19,1.0,POS,20150511,BR,MCI,Lunes,11,20080616.0,335.0,M,PYME,25.0,42000000.0,26000000.0,1,0.0,0.0,0.0,1,0.0,2443.14,1.0,Quincena_1
819425351,0,173617.01,18,23.31,POS,20150509,US,POS,Sabado,9,20041103.0,31.0,M,Preferencial,54.0,12000000.0,1600000000.0,2,9104.82,4552.41,4552.41,2,23.31,4552.41,46.62,Quincena_1
5770114246,0,1736852.23,15,243.62,POS,20150506,US,MCI,Miercoles,6,19910402.0,325.0,M,Preferencial,57.0,13236000.0,3500000.0,2,4552.41,4552.41,4552.41,7,58.59,4552.41,1406.19,Quincena_1
728357205,0,174154.62,17,10.34,POS,20150519,US,MCI,Martes,19,20020118.0,267.0,M,Emprendedor,31.0,2300000.0,600000.0,3,35899.1,8974.77,13397.14,3,8.85,4552.41,221.16,Quincena_2
5172311799,0,174276.53,0,1.0,POS,20150506,US,MCI,Miercoles,6,19990814.0,548.0,M,Preferencial,34.0,14000000.0,2000000.0,1,0.0,0.0,0.0,1,0.0,4552.41,1.0,Quincena_1
2567006916,0,174326.6,1,304.29,POS,20150503,US,MCI,Domingo,3,20010118.0,813.0,F,Personal Plus,38.0,5000000.0,2000000.0,2,7709.08,3854.54,3854.54,2,304.29,4552.41,608.58,Quincena_1
6567006916,0,174326.6,1,304.29,POS,20150503,US,MCI,Domingo,3,20010118.0,813.0,F,Personal Plus,38.0,5000000.0,2000000.0,2,7709.08,3854.54,3854.54,2,304.29,4552.41,608.58,Quincena_1
2210027282,0,174552.02,12,243.62,POS,20150516,US,POS,Sabado,16,19961204.0,116.0,M,Preferencial,39.0,20500000.0,5000000.0,1,0.0,0.0,0.0,5,157.33,4552.41,3461.37,Quincena_2
1410523120,0,17544.09,4,135.53,POS,20150505,US,POS,Martes,5,20110615.0,285.0,M,Preferencial,64.0,27000000.0,15000000.0,2,27314.46,4552.41,4552.41,4,109.49,4552.41,656.92,Quincena_1
2464541356,0,175506.52,2,698.52,POS,20150519,US,MCI,Martes,19,19830617.0,375.0,F,Preferencial,57.0,9561344.0,4000000.0,1,0.0,0.0,0.0,10,123.79,4552.41,4704.06,Quincena_2
2114698915,0,1756219.92,15,1.0,ATM_INT,20150520,US,ATM_INT,Miercoles,20,20060623.0,716.0,M,Personal Plus,31.0,2300000.0,1100000.0,1,0.0,0.0,0.0,1,0.0,4552.41,1.0,Quincena_2
7522432473,0,175709.02,12,671.25,POS,20150513,US,POS,Miercoles,13,19900601.0,477.0,F,Personal Plus,59.0,5000000.0,350000.0,1,0.0,0.0,0.0,4,573.88,4552.41,8034.33,Quincena_1
8770567110,0,176019.25,18,470.32,POS,20150524,US,MCI,Domingo,24,19870109.0,245.0,M,Preferencial,48.0,16328550.0,4082137.0,3,10946.17,2736.54,3854.54,13,93.8,4552.41,3846.0,Quincena_2
7715047046,0,176469.61,2,294.43,POS,20150520,US,MCI,Miercoles,20,19931001.0,93.0,M,PYME,47.0,89618566.0,14423000.0,2,9104.82,4552.41,4552.41,4,126.4,4552.41,758.38,Quincena_2
7743737818,0,176617.02,9,23.59,POS,20150507,PA,POS,Jueves,7,19990909.0,543.0,F,Preferencial,42.0,8328000.0,3710000.0,6,23046.35,2095.12,4552.41,3,14.09,1043.91,84.54,Quincena_1
2041779730,0,176996.02,8,131.71,POS,20150512,US,POS,Martes,12,19880209.0,79.0,F,Preferencial,59.0,7000000.0,3800000.0,1,0.0,0.0,0.0,2,131.71,4552.41,263.43,Quincena_1
4643550828,0,177350.04,9,1.0,POS,20150530,PA,POS,Sabado,30,19940426.0,543.0,F,Personal Plus,45.0,3000000.0,3000000.0,1,0.0,0.0,0.0,1,0.0,1043.91,1.0,Quincena_2
7371743945,0,177455.03,12,275.97,POS,20150511,PA,POS,Lunes,11,19980429.0,695.0,M,Personal Plus,41.0,8005000.0,3000000.0,2,4175.65,1043.91,1043.91,6,50.33,1043.91,1107.35,Quincena_1
94502012,0,177494.09,23,1.0,POS,20150514,US,POS,Jueves,14,20130305.0,115.0,M,Personal,75.0,0.0,0.0,1,0.0,0.0,0.0,1,0.0,4552.41,1.0,Quincena_1
1070975477,0,1776468.05,23,10.34,POS,20150530,US,POS,Sabado,30,19840730.0,319.0,M,Preferencial,54.0,4303101.0,1000000.0,1,0.0,0.0,0.0,3,9.93,4552.41,39.73,Quincena_2
5232798579,0,1777646.05,16,1.0,POS,20150526,US,MCI,Martes,26,20140425.0,483.0,F,Personal Plus,38.0,2000000.0,0.0,1,0.0,0.0,0.0,1,0.0,4552.41,1.0,Quincena_2
4680442360,0,178102.04,14,70.8,POS,20150515,US,POS,Viernes,15,19970218.0,624.0,M,Personal Plus,43.0,8370000.0,3500000.0,1,0.0,0.0,0.0,4,50.4,4552.41,302.39,Quincena_1
3972270418,0,178462.26,21,671.25,POS,20150511,US,MCI,Lunes,11,19990617.0,107.0,M,Preferencial,33.0,10900000.0,1500000.0,1,0.0,0.0,0.0,7,522.59,4552.41,8361.51,Quincena_1
383481976,0,178655.03,18,19.57,POS,20150502,US,POS,Sabado,2,20011122.0,342.0,M,Personal Plus,33.0,12000000.0,3000000.0,1,0.0,0.0,0.0,6,11.7,4552.41,315.83,Quincena_1
703481976,0,178655.03,18,19.57,POS,20150502,US,POS,Sabado,2,20011122.0,342.0,M,Personal Plus,33.0,12000000.0,3000000.0,1,0.0,0.0,0.0,6,11.7,4552.41,315.83,Quincena_1
4598712664,0,179002.07,9,461.26,POS,20150512,US,POS,Martes,12,20040610.0,21.0,M,Preferencial,30.0,4500000.0,1300000.0,1,0.0,0.0,0.0,8,125.25,4552.41,3506.89,Quincena_1
6171746727,0,179103.56,0,243.62,POS,20150519,US,MCI,Martes,19,19950127.0,344.0,M,Preferencial,40.0,23000000.0,10000000.0,1,0.0,0.0,0.0,3,163.01,4552.41,489.03,Quincena_2
2565814421,0,179211.07,4,121.5,POS,20150516,PA,POS,Sabado,16,20030725.0,662.0,F,Emprendedor,35.0,1800000.0,1450000.0,1,0.0,0.0,0.0,2,121.5,1043.91,243.01,Quincena_2
3898634370,0,179687.04,13,1.0,ATM_INT,20150524,BR,ATM_INT,Domingo,24,20030801.0,4.0,M,Personal Plus,36.0,2575000.0,200000.0,1,0.0,0.0,0.0,1,0.0,7130.01,1.0,Quincena_2
7438141350,1,179701.05,15,663.54,POS,20150504,US,POS,Lunes,4,20050311.0,601.0,F,Personal Plus,34.0,1500000.0,400000.0,2,4552.41,4552.41,4552.41,2,663.54,4552.41,663.54,Quincena_1
8738141350,1,179701.05,15,663.54,POS,20150504,US,POS,Lunes,4,20050311.0,601.0,F,Personal Plus,34.0,1500000.0,400000.0,2,4552.41,4552.41,4552.41,2,663.54,4552.41,663.54,Quincena_1
3443049437,0,180274.06,15,12.01,POS,20150502,US,POS,Sabado,2,19940601.0,310.0,F,Personal Plus,53.0,1500000.0,500000.0,2,27314.46,4552.41,4552.41,3,9.1,4552.41,45.52,Quincena_1
4743049437,0,180274.06,15,12.01,POS,20150502,US,POS,Sabado,2,19940601.0,310.0,F,Personal Plus,53.0,1500000.0,500000.0,2,27314.46,4552.41,4552.41,3,9.1,4552.41,45.52,Quincena_1
3842897602,1,180679.61,2,243.62,POS,20150501,US,MCI,Viernes,1,19910816.0,152.0,F,Preferencial,47.0,22966944.0,5000000.0,1,0.0,0.0,0.0,2,243.62,4552.41,974.49,Quincena_1
6442897602,1,180679.61,2,243.62,POS,20150501,US,MCI,Viernes,1,19910816.0,152.0,F,Preferencial,47.0,22966944.0,5000000.0,1,0.0,0.0,0.0,2,243.62,4552.41,974.49,Quincena_1
8316832975,0,181157.88,1,782.14,POS,20150520,US,MCI,Miercoles,20,19960716.0,813.0,M,Preferencial,41.0,16000000.0,0.0,1,0.0,0.0,0.0,5,294.0,4552.41,2939.96,Quincena_2
4580504226,0,181566.72,22,304.29,POS,20150517,US,MCI,Domingo,17,19970820.0,570.0,M,Preferencial,41.0,21656091.0,3000000.0,3,40273.82,4474.87,4552.41,3,163.8,4552.41,655.2,Quincena_2
2381720155,0,18169.04,19,1.0,POS,20150511,US,POS,Lunes,11,20101026.0,683.0,M,Personal Plus,30.0,9500000.0,6075000.0,3,11845.75,3948.58,4552.41,1,0.0,4552.41,1.0,Quincena_1
3741673693,0,181943.86,23,659.13,POS,20150503,US,MCI,Domingo,3,19721001.0,156.0,F,Preferencial,59.0,12000000.0,8000000.0,1,0.0,0.0,0.0,3,447.19,4552.41,2683.13,Quincena_1
841673693,0,181943.86,23,659.13,POS,20150503,US,MCI,Domingo,3,19721001.0,156.0,F,Preferencial,59.0,12000000.0,8000000.0,1,0.0,0.0,0.0,3,447.19,4552.41,2683.13,Quincena_1
1052956578,1,182120.4,23,1.0,ATM_INT,20150521,PH,ATM_INT,Jueves,21,20101027.0,54.0,F,Personal Plus,31.0,3000000.0,500000.0,3,12573.96,3143.49,4552.41,1,0.0,17592.42,1.0,Quincena_2
2252956578,1,182120.4,23,1.0,ATM_INT,20150521,PH,ATM_INT,Jueves,21,20101027.0,54.0,F,Personal Plus,31.0,3000000.0,500000.0,3,12573.96,3143.49,4552.41,1,0.0,17592.42,1.0,Quincena_2
2852956578,1,182120.4,23,1.0,ATM_INT,20150521,PH,ATM_INT,Jueves,21,20101027.0,54.0,F,Personal Plus,31.0,3000000.0,500000.0,3,12573.96,3143.49,4552.41,1,0.0,17592.42,1.0,Quincena_2
3052956578,1,182120.4,23,1.0,ATM_INT,20150521,PH,ATM_INT,Jueves,21,20101027.0,54.0,F,Personal Plus,31.0,3000000.0,500000.0,3,12573.96,3143.49,4552.41,1,0.0,17592.42,1.0,Quincena_2
4641673693,0,182306.59,20,659.13,POS,20150503,US,MCI,Domingo,3,19721001.0,156.0,F,Preferencial,59.0,12000000.0,8000000.0,1,0.0,0.0,0.0,3,447.19,4552.41,2683.13,Quincena_1
5841673693,0,182306.59,20,659.13,POS,20150503,US,MCI,Domingo,3,19721001.0,156.0,F,Preferencial,59.0,12000000.0,8000000.0,1,0.0,0.0,0.0,3,447.19,4552.41,2683.13,Quincena_1
9643159106,0,182397.31,18,243.62,POS,20150515,US,MCI,Viernes,15,20000802.0,245.0,F,Preferencial,36.0,16300000.0,6300000.0,2,7564.25,3782.13,3782.13,4,41.34,4552.41,2521.52,Quincena_1
7552387545,1,182438.96,20,659.13,POS,20150507,HN,MCI,Jueves,7,20060330.0,304.0,F,Personal Plus,37.0,6000000.0,6000000.0,1,0.0,0.0,0.0,3,481.71,2004.01,1926.84,Quincena_1
5463309404,0,182709.67,22,554.24,POS,20150515,US,MCI,Viernes,15,19870601.0,62.0,F,Preferencial,51.0,5202000.0,2200000.0,2,4552.41,4552.41,4552.41,4,279.76,4552.41,1119.03,Quincena_1
2520684780,0,182985.58,18,1.0,POS,20150525,US,MCI,Lunes,25,20050117.0,348.0,F,Personal Plus,60.0,6000000.0,2000000.0,2,9104.82,4552.41,4552.41,1,0.0,4552.41,1.0,Quincena_2
5742108697,0,183279.99,15,178.36,POS,20150519,US,MCI,Martes,19,19980420.0,73.0,F,Preferencial,41.0,9028495.0,1000000.0,1,0.0,0.0,0.0,4,64.64,4552.41,517.11,Quincena_2
858104908,1,18331.04,11,243.62,POS,20150521,GB,POS,Jueves,21,20030411.0,611.0,M,Personal Plus,31.0,2200000.0,600000.0,2,8351.75,8351.75,8351.75,6,60.8,8351.75,729.61,Quincena_2
7370101168,0,183742.88,1,286.84,POS,20150515,US,MCI,Viernes,15,19920403.0,272.0,M,Emprendedor,59.0,8000000.0,8000000.0,3,36239.1,5177.01,8924.64,5,33.45,16916.24,1070.52,Quincena_1
3343553309,1,1838121.31,17,12.01,POS,20150520,US,MCI,Miercoles,20,19930216.0,6.0,F,Preferencial,44.0,15000000.0,2000000.0,2,4552.41,4552.41,4552.41,2,12.01,4552.41,24.03,Quincena_2
6271746727,0,184149.07,19,243.62,POS,20150519,US,MCI,Martes,19,19950127.0,344.0,M,Preferencial,40.0,23000000.0,10000000.0,1,0.0,0.0,0.0,3,163.01,4552.41,489.03,Quincena_2
2652997899,0,184405.09,15,235.64,POS,20150501,US,POS,Viernes,1,20050729.0,180.0,F,Personal Plus,30.0,3500000.0,853000.0,2,3237.1,1618.55,1618.55,5,76.22,4552.41,609.73,Quincena_1
552997899,0,184405.09,15,235.64,POS,20150501,US,POS,Viernes,1,20050729.0,180.0,F,Personal Plus,30.0,3500000.0,853000.0,2,3237.1,1618.55,1618.55,5,76.22,4552.41,609.73,Quincena_1
958357205,0,184420.08,17,10.34,POS,20150519,US,POS,Martes,19,20020118.0,267.0,M,Emprendedor,31.0,2300000.0,600000.0,3,35899.1,8974.77,13397.14,3,8.85,4552.41,221.16,Quincena_2
6366999422,0,184591.02,15,160.57,POS,20150527,US,POS,Miercoles,27,19970318.0,808.0,F,Personal Plus,38.0,3825000.0,0.0,2,18209.64,4552.41,4552.41,3,31.14,4552.41,965.22,Quincena_2
1580188313,0,18468.09,18,230.55,POS,20150518,US,MCI,Lunes,18,20100906.0,638.0,M,Personal Plus,31.0,5000000.0,1500000.0,2,18209.64,4552.41,4552.41,2,230.55,4552.41,461.11,Quincena_2
5494412379,0,184941.02,12,280.0,POS,20150527,US,POS,Miercoles,27,19950116.0,735.0,M,Emprendedor,40.0,3400000.0,3000000.0,2,18209.64,4552.41,4552.41,3,52.14,4552.41,1042.79,Quincena_2
1522366138,0,184991.53,20,1.0,POS,20150520,US,MCI,Miercoles,20,19940501.0,81.0,F,Personal,69.0,500000.0,0.0,1,0.0,0.0,0.0,1,0.0,4552.41,1.0,Quincena_2
2167006916,0,185039.13,1,304.29,POS,20150503,US,MCI,Domingo,3,20010118.0,813.0,F,Personal Plus,38.0,5000000.0,2000000.0,2,7709.08,3854.54,3854.54,2,304.29,4552.41,608.58,Quincena_1
4967006916,0,185039.13,1,304.29,POS,20150503,US,MCI,Domingo,3,20010118.0,813.0,F,Personal Plus,38.0,5000000.0,2000000.0,2,7709.08,3854.54,3854.54,2,304.29,4552.41,608.58,Quincena_1
353177089,0,185324.55,23,659.13,POS,20150527,PR,MCI,Miercoles,27,20050228.0,652.0,F,Preferencial,29.0,12000000.0,3465000.0,4,50903.3,3635.95,4552.41,5,359.0,1693.74,6102.98,Quincena_2
1845530828,0,185382.22,18,698.52,POS,20150520,US,MCI,Miercoles,20,20030107.0,582.0,F,Personal Plus,33.0,6800000.0,1000000.0,2,4552.41,4552.41,4552.41,3,314.11,4552.41,4083.46,Quincena_2
4816760607,0,185664.61,23,1.0,POS,20150506,US,MCI,Miercoles,6,19960327.0,967.0,M,Preferencial,46.0,22000000.0,2000000.0,4,15452.28,5150.76,8701.13,1,0.0,4552.41,1.0,Quincena_1
1480442360,0,185735.04,16,70.8,POS,20150515,US,POS,Viernes,15,19970218.0,624.0,M,Personal Plus,43.0,8370000.0,3500000.0,1,0.0,0.0,0.0,4,50.4,4552.41,302.39,Quincena_1
8352557362,0,186626.02,12,131.71,POS,20150522,US,POS,Viernes,22,20080813.0,167.0,F,Personal Plus,43.0,5000000.0,3000000.0,1,0.0,0.0,0.0,5,94.73,4552.41,663.11,Quincena_2
8443580980,0,186725.21,14,340.09,POS,20150520,US,MCI,Miercoles,20,19941025.0,738.0,F,Preferencial,41.0,25000000.0,22000000.0,2,18209.64,4552.41,4552.41,6,67.96,4552.41,1019.33,Quincena_2
808714861,0,186949.45,22,314.71,POS,20150519,US,MCI,Martes,19,19870101.0,737.0,M,Preferencial,53.0,25496000.0,14000000.0,2,8616.02,4308.01,4308.01,4,42.17,4552.41,1138.6,Quincena_2
8352335506,0,187169.01,17,1.0,POS,20150511,PA,POS,Lunes,11,20000906.0,183.0,F,Personal Plus,39.0,1000000.0,0.0,2,9104.82,4552.41,4552.41,1,0.0,1043.91,1.0,Quincena_1
1432524923,0,187185.5,17,1.0,POS,20150526,US,MCI,Martes,26,19931014.0,245.0,F,Personal Plus,58.0,9000000.0,6000000.0,3,12573.96,3143.49,4552.41,1,0.0,4552.41,1.0,Quincena_2
8116760607,0,187513.95,23,1.0,POS,20150506,US,MCI,Miercoles,6,19960327.0,967.0,M,Preferencial,46.0,22000000.0,2000000.0,4,15452.28,5150.76,8701.13,1,0.0,4552.41,1.0,Quincena_1
3932534748,0,187820.09,17,219.47,POS,20150501,US,POS,Viernes,1,19921218.0,280.0,F,Personal Plus,57.0,3900000.0,500000.0,1,0.0,0.0,0.0,4,39.56,4552.41,1661.65,Quincena_1
8332534748,0,187820.09,17,219.47,POS,20150501,US,POS,Viernes,1,19921218.0,280.0,F,Personal Plus,57.0,3900000.0,500000.0,1,0.0,0.0,0.0,4,39.56,4552.41,1661.65,Quincena_1
4780173472,0,187916.04,15,1217.57,POS,20150501,PA,POS,Viernes,1,20110201.0,108.0,M,Personal Plus,32.0,3852000.0,1050000.0,1,0.0,0.0,0.0,7,154.78,1043.91,3559.88,Quincena_1
6280173472,0,187916.04,15,1217.57,POS,20150501,PA,POS,Viernes,1,20110201.0,108.0,M,Personal Plus,32.0,3852000.0,1050000.0,1,0.0,0.0,0.0,7,154.78,1043.91,3559.88,Quincena_1
1416782603,0,18818.28,19,304.29,POS,20150501,US,MCI,Viernes,1,19950804.0,737.0,M,Preferencial,45.0,7663500.0,8000000.0,2,4886.27,2443.14,2443.14,2,304.29,4552.41,608.58,Quincena_1
9616782603,0,18818.28,19,304.29,POS,20150501,US,MCI,Viernes,1,19950804.0,737.0,M,Preferencial,45.0,7663500.0,8000000.0,2,4886.27,2443.14,2443.14,2,304.29,4552.41,608.58,Quincena_1
3632523583,1,188301.36,20,470.23,POS,20150516,PA,MCI,Sabado,16,19870701.0,850.0,F,Preferencial,60.0,17000000.0,5000000.0,2,40971.69,4552.41,4552.41,5,176.67,4552.41,1943.42,Quincena_2
9410128104,1,18850.08,22,25.02,POS,20150520,US,POS,Miercoles,20,19910308.0,896.0,M,PYME,48.0,24000000.0,6000000.0,3,16398.16,4099.54,4552.41,2,25.02,4552.41,50.04,Quincena_2
2642882316,0,188666.06,20,10.34,POS,20150503,US,POS,Domingo,3,20000208.0,230.0,F,Preferencial,50.0,5000000.0,4500000.0,2,4886.27,2443.14,2443.14,2,10.34,4552.41,10.34,Quincena_1
942882316,0,188666.06,20,10.34,POS,20150503,US,POS,Domingo,3,20000208.0,230.0,F,Preferencial,50.0,5000000.0,4500000.0,2,4886.27,2443.14,2443.14,2,10.34,4552.41,10.34,Quincena_1
10079330820,0,188678.07,12,243.62,POS,20150521,EC,POS,Jueves,21,19901101.0,168.0,M,Preferencial,50.0,7500000.0,5000000.0,4,52665.18,3291.57,4552.41,5,62.96,904.81,629.61,Quincena_2
8571786223,0,189637.35,23,461.26,POS,20150513,US,MCI,Miercoles,13,19970617.0,238.0,M,Preferencial,39.0,15500000.0,2000000.0,2,1942.46,971.23,971.23,9,72.17,4552.41,2814.59,Quincena_1
3910115638,0,189677.82,0,304.29,POS,20150515,US,MCI,Viernes,15,19960507.0,445.0,M,Preferencial,51.0,19700000.0,2000000.0,1,0.0,0.0,0.0,3,205.68,4552.41,1028.39,Quincena_1
1143867122,0,189850.07,13,10.34,POS,20150501,US,POS,Viernes,1,20020320.0,29.0,F,Personal Plus,35.0,2200000.0,1600000.0,3,9242.99,3081.0,4552.41,3,10.14,4552.41,101.38,Quincena_1
3343867122,0,189850.07,13,10.34,POS,20150501,US,POS,Viernes,1,20020320.0,29.0,F,Personal Plus,35.0,2200000.0,1600000.0,3,9242.99,3081.0,4552.41,3,10.14,4552.41,101.38,Quincena_1
270079795,0,189972.04,19,293.7,POS,20150502,US,POS,Sabado,2,19900401.0,21.0,M,Preferencial,58.0,29000000.0,0.0,1,0.0,0.0,0.0,7,89.98,4552.41,1349.74,Quincena_1
6270079795,0,189972.04,19,293.7,POS,20150502,US,POS,Sabado,2,19900401.0,21.0,M,Preferencial,58.0,29000000.0,0.0,1,0.0,0.0,0.0,7,89.98,4552.41,1349.74,Quincena_1
7339450266,1,190035.09,1,67.21,POS,20150510,US,POS,Domingo,10,19990105.0,505.0,F,Personal Plus,36.0,1500000.0,0.0,1,0.0,0.0,0.0,4,38.11,4552.41,457.29,Quincena_1
5510007514,0,190117.64,17,243.62,POS,20150506,US,MCI,Miercoles,6,20050112.0,255.0,M,Personal Plus,36.0,3500000.0,2000000.0,1,0.0,0.0,0.0,5,39.64,4552.41,554.95,Quincena_1
7479645916,0,190359.23,15,662.53,POS,20150513,US,MCI,Miercoles,13,19950317.0,158.0,M,Preferencial,41.0,7000000.0,2500000.0,2,9104.82,4552.41,4552.41,12,209.24,4552.41,5231.01,Quincena_1
2751645809,1,190613.92,20,1.0,ATM_INT,20150508,EC,ATM_INT,Viernes,8,19990301.0,113.0,F,Personal Plus,53.0,2300000.0,500000.0,1,0.0,0.0,0.0,1,0.0,904.81,1.0,Quincena_1
315199626,0,191020.09,17,294.4,POS,20150502,EC,POS,Sabado,2,19990830.0,879.0,M,PYME,71.0,503916000.0,483083000.0,2,4175.65,1043.91,1043.91,4,200.95,904.81,2612.33,Quincena_1
575199626,0,191020.09,17,294.4,POS,20150502,EC,POS,Sabado,2,19990830.0,879.0,M,PYME,71.0,503916000.0,483083000.0,2,4175.65,1043.91,1043.91,4,200.95,904.81,2612.33,Quincena_1
3479656004,0,191103.04,19,123.61,POS,20150505,US,POS,Martes,5,19960730.0,178.0,M,Preferencial,41.0,20000000.0,5000000.0,1,0.0,0.0,0.0,3,56.74,4552.41,340.46,Quincena_1
3443499478,0,191259.07,11,9.34,POS,20150504,US,POS,Lunes,4,19900817.0,267.0,F,Personal Plus,48.0,1800000.0,400000.0,2,9104.82,4552.41,4552.41,2,9.34,4552.41,18.68,Quincena_1
5243499478,0,191259.07,11,9.34,POS,20150504,US,POS,Lunes,4,19900817.0,267.0,F,Personal Plus,48.0,1800000.0,400000.0,2,9104.82,4552.41,4552.41,2,9.34,4552.41,18.68,Quincena_1
2421323525,1,1916019.54,20,243.62,POS,20150530,US,MCI,Sabado,30,19781218.0,738.0,F,Personal Plus,80.0,8500000.0,2000000.0,1,0.0,0.0,0.0,4,54.52,4552.41,599.68,Quincena_2
7866763163,0,191824.04,20,453.85,ATM_INT,20150504,UY,ATM_INT,Lunes,4,19901024.0,66.0,F,Personal Plus,43.0,3078000.0,1900000.0,1,0.0,0.0,0.0,4,262.38,4446.0,3410.99,Quincena_1
7834042926,0,191875.01,21,1.0,POS,20150516,US,POS,Sabado,16,20061219.0,60.0,F,Personal Plus,59.0,4000000.0,0.0,1,0.0,0.0,0.0,1,0.0,4552.41,1.0,Quincena_2
8713483011,1,1919055.27,21,399.63,POS,20150529,US,MCI,Viernes,29,19850725.0,834.0,M,Personal Plus,48.0,15000000.0,5000000.0,2,9104.82,4552.41,4552.41,4,140.31,4552.41,982.18,Quincena_2
8298668239,0,192032.18,20,23.59,POS,20150530,US,MCI,Sabado,30,20080603.0,29.0,M,Personal Plus,36.0,3805114.0,800000.0,1,0.0,0.0,0.0,4,13.15,4552.41,105.21,Quincena_2
3610027282,0,19235.03,16,243.62,POS,20150516,US,POS,Sabado,16,19961204.0,116.0,M,Preferencial,39.0,20500000.0,5000000.0,1,0.0,0.0,0.0,5,157.33,4552.41,3461.37,Quincena_2
3566999422,0,192466.09,14,160.57,POS,20150527,US,POS,Miercoles,27,19970318.0,808.0,F,Personal Plus,38.0,3825000.0,0.0,2,18209.64,4552.41,4552.41,3,31.14,4552.41,965.22,Quincena_2
9579981102,0,193217.06,20,1.0,POS,20150529,US,POS,Viernes,29,20030303.0,571.0,M,Personal Plus,36.0,2500000.0,1500000.0,1,0.0,0.0,0.0,1,0.0,4552.41,1.0,Quincena_2
2143203434,0,193375.08,15,314.13,POS,20150524,US,POS,Domingo,24,20030613.0,319.0,F,Personal Plus,35.0,5738980.0,1000000.0,2,9104.82,4552.41,4552.41,4,73.46,4552.41,881.5,Quincena_2
8363329763,0,1934748.19,18,733.11,POS,20150519,US,MCI,Martes,19,19910405.0,20.0,F,Personal Plus,49.0,3500000.0,1000000.0,1,0.0,0.0,0.0,5,31.05,4552.41,2608.12,Quincena_2
4922655718,0,193623.09,15,61.45,POS,20150501,US,POS,Viernes,1,20020924.0,434.0,F,Personal Plus,33.0,1595993.0,150000.0,1,0.0,0.0,0.0,2,61.45,4552.41,122.9,Quincena_1
7122655718,0,193623.09,15,61.45,POS,20150501,US,POS,Viernes,1,20020924.0,434.0,F,Personal Plus,33.0,1595993.0,150000.0,1,0.0,0.0,0.0,2,61.45,4552.41,122.9,Quincena_1
1242108697,0,193684.85,18,178.36,POS,20150519,US,MCI,Martes,19,19980420.0,73.0,F,Preferencial,41.0,9028495.0,1000000.0,1,0.0,0.0,0.0,4,64.64,4552.41,517.11,Quincena_2
2971750441,0,193712.04,16,996.19,POS,20150505,US,POS,Martes,5,19961018.0,245.0,M,Preferencial,40.0,14162230.0,2500000.0,1,0.0,0.0,0.0,7,95.34,4552.41,2669.56,Quincena_1
1216782603,0,194021.29,17,304.29,POS,20150501,US,MCI,Viernes,1,19950804.0,737.0,M,Preferencial,45.0,7663500.0,8000000.0,2,4886.27,2443.14,2443.14,2,304.29,4552.41,608.58,Quincena_1
3616782603,0,194021.29,17,304.29,POS,20150501,US,MCI,Viernes,1,19950804.0,737.0,M,Preferencial,45.0,7663500.0,8000000.0,2,4886.27,2443.14,2443.14,2,304.29,4552.41,608.58,Quincena_1
3380513117,0,194432.08,13,1.0,POS,20150519,US,POS,Martes,19,20040213.0,202.0,M,Emprendedor,41.0,5000000.0,5000000.0,1,0.0,0.0,0.0,1,0.0,4552.41,1.0,Quincena_2
2842883556,0,194843.86,19,23.59,POS,20150515,US,MCI,Viernes,15,19791220.0,19.0,F,PYME,50.0,867000000.0,842000000.0,1,0.0,0.0,0.0,2,23.59,4552.41,235.86,Quincena_1
852779428,1,19486.85,2,1.0,POS,20150529,US,MCI,Viernes,29,20050627.0,932.0,F,Personal Plus,31.0,5040000.0,200000.0,1,0.0,0.0,0.0,1,0.0,4552.41,1.0,Quincena_2
9519293571,1,194931.09,9,733.11,POS,20150529,US,POS,Viernes,29,20100521.0,122.0,M,Personal Plus,60.0,5700000.0,800000.0,1,0.0,0.0,0.0,4,331.22,4552.41,1987.33,Quincena_2
5143461873,0,194978.53,19,243.62,POS,20150520,US,MCI,Miercoles,20,19980511.0,344.0,F,Personal Plus,36.0,3247000.0,500000.0,1,0.0,0.0,0.0,4,86.88,4552.41,521.27,Quincena_2
10072150888,0,194989.28,9,659.13,POS,20150518,US,MCI,Lunes,18,19860506.0,963.0,M,Preferencial,47.0,84783895.0,10000000.0,7,46220.19,3301.44,9329.04,4,325.62,4552.41,1953.74,Quincena_2
8942108697,0,195350.59,22,178.36,POS,20150519,US,MCI,Martes,19,19980420.0,73.0,F,Preferencial,41.0,9028495.0,1000000.0,1,0.0,0.0,0.0,4,64.64,4552.41,517.11,Quincena_2
7676311037,0,195399.68,21,170.2,POS,20150517,EC,MCI,Domingo,17,20001219.0,381.0,M,Preferencial,45.0,24706250.0,4000000.0,1,0.0,0.0,0.0,3,129.55,904.81,647.73,Quincena_2
338125144,0,195716.19,21,243.62,POS,20150530,US,MCI,Sabado,30,20110919.0,611.0,M,Preferencial,36.0,19000000.0,11000000.0,2,3387.47,1693.74,1693.74,7,114.82,4552.41,2296.37,Quincena_2
4780076946,0,1963271.98,18,236.08,POS,20150503,US,MCI,Domingo,3,20070316.0,963.0,M,Personal Plus,29.0,5100000.0,1200000.0,1,0.0,0.0,0.0,4,130.26,4552.41,521.05,Quincena_1
5980076946,0,1963271.98,18,236.08,POS,20150503,US,MCI,Domingo,3,20070316.0,963.0,M,Personal Plus,29.0,5100000.0,1200000.0,1,0.0,0.0,0.0,4,130.26,4552.41,521.05,Quincena_1
766759733,0,196847.11,1,173.36,POS,20150509,US,MCI,Sabado,9,19911219.0,158.0,M,Preferencial,56.0,30318000.0,11500000.0,5,19067.72,2723.96,4552.41,4,84.11,4552.41,672.87,Quincena_1
141571076,0,196976.44,19,1.0,POS,20150513,US,MCI,Miercoles,13,19800411.0,43.0,F,Personal Plus,62.0,3000000.0,2000000.0,2,971.23,971.23,971.23,1,0.0,4552.41,1.0,Quincena_1
4380228954,1,197005.88,23,23.31,ATM_INT,20150504,US,ATM_INT,Lunes,4,20030507.0,46.0,M,Personal Plus,35.0,1200000.0,500000.0,1,0.0,0.0,0.0,2,23.31,4552.41,46.62,Quincena_1
7216355013,0,197040.47,23,304.29,POS,20150519,US,MCI,Martes,19,19960619.0,874.0,M,Preferencial,54.0,51500000.0,19000000.0,3,4898.45,2449.22,3854.54,4,203.58,4552.41,610.74,Quincena_2
7371374094,0,197468.58,19,523.1,POS,20150503,US,MCI,Domingo,3,19990827.0,16.0,M,Preferencial,34.0,6440000.0,4370000.0,5,15328.29,2189.76,4552.41,13,164.76,4552.41,7578.74,Quincena_1
7871374094,0,197468.58,19,523.1,POS,20150503,US,MCI,Domingo,3,19990827.0,16.0,M,Preferencial,34.0,6440000.0,4370000.0,5,15328.29,2189.76,4552.41,13,164.76,4552.41,7578.74,Quincena_1
8843626489,0,1975539.46,21,243.62,POS,20150513,US,MCI,Miercoles,13,19960429.0,375.0,F,Personal Plus,39.0,6500000.0,4000000.0,4,61592.78,5132.73,8455.65,8,22.79,4552.41,979.95,Quincena_1
1680133728,0,19756.05,17,179.83,POS,20150503,US,POS,Domingo,3,20041020.0,582.0,M,Personal Plus,33.0,3300000.0,2800000.0,1,0.0,0.0,0.0,2,179.83,4552.41,359.65,Quincena_1
2680133728,0,19756.05,17,179.83,POS,20150503,US,POS,Domingo,3,20041020.0,582.0,M,Personal Plus,33.0,3300000.0,2800000.0,1,0.0,0.0,0.0,2,179.83,4552.41,359.65,Quincena_1
312746394,0,197788.04,15,261.22,POS,20150521,EC,POS,Jueves,21,20121017.0,74.0,M,Personal,36.0,800000.0,300000.0,1,0.0,0.0,0.0,2,261.22,904.81,1567.33,Quincena_2
2952201621,0,197970.01,7,294.43,POS,20150501,US,POS,Viernes,1,20060202.0,652.0,F,Personal Plus,42.0,3166689.0,300000.0,1,0.0,0.0,0.0,2,294.43,4552.41,588.86,Quincena_1
4652201621,0,197970.01,7,294.43,POS,20150501,US,POS,Viernes,1,20060202.0,652.0,F,Personal Plus,42.0,3166689.0,300000.0,1,0.0,0.0,0.0,2,294.43,4552.41,588.86,Quincena_1
7052992631,0,198104.05,19,1.0,POS,20150520,US,MCI,Miercoles,20,20090121.0,304.0,F,Personal Plus,32.0,4765000.0,200000.0,1,0.0,0.0,0.0,1,0.0,4552.41,1.0,Quincena_2
3141951650,1,198879.48,21,1.0,ATM_INT,20150509,US,ATM_INT,Sabado,9,20070402.0,69.0,F,Emprendedor,33.0,2500000.0,1200000.0,1,0.0,0.0,0.0,1,0.0,4552.41,1.0,Quincena_1
1671277743,0,198980.01,5,340.09,POS,20150515,CA,POS,Viernes,15,20011022.0,274.0,M,Personal Plus,32.0,1700000.0,700000.0,1,0.0,0.0,0.0,7,97.57,8199.08,1366.01,Quincena_1
380774258,0,199233.85,22,78.34,POS,20150503,US,MCI,Domingo,3,20070910.0,354.0,M,Personal Plus,29.0,5000000.0,2000000.0,3,9056.17,1811.23,3481.3,2,78.34,9334.84,313.35,Quincena_1
9080774258,0,199233.85,22,78.34,POS,20150503,US,MCI,Domingo,3,20070910.0,354.0,M,Personal Plus,29.0,5000000.0,2000000.0,3,9056.17,1811.23,3481.3,2,78.34,9334.84,313.35,Quincena_1
1643221265,0,1993518.1,20,1.0,POS,20150520,US,MCI,Miercoles,20,19980722.0,319.0,F,Personal Plus,36.0,1877000.0,0.0,1,0.0,0.0,0.0,1,0.0,4552.41,1.0,Quincena_2
5732244179,0,199553.53,22,12.12,POS,20150529,US,MCI,Viernes,29,20020613.0,342.0,F,Personal Plus,31.0,16000000.0,800000.0,1,0.0,0.0,0.0,2,12.12,4552.41,24.25,Quincena_2
1007692230,0,199773.04,17,273.51,POS,20150511,US,POS,Lunes,11,19970227.0,702.0,M,Preferencial,42.0,13200000.0,7000000.0,1,0.0,0.0,0.0,3,234.44,4552.41,4923.19,Quincena_1
8672274585,0,19993.61,0,698.52,POS,20150526,US,MCI,Martes,26,20031023.0,248.0,M,Emprendedor,32.0,5000000.0,3000000.0,1,0.0,0.0,0.0,2,698.52,4552.41,2794.09,Quincena_2
7619401367,0,20014064.66,23,659.13,POS,20150522,CU,MCI,Viernes,22,19840501.0,18.0,M,Personal Plus,,170473000.0,122578000.0,4,22346.67,3192.38,4552.41,2,659.13,2128.97,659.13,Quincena_2
4615388284,0,20039.05,20,330.51,POS,20150524,US,POS,Domingo,24,20020128.0,935.0,M,Personal Plus,31.0,4000000.0,2000000.0,1,0.0,0.0,0.0,7,73.32,4552.41,1613.14,Quincena_2
4198552025,0,200410.71,21,10.34,POS,20150506,US,MCI,Miercoles,6,19971016.0,344.0,M,Personal Plus,45.0,3600000.0,1300000.0,1,0.0,0.0,0.0,2,10.34,4552.41,20.67,Quincena_1
3814609160,0,200489.42,19,19.67,POS,20150526,US,MCI,Martes,26,20020115.0,61.0,M,Personal Plus,31.0,4000000.0,1500000.0,1,0.0,0.0,0.0,2,19.67,4552.41,39.35,Quincena_2
7552172056,0,200895.04,12,304.29,POS,20150522,US,POS,Viernes,22,19970326.0,627.0,F,Personal Plus,42.0,2000000.0,0.0,1,0.0,0.0,0.0,5,115.79,4552.41,1273.74,Quincena_2
6594501917,1,2011942.01,20,659.13,POS,20150523,US,POS,Sabado,23,20130514.0,627.0,M,Preferencial,38.0,25000000.0,1000000.0,3,12492.29,3123.07,4552.41,8,256.86,4552.41,3852.95,Quincena_2
4852154199,0,2015596.45,20,1.0,POS,20150523,US,MCI,Sabado,23,20060901.0,174.0,F,Personal Plus,41.0,3900000.0,1500000.0,1,0.0,0.0,0.0,1,0.0,4552.41,1.0,Quincena_2
2672179499,0,202191.08,18,777.18,POS,20150513,US,POS,Miercoles,13,19990812.0,506.0,M,Personal Plus,43.0,12000000.0,6000000.0,1,0.0,0.0,0.0,7,329.82,4552.41,3298.18,Quincena_1
3571691350,0,202393.08,15,340.09,POS,20150507,US,POS,Jueves,7,19991203.0,600.0,M,Preferencial,47.0,14264000.0,3000000.0,3,20435.63,2919.38,4552.41,8,77.04,4552.41,3312.82,Quincena_1
1941928560,1,202521.36,21,118.62,ATM_INT,20150508,US,ATM_INT,Viernes,8,20050401.0,865.0,F,Personal Plus,41.0,3500000.0,2000000.0,4,5752.54,1917.51,2559.53,4,64.49,4552.41,257.95,Quincena_1
7372284933,0,202604.08,15,733.11,POS,20150518,US,POS,Lunes,18,20070103.0,248.0,M,Personal Plus,31.0,8000000.0,1500000.0,1,0.0,0.0,0.0,7,197.69,4552.41,4349.19,Quincena_2
4432734782,0,202853.45,20,662.36,POS,20150524,US,MCI,Domingo,24,19950716.0,477.0,F,PYME,44.0,7000000.0,5000000.0,3,50214.68,4184.56,4552.41,3,644.59,4690.58,2578.35,Quincena_2
9643626284,0,202911.3,12,340.09,POS,20150522,US,MCI,Viernes,22,20020730.0,267.0,F,Personal Plus,39.0,11156147.0,2500000.0,2,9104.82,4552.41,4552.41,6,108.11,4552.41,2162.19,Quincena_2
3670084416,0,202987.67,0,243.62,POS,20150520,US,MCI,Miercoles,20,19900701.0,5.0,M,Preferencial,57.0,21850000.0,5000000.0,3,9964.44,2491.11,3308.02,3,118.93,4552.41,1070.37,Quincena_2
1743454595,0,203223.09,16,188.55,POS,20150503,US,POS,Domingo,3,20110204.0,553.0,F,Personal Plus,32.0,2797638.0,500000.0,1,0.0,0.0,0.0,4,83.97,4552.41,419.86,Quincena_1
7743454595,0,203223.09,16,188.55,POS,20150503,US,POS,Domingo,3,20110204.0,553.0,F,Personal Plus,32.0,2797638.0,500000.0,1,0.0,0.0,0.0,4,83.97,4552.41,419.86,Quincena_1
2379592548,0,203273.09,16,1.0,POS,20150517,US,POS,Domingo,17,20030731.0,193.0,M,Personal Plus,42.0,4500000.0,2500000.0,1,0.0,0.0,0.0,1,0.0,4552.41,1.0,Quincena_2
8871746727,0,203486.17,21,243.62,POS,20150519,US,MCI,Martes,19,19950127.0,344.0,M,Preferencial,40.0,23000000.0,10000000.0,1,0.0,0.0,0.0,3,163.01,4552.41,489.03,Quincena_2
8341374709,1,204232.44,22,123.61,ATM_INT,20150520,US,ATM_INT,Miercoles,20,20011221.0,186.0,F,Personal Plus,69.0,2500000.0,1400000.0,1,0.0,0.0,0.0,2,123.61,4552.41,247.22,Quincena_2
6980504385,0,204401.4,0,294.43,POS,20150506,US,MCI,Miercoles,6,19960523.0,963.0,M,Preferencial,41.0,25000000.0,8000000.0,3,18816.11,2352.01,4552.41,12,69.33,4552.41,2565.32,Quincena_1
143163588,0,204432.94,19,340.09,POS,20150503,US,MCI,Domingo,3,19951124.0,116.0,F,Preferencial,36.0,6000000.0,3000000.0,2,4552.41,4552.41,4552.41,4,61.7,4552.41,802.1,Quincena_1
7843163588,0,204432.94,19,340.09,POS,20150503,US,MCI,Domingo,3,19951124.0,116.0,F,Preferencial,36.0,6000000.0,3000000.0,2,4552.41,4552.41,4552.41,4,61.7,4552.41,802.1,Quincena_1
8975094807,0,204468.06,18,123.09,POS,20150518,US,POS,Lunes,18,20120402.0,379.0,M,Personal Plus,35.0,4600000.0,400000.0,2,9104.82,4552.41,4552.41,6,11.36,4552.41,567.86,Quincena_2
7622051504,0,2044790.04,15,361.02,POS,20150520,US,POS,Miercoles,20,19860524.0,24.0,F,Personal Plus,56.0,2367000.0,300000.0,3,62435.39,5202.95,8455.65,4,80.6,4552.41,403.01,Quincena_2
7279645916,0,204508.04,14,662.53,POS,20150513,US,MCI,Miercoles,13,19950317.0,158.0,M,Preferencial,41.0,7000000.0,2500000.0,2,9104.82,4552.41,4552.41,12,209.24,4552.41,5231.01,Quincena_1
7879901941,1,20461.04,16,1217.57,POS,20150529,US,POS,Viernes,29,20131202.0,31.0,M,Personal Plus,37.0,6760000.0,500000.0,1,0.0,0.0,0.0,15,190.49,4552.41,4952.61,Quincena_2
5916355013,0,204717.38,0,304.29,POS,20150519,US,MCI,Martes,19,19960619.0,874.0,M,Preferencial,54.0,51500000.0,19000000.0,3,4898.45,2449.22,3854.54,4,203.58,4552.41,610.74,Quincena_2
8032761583,0,204770.07,18,1.0,POS,20150505,US,POS,Martes,5,19960105.0,107.0,F,Personal Plus,42.0,4000000.0,1000000.0,1,0.0,0.0,0.0,1,0.0,4552.41,1.0,Quincena_1
6943221514,0,205161.06,17,183.96,POS,20150516,US,POS,Sabado,16,20050920.0,267.0,F,Personal Plus,29.0,4130760.0,2500000.0,2,13657.23,4552.41,4552.41,4,94.25,4552.41,471.25,Quincena_2
31830502879,0,205336.39,18,562.06,POS,20150501,US,MCI,Viernes,1,20041019.0,218.0,M,PYME,24.0,58122664.0,47929519.0,1,0.0,0.0,0.0,5,94.21,4552.41,1978.51,Quincena_1
50830502879,0,205336.39,18,562.06,POS,20150501,US,MCI,Viernes,1,20041019.0,218.0,M,PYME,24.0,58122664.0,47929519.0,1,0.0,0.0,0.0,5,94.21,4552.41,1978.51,Quincena_1
2870829256,0,205345.02,20,671.25,POS,20150505,US,POS,Martes,5,20130705.0,486.0,M,Preferencial,38.0,57800000.0,10500000.0,2,27314.46,4552.41,4552.41,4,355.93,4552.41,2135.59,Quincena_1
9318616986,0,20544.03,16,289.8,POS,20150515,US,MCI,Viernes,15,20050421.0,634.0,M,Preferencial,34.0,5000000.0,3800000.0,1,0.0,0.0,0.0,11,77.38,4552.41,3327.16,Quincena_1
5879779154,0,20561.81,23,674.01,POS,20150506,US,MCI,Miercoles,6,19930125.0,4.0,M,Preferencial,40.0,9500000.0,2500000.0,1,0.0,0.0,0.0,7,201.29,4552.41,5636.26,Quincena_1
5039359227,0,206004.75,21,122.73,POS,20150503,US,MCI,Domingo,3,20110427.0,19.0,F,Personal Plus,32.0,2909000.0,600000.0,1,0.0,0.0,0.0,3,20.68,4552.41,206.81,Quincena_1
5139359227,0,206004.75,21,122.73,POS,20150503,US,MCI,Domingo,3,20110427.0,19.0,F,Personal Plus,32.0,2909000.0,600000.0,1,0.0,0.0,0.0,3,20.68,4552.41,206.81,Quincena_1
1570549134,0,206185.01,15,243.62,POS,20150503,US,POS,Domingo,3,19911126.0,230.0,M,Preferencial,56.0,15000000.0,0.0,2,4886.27,2443.14,2443.14,2,243.62,4552.41,487.24,Quincena_1
8270549134,0,206185.01,15,243.62,POS,20150503,US,POS,Domingo,3,19911126.0,230.0,M,Preferencial,56.0,15000000.0,0.0,2,4886.27,2443.14,2443.14,2,243.62,4552.41,487.24,Quincena_1
876878819,0,206233.18,0,671.25,POS,20150515,US,MCI,Viernes,15,19950104.0,82.0,M,PYME,56.0,16768583.0,10655639.0,1,0.0,0.0,0.0,9,186.09,4552.41,9490.47,Quincena_1
6679237669,0,206378.18,15,243.62,POS,20150514,US,MCI,Jueves,14,19890428.0,172.0,M,Preferencial,58.0,24130000.0,0.0,6,72287.55,5560.58,9032.69,4,81.09,4552.41,648.69,Quincena_1
6810750893,0,206775.02,17,484.54,POS,20150520,US,POS,Miercoles,20,19970919.0,23.0,M,Personal Plus,53.0,6670000.0,0.0,2,18209.64,4552.41,4552.41,7,175.9,4552.41,2110.81,Quincena_2
4643580980,0,20706.55,21,340.09,POS,20150520,US,MCI,Miercoles,20,19941025.0,738.0,F,Preferencial,41.0,25000000.0,22000000.0,2,18209.64,4552.41,4552.41,6,67.96,4552.41,1019.33,Quincena_2
9716355013,0,207252.2,17,304.29,POS,20150519,US,MCI,Martes,19,19960619.0,874.0,M,Preferencial,54.0,51500000.0,19000000.0,3,4898.45,2449.22,3854.54,4,203.58,4552.41,610.74,Quincena_2
3422448412,0,2077612.02,4,698.52,POS,20150501,PA,POS,Viernes,1,19961017.0,781.0,F,Personal Plus,46.0,3600000.0,2000000.0,1,0.0,0.0,0.0,3,487.68,1043.91,2438.42,Quincena_1
8222448412,0,2077612.02,4,698.52,POS,20150501,PA,POS,Viernes,1,19961017.0,781.0,F,Personal Plus,46.0,3600000.0,2000000.0,1,0.0,0.0,0.0,3,487.68,1043.91,2438.42,Quincena_1
2191507491,0,20778.01,12,733.11,POS,20150511,US,POS,Lunes,11,20100510.0,20.0,M,PYME,33.0,27127000.0,1350000.0,2,4552.41,4552.41,4552.41,11,214.86,4552.41,8164.69,Quincena_1
2871745429,0,207885.06,14,243.62,POS,20150517,PA,POS,Domingo,17,20060410.0,543.0,M,Preferencial,41.0,25000000.0,8000000.0,1,0.0,0.0,0.0,4,56.17,1043.91,617.88,Quincena_2
272149495,0,208143.03,14,698.52,POS,20150501,PA,POS,Viernes,1,20010609.0,442.0,M,Personal Plus,47.0,4000000.0,2500000.0,1,0.0,0.0,0.0,4,618.12,1043.91,6799.36,Quincena_1
5172149495,0,208143.03,14,698.52,POS,20150501,PA,POS,Viernes,1,20010609.0,442.0,M,Personal Plus,47.0,4000000.0,2500000.0,1,0.0,0.0,0.0,4,618.12,1043.91,6799.36,Quincena_1
7739783039,1,2082923.27,18,659.13,POS,20150506,US,MCI,Miercoles,6,20000516.0,661.0,F,Personal Plus,46.0,8077000.0,4000000.0,2,9104.82,4552.41,4552.41,4,316.64,4552.41,2533.15,Quincena_1
4671586559,0,208721.09,12,1.0,POS,20150517,US,POS,Domingo,17,20000929.0,614.0,M,Personal Plus,55.0,5498900.0,3350000.0,1,0.0,0.0,0.0,1,0.0,4552.41,1.0,Quincena_2
4231289984,0,2093301.82,19,304.29,POS,20150513,US,MCI,Miercoles,13,19890407.0,967.0,F,Preferencial,,10000000.0,5000000.0,6,28829.22,3203.25,4552.41,3,234.92,4552.41,1879.39,Quincena_1
2871586559,0,209988.03,12,1.0,POS,20150517,US,POS,Domingo,17,20000929.0,614.0,M,Personal Plus,55.0,5498900.0,3350000.0,1,0.0,0.0,0.0,1,0.0,4552.41,1.0,Quincena_2
1838230332,0,210131.02,14,1.0,POS,20150514,US,POS,Jueves,14,19930911.0,40.0,F,Preferencial,58.0,24000000.0,5000000.0,3,26260.83,6565.21,8578.01,1,0.0,4552.41,1.0,Quincena_1
1239689638,0,210241.08,20,733.11,POS,20150507,US,POS,Jueves,7,19981006.0,963.0,F,Preferencial,50.0,2800000.0,0.0,4,18756.9,3126.15,4552.41,4,389.92,4552.41,1949.61,Quincena_1
956878819,0,210510.18,0,671.25,POS,20150515,US,MCI,Viernes,15,19950104.0,82.0,M,PYME,56.0,16768583.0,10655639.0,1,0.0,0.0,0.0,9,186.09,4552.41,9490.47,Quincena_1
1043542589,0,211056.07,11,659.13,POS,20150501,US,POS,Viernes,1,19941221.0,498.0,F,Preferencial,46.0,19405161.0,4000000.0,1,0.0,0.0,0.0,3,85.77,4552.41,1715.37,Quincena_1
723227145,0,211421.48,16,1.0,POS,20150503,US,MCI,Domingo,3,19981126.0,152.0,M,Preferencial,61.0,18480832.0,0.0,2,15714.99,7857.49,7857.49,1,0.0,4552.41,1.0,Quincena_1
863227145,0,211421.48,16,1.0,POS,20150503,US,MCI,Domingo,3,19981126.0,152.0,M,Preferencial,61.0,18480832.0,0.0,2,15714.99,7857.49,7857.49,1,0.0,4552.41,1.0,Quincena_1
718678984,0,2120574.34,19,659.13,POS,20150521,US,MCI,Jueves,21,19910330.0,961.0,M,Preferencial,57.0,44000000.0,727000.0,2,4552.41,4552.41,4552.41,3,253.16,4552.41,1518.96,Quincena_2
6170101168,0,212576.6,19,286.84,POS,20150515,US,MCI,Viernes,15,19920403.0,272.0,M,Emprendedor,59.0,8000000.0,8000000.0,3,36239.1,5177.01,8924.64,5,33.45,16916.24,1070.52,Quincena_1
6779981102,0,212759.07,17,1.0,POS,20150529,US,POS,Viernes,29,20030303.0,571.0,M,Personal Plus,36.0,2500000.0,1500000.0,1,0.0,0.0,0.0,1,0.0,4552.41,1.0,Quincena_2
2577151971,0,2130706.76,16,1.0,POS,20150502,US,MCI,Sabado,2,19950629.0,599.0,M,PYME,48.0,48885000.0,41636000.0,1,0.0,0.0,0.0,1,0.0,4552.41,1.0,Quincena_1
477151971,0,2130706.76,16,1.0,POS,20150502,US,MCI,Sabado,2,19950629.0,599.0,M,PYME,48.0,48885000.0,41636000.0,1,0.0,0.0,0.0,1,0.0,4552.41,1.0,Quincena_1
7036302872,0,2136758.88,20,234.42,POS,20150513,US,MCI,Miercoles,13,20000609.0,534.0,F,PYME,34.0,56666000.0,37600750.0,1,0.0,0.0,0.0,3,219.46,4552.41,1316.79,Quincena_1
4891289947,0,213797.03,13,286.84,POS,20150506,US,POS,Miercoles,6,20080520.0,291.0,M,Emprendedor,42.0,12085000.0,3500000.0,1,0.0,0.0,0.0,3,193.87,4552.41,581.61,Quincena_1
398357205,0,214060.02,0,10.34,POS,20150519,US,MCI,Martes,19,20020118.0,267.0,M,Emprendedor,31.0,2300000.0,600000.0,3,35899.1,8974.77,13397.14,3,8.85,4552.41,221.16,Quincena_2
196878819,0,214402.74,0,671.25,POS,20150515,US,MCI,Viernes,15,19950104.0,82.0,M,PYME,56.0,16768583.0,10655639.0,1,0.0,0.0,0.0,9,186.09,4552.41,9490.47,Quincena_1
866878819,0,214402.74,0,671.25,POS,20150515,US,MCI,Viernes,15,19950104.0,82.0,M,PYME,56.0,16768583.0,10655639.0,1,0.0,0.0,0.0,9,186.09,4552.41,9490.47,Quincena_1
1172220697,0,214871.06,18,698.52,POS,20150505,US,POS,Martes,5,20030224.0,916.0,M,Personal Plus,40.0,20000000.0,7700000.0,2,9104.82,4552.41,4552.41,2,698.52,4552.41,15367.51,Quincena_1
1066859620,0,2152736.08,23,277.48,POS,20150506,US,MCI,Miercoles,6,19911210.0,60.0,F,Preferencial,41.0,16000000.0,4000000.0,3,45003.92,7500.65,13397.14,3,152.15,4552.41,608.6,Quincena_1
3116355013,0,216112.02,16,304.29,POS,20150519,US,MCI,Martes,19,19960619.0,874.0,M,Preferencial,54.0,51500000.0,19000000.0,3,4898.45,2449.22,3854.54,4,203.58,4552.41,610.74,Quincena_2
4810292433,0,216252.9,16,782.14,POS,20150515,US,MCI,Viernes,15,20040628.0,868.0,M,Preferencial,34.0,15000000.0,5000000.0,1,0.0,0.0,0.0,7,237.64,4690.58,4277.48,Quincena_1
7671596767,0,216261.31,19,659.13,POS,20150510,US,MCI,Domingo,10,19870805.0,850.0,M,Preferencial,54.0,62900000.0,40000000.0,2,27314.46,4552.41,4552.41,7,198.51,4552.41,3374.66,Quincena_1
6891224532,0,216373.48,22,292.27,POS,20150506,US,MCI,Miercoles,6,19930201.0,929.0,M,Preferencial,52.0,66870000.0,15000000.0,2,13657.23,4552.41,4552.41,10,154.05,4552.41,4775.58,Quincena_1
3779656004,0,216666.08,16,123.61,POS,20150505,US,POS,Martes,5,19960730.0,178.0,M,Preferencial,41.0,20000000.0,5000000.0,1,0.0,0.0,0.0,3,56.74,4552.41,340.46,Quincena_1
406878819,0,216997.77,0,671.25,POS,20150515,US,MCI,Viernes,15,19950104.0,82.0,M,PYME,56.0,16768583.0,10655639.0,1,0.0,0.0,0.0,9,186.09,4552.41,9490.47,Quincena_1
46878819,0,216997.77,0,671.25,POS,20150515,US,MCI,Viernes,15,19950104.0,82.0,M,PYME,56.0,16768583.0,10655639.0,1,0.0,0.0,0.0,9,186.09,4552.41,9490.47,Quincena_1
2779853997,0,2170474.09,9,1.0,POS,20150520,US,POS,Miercoles,20,20081216.0,46.0,M,Preferencial,38.0,12317000.0,6300000.0,2,4552.41,4552.41,4552.41,1,0.0,4552.41,1.0,Quincena_2
4939359227,0,217515.29,0,122.73,POS,20150503,US,MCI,Domingo,3,20110427.0,19.0,F,Personal Plus,32.0,2909000.0,600000.0,1,0.0,0.0,0.0,3,20.68,4552.41,206.81,Quincena_1
8139359227,0,217515.29,0,122.73,POS,20150503,US,MCI,Domingo,3,20110427.0,19.0,F,Personal Plus,32.0,2909000.0,600000.0,1,0.0,0.0,0.0,3,20.68,4552.41,206.81,Quincena_1
1743505364,0,217841.26,19,340.09,POS,20150511,US,MCI,Lunes,11,20001025.0,850.0,F,Preferencial,49.0,17000000.0,10000000.0,1,0.0,0.0,0.0,4,68.58,4552.41,1851.59,Quincena_1
7539359227,0,218917.84,22,122.73,POS,20150503,US,MCI,Domingo,3,20110427.0,19.0,F,Personal Plus,32.0,2909000.0,600000.0,1,0.0,0.0,0.0,3,20.68,4552.41,206.81,Quincena_1
7664557465,0,219354.66,16,567.34,POS,20150513,US,MCI,Miercoles,13,19951102.0,430.0,F,Personal Plus,46.0,5000000.0,0.0,4,53306.62,5922.96,13397.14,6,194.71,4552.41,1752.37,Quincena_1
51032408184,0,220044.05,11,70.8,POS,20150520,US,POS,Miercoles,20,20110726.0,640.0,M,Personal Plus,27.0,2400000.0,1500000.0,1,0.0,0.0,0.0,3,51.15,4552.41,204.59,Quincena_2
2930394700,1,220146.03,12,131.63,POS,20150522,US,POS,Viernes,22,20020222.0,543.0,F,Preferencial,37.0,7900000.0,4000000.0,1,0.0,0.0,0.0,2,131.63,4552.41,526.53,Quincena_2
7870084416,0,220544.28,0,243.62,POS,20150520,US,MCI,Miercoles,20,19900701.0,5.0,M,Preferencial,57.0,21850000.0,5000000.0,3,9964.44,2491.11,3308.02,3,118.93,4552.41,1070.37,Quincena_2
2337555948,0,221205.08,10,294.43,POS,20150514,PR,POS,Jueves,14,19960502.0,650.0,F,Personal Plus,37.0,1300000.0,0.0,1,0.0,0.0,0.0,3,113.68,1693.74,682.11,Quincena_1
2587067296,0,22184.07,9,659.13,POS,20150530,US,POS,Sabado,30,20051125.0,812.0,M,Personal Plus,30.0,5000000.0,3000000.0,2,9104.82,4552.41,4552.41,4,428.17,4552.41,2140.83,Quincena_2
5079789152,0,221978.09,9,659.13,POS,20150525,US,POS,Lunes,25,19950708.0,101.0,M,Preferencial,38.0,11749656.0,4100000.0,2,27314.46,4552.41,4552.41,4,386.3,4552.41,3090.38,Quincena_2
9339790053,0,2221916.09,14,733.11,POS,20150507,US,POS,Jueves,7,20110520.0,219.0,F,Personal Plus,43.0,5000000.0,3100000.0,1,0.0,0.0,0.0,3,488.36,4552.41,1953.46,Quincena_1
2879142419,0,222252.07,11,792.04,POS,20150524,US,POS,Domingo,24,19790912.0,245.0,M,Preferencial,60.0,20000000.0,20000000.0,3,34644.97,8661.24,15703.93,8,265.11,4552.41,9543.83,Quincena_2
552775975,0,222424.2,22,733.11,POS,20150503,US,MCI,Domingo,3,19820915.0,156.0,M,Preferencial,56.0,108000000.0,57800000.0,3,12959.36,4319.79,4552.41,3,569.94,4552.41,3419.67,Quincena_1
632775975,0,222424.2,22,733.11,POS,20150503,US,MCI,Domingo,3,19820915.0,156.0,M,Preferencial,56.0,108000000.0,57800000.0,3,12959.36,4319.79,4552.41,3,569.94,4552.41,3419.67,Quincena_1
1941779730,0,224255.01,9,131.71,POS,20150512,US,POS,Martes,12,19880209.0,79.0,F,Preferencial,59.0,7000000.0,3800000.0,1,0.0,0.0,0.0,2,131.71,4552.41,263.43,Quincena_1
1573211366,0,224514.01,10,659.13,POS,20150518,US,POS,Lunes,18,20070308.0,328.0,M,Personal Plus,30.0,1293752.0,500000.0,3,24819.81,6204.95,7857.49,5,453.84,4552.41,5899.88,Quincena_2
324327563,1,2246421.04,19,592.76,POS,20150530,US,MCI,Sabado,30,19950327.0,860.0,F,Preferencial,60.0,9500000.0,3000000.0,2,7709.08,3854.54,3854.54,3,220.68,4552.41,1324.06,Quincena_2
5143580980,0,224793.03,0,340.09,POS,20150520,US,MCI,Miercoles,20,19941025.0,738.0,F,Preferencial,41.0,25000000.0,22000000.0,2,18209.64,4552.41,4552.41,6,67.96,4552.41,1019.33,Quincena_2
3971737346,0,224842.38,19,604.69,POS,20150503,US,MCI,Domingo,3,19970709.0,267.0,M,Preferencial,42.0,20000000.0,18000000.0,3,5265.86,1053.17,1162.89,5,122.32,4552.41,3058.06,Quincena_1
9571737346,0,224842.38,19,604.69,POS,20150503,US,MCI,Domingo,3,19970709.0,267.0,M,Preferencial,42.0,20000000.0,18000000.0,3,5265.86,1053.17,1162.89,5,122.32,4552.41,3058.06,Quincena_1
6879718478,0,225116.69,23,733.11,POS,20150516,US,MCI,Sabado,16,20090521.0,156.0,M,Personal Plus,40.0,24000000.0,10500000.0,1,0.0,0.0,0.0,3,453.23,4552.41,1812.93,Quincena_2
43371354,0,225175.07,13,671.25,POS,20150512,US,POS,Martes,12,20090831.0,248.0,M,Preferencial,51.0,33550000.0,1000000.0,2,5231.32,1743.77,1743.77,3,601.43,4552.41,16840.17,Quincena_1
416878819,0,225311.49,0,671.25,POS,20150515,US,MCI,Viernes,15,19950104.0,82.0,M,PYME,56.0,16768583.0,10655639.0,1,0.0,0.0,0.0,9,186.09,4552.41,9490.47,Quincena_1
3716760607,0,2253282.1,19,1.0,POS,20150506,US,MCI,Miercoles,6,19960327.0,967.0,M,Preferencial,46.0,22000000.0,2000000.0,4,15452.28,5150.76,8701.13,1,0.0,4552.41,1.0,Quincena_1
9451750111,1,225693.12,9,733.11,POS,20150509,CN,MCI,Sabado,9,19910330.0,43.0,F,Personal Plus,50.0,5375000.0,3300000.0,2,7709.08,3854.54,3854.54,3,257.43,15667.16,772.29,Quincena_1
4260359630,0,226299.7,1,399.63,POS,20150523,US,MCI,Sabado,23,20031001.0,820.0,F,Emprendedor,41.0,12150000.0,2000000.0,1,0.0,0.0,0.0,2,399.63,4552.41,799.26,Quincena_2
8171749906,0,226328.08,13,659.13,POS,20150520,US,POS,Miercoles,20,20080516.0,171.0,M,Preferencial,40.0,14000000.0,5000000.0,2,18209.64,4552.41,4552.41,4,431.37,4552.41,3019.58,Quincena_2
4671787702,0,226743.01,16,330.51,POS,20150514,US,POS,Jueves,14,19961218.0,430.0,M,Personal Plus,38.0,8372700.0,4000000.0,1,0.0,0.0,0.0,5,47.92,4552.41,1629.26,Quincena_1
2143627889,1,2270920.05,22,701.37,POS,20150507,US,POS,Jueves,7,19970114.0,267.0,F,Preferencial,38.0,18959000.0,4000000.0,2,18209.64,4552.41,4552.41,9,238.38,4552.41,10011.85,Quincena_1
8635469594,0,227122.16,0,91.01,POS,20150501,US,MCI,Viernes,1,19990728.0,963.0,F,Preferencial,53.0,8000000.0,7000000.0,1,0.0,0.0,0.0,4,48.39,4552.41,290.35,Quincena_1
4370564598,0,227768.45,19,279.77,POS,20150528,US,MCI,Jueves,28,19830803.0,342.0,M,Emprendedor,50.0,10000000.0,6000000.0,1,0.0,0.0,0.0,4,232.79,4552.41,2095.1,Quincena_2
4852557362,0,227931.08,10,131.71,POS,20150522,US,POS,Viernes,22,20080813.0,167.0,F,Personal Plus,43.0,5000000.0,3000000.0,1,0.0,0.0,0.0,5,94.73,4552.41,663.11,Quincena_2
6922432473,0,228198.02,11,671.25,POS,20150513,US,POS,Miercoles,13,19900601.0,477.0,F,Personal Plus,59.0,5000000.0,350000.0,1,0.0,0.0,0.0,4,573.88,4552.41,8034.33,Quincena_1
1552349931,0,228330.02,23,91.01,POS,20150523,US,POS,Sabado,23,20060310.0,675.0,F,Emprendedor,37.0,8000000.0,3550000.0,1,0.0,0.0,0.0,2,91.01,4552.41,182.02,Quincena_2
4479689244,0,228535.03,13,659.13,POS,20150506,US,POS,Miercoles,6,19980211.0,54.0,M,Preferencial,39.0,10704952.0,3600000.0,2,27314.46,4552.41,4552.41,7,186.37,4552.41,2609.18,Quincena_1
2479957085,0,22877.06,16,23.31,POS,20150501,US,POS,Viernes,1,20140128.0,113.0,F,Personal Plus,34.0,5000000.0,5000000.0,2,18209.64,4552.41,4552.41,2,23.31,4552.41,93.24,Quincena_1
8679957085,0,22877.06,16,23.31,POS,20150501,US,POS,Viernes,1,20140128.0,113.0,F,Personal Plus,34.0,5000000.0,5000000.0,2,18209.64,4552.41,4552.41,2,23.31,4552.41,93.24,Quincena_1
7680442360,0,228941.03,10,70.8,POS,20150515,US,POS,Viernes,15,19970218.0,624.0,M,Personal Plus,43.0,8370000.0,3500000.0,1,0.0,0.0,0.0,4,50.4,4552.41,302.39,Quincena_1
4079645916,0,229509.08,15,662.53,POS,20150513,US,MCI,Miercoles,13,19950317.0,158.0,M,Preferencial,41.0,7000000.0,2500000.0,2,9104.82,4552.41,4552.41,12,209.24,4552.41,5231.01,Quincena_1
9610559430,0,229595.02,14,1.0,POS,20150526,US,POS,Martes,26,19920219.0,803.0,M,Personal Plus,45.0,6500000.0,0.0,1,0.0,0.0,0.0,1,0.0,4552.41,1.0,Quincena_2
7915388284,0,229621.03,19,330.51,POS,20150524,US,POS,Domingo,24,20020128.0,935.0,M,Personal Plus,31.0,4000000.0,2000000.0,1,0.0,0.0,0.0,7,73.32,4552.41,1613.14,Quincena_2
8098543561,0,2299393.06,21,243.62,POS,20150515,US,MCI,Viernes,15,19950501.0,116.0,M,Preferencial,46.0,50000000.0,20000000.0,2,15714.99,7857.49,7857.49,4,100.69,4552.41,805.52,Quincena_1
10041673693,0,229968.92,2,659.13,POS,20150503,US,MCI,Domingo,3,19721001.0,156.0,F,Preferencial,59.0,12000000.0,8000000.0,1,0.0,0.0,0.0,3,447.19,4552.41,2683.13,Quincena_1
1741673693,0,229968.92,2,659.13,POS,20150503,US,MCI,Domingo,3,19721001.0,156.0,F,Preferencial,59.0,12000000.0,8000000.0,1,0.0,0.0,0.0,3,447.19,4552.41,2683.13,Quincena_1
3643626284,0,229972.88,19,340.09,POS,20150522,US,MCI,Viernes,22,20020730.0,267.0,F,Personal Plus,39.0,11156147.0,2500000.0,2,9104.82,4552.41,4552.41,6,108.11,4552.41,2162.19,Quincena_2
5632526552,0,230258.77,1,340.09,POS,20150519,US,MCI,Martes,19,19910222.0,850.0,F,Preferencial,60.0,0.0,0.0,1,0.0,0.0,0.0,6,58.9,4552.41,2473.75,Quincena_2
4343723602,0,230268.05,18,472.23,POS,20150520,US,POS,Miercoles,20,20030412.0,29.0,F,Preferencial,45.0,12547500.0,3000000.0,2,1809.62,904.81,904.81,5,181.58,4552.41,1997.42,Quincena_2
483562821,0,23045.02,23,195.99,POS,20150503,US,POS,Domingo,3,19930814.0,24.0,M,Personal Plus,66.0,3002501.0,300000.0,2,36419.28,4552.41,4552.41,4,32.13,4552.41,738.96,Quincena_1
73562821,0,23045.02,23,195.99,POS,20150503,US,POS,Domingo,3,19930814.0,24.0,M,Personal Plus,66.0,3002501.0,300000.0,2,36419.28,4552.41,4552.41,4,32.13,4552.41,738.96,Quincena_1
5898543561,0,2308571.79,22,243.62,POS,20150515,US,MCI,Viernes,15,19950501.0,116.0,M,Preferencial,46.0,50000000.0,20000000.0,2,15714.99,7857.49,7857.49,4,100.69,4552.41,805.52,Quincena_1
743580980,0,231654.51,0,340.09,POS,20150520,US,MCI,Miercoles,20,19941025.0,738.0,F,Preferencial,41.0,25000000.0,22000000.0,2,18209.64,4552.41,4552.41,6,67.96,4552.41,1019.33,Quincena_2
3313870265,0,23223.83,16,9.23,POS,20150519,US,MCI,Martes,19,20010206.0,291.0,M,PYME,34.0,42828833.0,25000000.0,2,4552.41,4552.41,4552.41,3,8.13,4552.41,227.68,Quincena_2
798357205,0,233118.06,16,10.34,POS,20150519,US,POS,Martes,19,20020118.0,267.0,M,Emprendedor,31.0,2300000.0,600000.0,3,35899.1,8974.77,13397.14,3,8.85,4552.41,221.16,Quincena_2
366878819,0,233505.08,0,671.25,POS,20150515,US,MCI,Viernes,15,19950104.0,82.0,M,PYME,56.0,16768583.0,10655639.0,1,0.0,0.0,0.0,9,186.09,4552.41,9490.47,Quincena_1
679890355,0,234201.08,14,1.0,POS,20150523,US,POS,Sabado,23,20081009.0,40.0,M,Preferencial,36.0,11000000.0,3000000.0,1,0.0,0.0,0.0,1,0.0,4552.41,1.0,Quincena_2
7471750441,0,234211.08,15,996.19,POS,20150505,US,POS,Martes,5,19961018.0,245.0,M,Preferencial,40.0,14162230.0,2500000.0,1,0.0,0.0,0.0,7,95.34,4552.41,2669.56,Quincena_1
1643870429,0,234265.07,13,23.59,POS,20150530,US,POS,Sabado,30,19991210.0,5.0,F,Preferencial,35.0,8600000.0,3300000.0,3,10673.77,2668.44,3854.54,5,10.39,4552.41,405.37,Quincena_2
8677012000,0,2349443.59,18,711.63,POS,20150515,US,MCI,Viernes,15,19951002.0,692.0,M,PYME,54.0,281000000.0,0.0,4,25893.9,3699.13,4552.41,8,421.03,4552.41,8420.56,Quincena_1
131289984,0,235765.35,18,304.29,POS,20150513,US,MCI,Miercoles,13,19890407.0,967.0,F,Preferencial,,10000000.0,5000000.0,6,28829.22,3203.25,4552.41,3,234.92,4552.41,1879.39,Quincena_1
3079459894,0,236584.08,21,409.86,POS,20150519,PA,POS,Martes,19,20130226.0,233.0,M,Emprendedor,46.0,3800000.0,1400000.0,2,2087.82,1043.91,1043.91,4,150.92,1043.91,905.53,Quincena_2
5530276867,0,23723.08,13,399.63,POS,20150524,US,POS,Domingo,24,19881013.0,816.0,F,PYME,55.0,10000000.0,5800000.0,1,0.0,0.0,0.0,2,399.63,4552.41,399.63,Quincena_2
7243505364,0,237303.34,16,340.09,POS,20150511,US,MCI,Lunes,11,20001025.0,850.0,F,Preferencial,49.0,17000000.0,10000000.0,1,0.0,0.0,0.0,4,68.58,4552.41,1851.59,Quincena_1
735469594,0,237737.6,22,91.01,POS,20150501,US,MCI,Viernes,1,19990728.0,963.0,F,Preferencial,53.0,8000000.0,7000000.0,1,0.0,0.0,0.0,4,48.39,4552.41,290.35,Quincena_1
9335469594,0,237737.6,22,91.01,POS,20150501,US,MCI,Viernes,1,19990728.0,963.0,F,Preferencial,53.0,8000000.0,7000000.0,1,0.0,0.0,0.0,4,48.39,4552.41,290.35,Quincena_1
778227348,1,2381029.05,22,340.09,POS,20150530,US,MCI,Sabado,30,19941130.0,152.0,M,Personal Plus,74.0,2500000.0,0.0,1,0.0,0.0,0.0,5,289.72,4552.41,18832.06,Quincena_2
171737346,0,238166.55,21,604.69,POS,20150503,US,MCI,Domingo,3,19970709.0,267.0,M,Preferencial,42.0,20000000.0,18000000.0,3,5265.86,1053.17,1162.89,5,122.32,4552.41,3058.06,Quincena_1
2671737346,0,238166.55,21,604.69,POS,20150503,US,MCI,Domingo,3,19970709.0,267.0,M,Preferencial,42.0,20000000.0,18000000.0,3,5265.86,1053.17,1162.89,5,122.32,4552.41,3058.06,Quincena_1
109099485,1,238166.95,0,659.13,ATM_INT,20150512,EC,ATM_INT,Martes,12,20121002.0,787.0,M,Personal Plus,37.0,1500000.0,700000.0,1,0.0,0.0,0.0,2,659.13,904.81,1318.26,Quincena_1
61014193334,1,238166.95,23,1.0,ATM_INT,20150511,EC,ATM_INT,Lunes,11,20120216.0,30.0,F,Personal Plus,27.0,1900000.0,1700000.0,1,0.0,0.0,0.0,1,0.0,904.81,1.0,Quincena_1
799099485,1,238166.95,0,659.13,ATM_INT,20150512,EC,ATM_INT,Martes,12,20121002.0,787.0,M,Personal Plus,37.0,1500000.0,700000.0,1,0.0,0.0,0.0,2,659.13,904.81,1318.26,Quincena_1
81014193334,1,238166.95,23,1.0,ATM_INT,20150511,EC,ATM_INT,Lunes,11,20120216.0,30.0,F,Personal Plus,27.0,1900000.0,1700000.0,1,0.0,0.0,0.0,1,0.0,904.81,1.0,Quincena_1
9698660855,0,238166.95,22,44.78,ATM_INT,20150509,US,ATM_INT,Sabado,9,19960619.0,19.0,M,Preferencial,38.0,7000000.0,2000000.0,2,9104.82,4552.41,4552.41,6,17.4,4552.41,469.8,Quincena_1
7071746727,0,238177.08,2,243.62,POS,20150519,US,MCI,Martes,19,19950127.0,344.0,M,Preferencial,40.0,23000000.0,10000000.0,1,0.0,0.0,0.0,3,163.01,4552.41,489.03,Quincena_2
4343400901,0,238189.07,16,19.57,POS,20150511,US,MCI,Lunes,11,20020705.0,541.0,F,Personal Plus,34.0,2100000.0,300000.0,2,9104.82,4552.41,4552.41,4,14.08,4552.41,154.92,Quincena_1
2651645809,1,238267.4,20,1.0,ATM_INT,20150508,EC,ATM_INT,Viernes,8,19990301.0,113.0,F,Personal Plus,53.0,2300000.0,500000.0,1,0.0,0.0,0.0,1,0.0,904.81,1.0,Quincena_1
3551645809,1,238267.4,20,1.0,ATM_INT,20150508,EC,ATM_INT,Viernes,8,19990301.0,113.0,F,Personal Plus,53.0,2300000.0,500000.0,1,0.0,0.0,0.0,1,0.0,904.81,1.0,Quincena_1
3751645809,1,238267.4,20,1.0,ATM_INT,20150508,EC,ATM_INT,Viernes,8,19990301.0,113.0,F,Personal Plus,53.0,2300000.0,500000.0,1,0.0,0.0,0.0,1,0.0,904.81,1.0,Quincena_1
4741676924,1,238267.4,20,1.0,ATM_INT,20150508,EC,ATM_INT,Viernes,8,19740401.0,695.0,F,Personal Plus,60.0,3200000.0,670000.0,1,0.0,0.0,0.0,1,0.0,904.81,1.0,Quincena_1
951645809,1,238267.4,20,1.0,ATM_INT,20150508,EC,ATM_INT,Viernes,8,19990301.0,113.0,F,Personal Plus,53.0,2300000.0,500000.0,1,0.0,0.0,0.0,1,0.0,904.81,1.0,Quincena_1
9443550828,0,238447.06,11,1.0,POS,20150530,PA,POS,Sabado,30,19940426.0,543.0,F,Personal Plus,45.0,3000000.0,3000000.0,1,0.0,0.0,0.0,1,0.0,1043.91,1.0,Quincena_2
81128268823,0,23856.07,5,1.0,POS,20150501,US,POS,Viernes,1,20080708.0,613.0,F,Personal Plus,28.0,3000000.0,200000.0,2,1043.91,1043.91,1043.91,1,0.0,4552.41,1.0,Quincena_1
8052956578,1,238795.2,11,1.0,ATM_INT,20150521,PH,ATM_INT,Jueves,21,20101027.0,54.0,F,Personal Plus,31.0,3000000.0,500000.0,3,12573.96,3143.49,4552.41,1,0.0,17592.42,1.0,Quincena_2
41053781740,0,23890.72,16,221.58,POS,20150510,US,MCI,Domingo,10,20041021.0,582.0,F,Personal Plus,20.0,2400000.0,600000.0,1,0.0,0.0,0.0,4,168.11,4552.41,840.54,Quincena_1
2880061022,0,239028.78,20,659.13,POS,20150520,US,MCI,Miercoles,20,20020401.0,178.0,M,Personal Plus,38.0,6800000.0,2000000.0,1,0.0,0.0,0.0,4,264.93,4552.41,1589.56,Quincena_2
3345514688,1,239639.68,15,626.82,ATM_INT,20150526,CR,ATM_INT,Martes,26,19950926.0,483.0,F,Personal Plus,41.0,4200000.0,0.0,1,0.0,0.0,0.0,5,299.1,1482.35,2991.05,Quincena_2
4434322911,0,239975.05,16,277.48,ATM_INT,20150512,US,ATM_INT,Martes,12,20060927.0,784.0,F,Personal Plus,31.0,1300000.0,800000.0,1,0.0,0.0,0.0,4,154.6,4552.41,1082.19,Quincena_1
10032523583,1,240108.38,18,470.23,POS,20150516,PA,MCI,Sabado,16,19870701.0,850.0,F,Preferencial,60.0,17000000.0,5000000.0,2,40971.69,4552.41,4552.41,5,176.67,4552.41,1943.42,Quincena_2
5514635829,0,240158.64,23,330.51,ATM_INT,20150523,PE,ATM_INT,Sabado,23,19111111.0,829.0,M,Preferencial,32.0,3708257.0,2000000.0,1,0.0,0.0,0.0,6,199.98,1618.55,4399.65,Quincena_2
4571739276,0,240318.73,21,470.32,POS,20150503,US,MCI,Domingo,3,19921001.0,929.0,M,Preferencial,42.0,47524333.0,10000000.0,3,12659.04,1265.9,2153.87,8,230.94,4957.05,5311.69,Quincena_1
9571739276,0,240318.73,21,470.32,POS,20150503,US,MCI,Domingo,3,19921001.0,929.0,M,Preferencial,42.0,47524333.0,10000000.0,3,12659.04,1265.9,2153.87,8,230.94,4957.05,5311.69,Quincena_1
4043152667,1,240376.85,4,243.62,ATM_INT,20150515,EC,ATM_INT,Viernes,15,20040204.0,612.0,F,Personal,36.0,600000.0,300000.0,1,0.0,0.0,0.0,2,243.62,904.81,487.24,Quincena_1
5943152667,1,240376.85,4,243.62,ATM_INT,20150515,EC,ATM_INT,Viernes,15,20040204.0,612.0,F,Personal,36.0,600000.0,300000.0,1,0.0,0.0,0.0,2,243.62,904.81,487.24,Quincena_1
643152667,1,240376.85,4,243.62,ATM_INT,20150515,EC,ATM_INT,Viernes,15,20040204.0,612.0,F,Personal,36.0,600000.0,300000.0,1,0.0,0.0,0.0,2,243.62,904.81,487.24,Quincena_1
587692230,0,240832.02,8,273.51,POS,20150511,US,POS,Lunes,11,19970227.0,702.0,M,Preferencial,42.0,13200000.0,7000000.0,1,0.0,0.0,0.0,3,234.44,4552.41,4923.19,Quincena_1
6131164852,0,240924.92,22,26.82,POS,20150521,US,MCI,Jueves,21,19970825.0,60.0,F,Personal,52.0,0.0,0.0,2,9104.82,4552.41,4552.41,2,26.82,4552.41,321.86,Quincena_2
9586045584,0,240979.55,3,151.22,ATM_INT,20150502,US,ATM_INT,Sabado,2,19961121.0,57.0,M,Personal Plus,40.0,4000000.0,3000000.0,1,0.0,0.0,0.0,4,79.56,4552.41,556.93,Quincena_1
2352096549,1,2410.09,22,1.0,POS,20150514,US,POS,Jueves,14,19971015.0,219.0,F,Emprendedor,43.0,1500000.0,1200000.0,1,0.0,0.0,0.0,1,0.0,4552.41,1.0,Quincena_1
748678984,0,241000.8,23,659.13,POS,20150521,US,MCI,Jueves,21,19910330.0,961.0,M,Preferencial,57.0,44000000.0,727000.0,2,4552.41,4552.41,4552.41,3,253.16,4552.41,1518.96,Quincena_2
71128436043,0,2416962.55,16,279.77,POS,20150515,US,MCI,Viernes,15,20110304.0,907.0,M,Personal Plus,24.0,2000000.0,0.0,5,27357.87,3908.27,7857.49,5,144.63,4552.41,1157.01,Quincena_1
6050924640,1,2417276.04,1,498.04,POS,20150505,US,POS,Martes,5,19990118.0,483.0,F,Personal Plus,36.0,7760500.0,300000.0,2,27314.46,4552.41,4552.41,5,315.68,4552.41,2525.45,Quincena_1
2550924640,1,2420842.08,1,498.04,POS,20150505,US,POS,Martes,5,19990118.0,483.0,F,Personal Plus,36.0,7760500.0,300000.0,2,27314.46,4552.41,4552.41,5,315.68,4552.41,2525.45,Quincena_1
5072274585,0,242312.54,2,698.52,POS,20150526,US,MCI,Martes,26,20031023.0,248.0,M,Emprendedor,32.0,5000000.0,3000000.0,1,0.0,0.0,0.0,2,698.52,4552.41,2794.09,Quincena_2
7443454595,0,242483.06,14,188.55,POS,20150503,US,POS,Domingo,3,20110204.0,553.0,F,Personal Plus,32.0,2797638.0,500000.0,1,0.0,0.0,0.0,4,83.97,4552.41,419.86,Quincena_1
943454595,0,242483.06,14,188.55,POS,20150503,US,POS,Domingo,3,20110204.0,553.0,F,Personal Plus,32.0,2797638.0,500000.0,1,0.0,0.0,0.0,4,83.97,4552.41,419.86,Quincena_1
698061210,0,242813.59,22,13.67,POS,20150520,US,MCI,Miercoles,20,20130312.0,21.0,M,Personal Plus,30.0,2800000.0,1200000.0,2,22762.05,4552.41,4552.41,3,10.4,4552.41,72.82,Quincena_2
6820859870,1,243295.5,1,91.01,ATM_INT,20150531,CR,ATM_INT,Domingo,31,20140312.0,53.0,F,Personal Plus,36.0,1800000.0,800000.0,1,0.0,0.0,0.0,3,57.16,1482.35,228.64,Quincena_2
671273137,0,243354.56,15,12.01,ATM_INT,20150501,US,ATM_INT,Viernes,1,20020311.0,362.0,M,Personal Plus,33.0,2500000.0,600000.0,1,0.0,0.0,0.0,4,9.77,4552.41,87.94,Quincena_1
6632800585,0,243383.67,3,698.52,POS,20150506,US,MCI,Miercoles,6,20081106.0,770.0,F,Personal Plus,33.0,10834750.0,1750000.0,3,17303.9,4325.97,4552.41,4,267.18,4552.41,1068.72,Quincena_1
19300256593,1,2434287.63,3,1310.46,POS,20150521,US,MCI,Jueves,21,20110309.0,152.0,M,Personal Plus,48.0,15000000.0,5000000.0,5,56801.12,6311.24,8455.65,6,460.07,4552.41,3220.52,Quincena_2
7943276675,1,2435501.61,20,171.77,POS,20150521,US,MCI,Jueves,21,19961001.0,1.0,F,Preferencial,34.0,11200000.0,3000000.0,2,7709.08,3854.54,3854.54,4,69.12,4552.41,414.74,Quincena_2
1043273308,1,243591.25,2,286.84,ATM_INT,20150517,EC,ATM_INT,Domingo,17,20051201.0,218.0,F,Personal Plus,33.0,9000000.0,4000000.0,3,6974.09,1743.52,2443.14,7,138.88,5083.41,1944.35,Quincena_2
1653031247,1,243591.25,1,163.64,ATM_INT,20150517,EC,ATM_INT,Domingo,17,20091015.0,246.0,F,Personal Plus,30.0,1350000.0,840000.0,1,0.0,0.0,0.0,4,67.13,904.81,402.77,Quincena_2
2153031247,1,243591.25,1,163.64,ATM_INT,20150517,EC,ATM_INT,Domingo,17,20091015.0,246.0,F,Personal Plus,30.0,1350000.0,840000.0,1,0.0,0.0,0.0,4,67.13,904.81,402.77,Quincena_2
2752259232,1,243591.25,16,294.43,ATM_INT,20150516,EC,ATM_INT,Sabado,16,19960510.0,574.0,F,Personal Plus,39.0,8000000.0,2000000.0,2,16703.51,8351.75,8351.75,3,174.58,904.81,698.34,Quincena_2
3143273308,1,243591.25,2,286.84,ATM_INT,20150517,EC,ATM_INT,Domingo,17,20051201.0,218.0,F,Personal Plus,33.0,9000000.0,4000000.0,3,6974.09,1743.52,2443.14,7,138.88,5083.41,1944.35,Quincena_2
3243273308,1,243591.25,2,286.84,ATM_INT,20150517,EC,ATM_INT,Domingo,17,20051201.0,218.0,F,Personal Plus,33.0,9000000.0,4000000.0,3,6974.09,1743.52,2443.14,7,138.88,5083.41,1944.35,Quincena_2
3552259232,1,243591.25,16,294.43,ATM_INT,20150516,EC,ATM_INT,Sabado,16,19960510.0,574.0,F,Personal Plus,39.0,8000000.0,2000000.0,2,16703.51,8351.75,8351.75,3,174.58,904.81,698.34,Quincena_2
4143273308,1,243591.25,2,286.84,ATM_INT,20150517,EC,ATM_INT,Domingo,17,20051201.0,218.0,F,Personal Plus,33.0,9000000.0,4000000.0,3,6974.09,1743.52,2443.14,7,138.88,5083.41,1944.35,Quincena_2
5253031247,1,243591.25,1,163.64,ATM_INT,20150517,EC,ATM_INT,Domingo,17,20091015.0,246.0,F,Personal Plus,30.0,1350000.0,840000.0,1,0.0,0.0,0.0,4,67.13,904.81,402.77,Quincena_2
6143273308,1,243591.25,2,286.84,ATM_INT,20150517,EC,ATM_INT,Domingo,17,20051201.0,218.0,F,Personal Plus,33.0,9000000.0,4000000.0,3,6974.09,1743.52,2443.14,7,138.88,5083.41,1944.35,Quincena_2
743273308,1,243591.25,2,286.84,ATM_INT,20150517,EC,ATM_INT,Domingo,17,20051201.0,218.0,F,Personal Plus,33.0,9000000.0,4000000.0,3,6974.09,1743.52,2443.14,7,138.88,5083.41,1944.35,Quincena_2
7652848377,1,243591.25,13,173.36,ATM_INT,20150517,CR,ATM_INT,Domingo,17,19990715.0,662.0,F,Personal Plus,35.0,3189000.0,1700000.0,1,0.0,0.0,0.0,3,156.89,1482.35,1568.91,Quincena_2
8753031247,1,243591.25,1,163.64,ATM_INT,20150517,EC,ATM_INT,Domingo,17,20091015.0,246.0,F,Personal Plus,30.0,1350000.0,840000.0,1,0.0,0.0,0.0,4,67.13,904.81,402.77,Quincena_2
9051931090,1,243591.25,1,461.26,ATM_INT,20150517,CR,ATM_INT,Domingo,17,20030415.0,790.0,F,Personal Plus,47.0,2500000.0,0.0,1,0.0,0.0,0.0,5,130.72,1482.35,1830.14,Quincena_2
9053031247,1,243591.25,1,163.64,ATM_INT,20150517,EC,ATM_INT,Domingo,17,20091015.0,246.0,F,Personal Plus,30.0,1350000.0,840000.0,1,0.0,0.0,0.0,4,67.13,904.81,402.77,Quincena_2
943273308,1,243591.25,2,286.84,ATM_INT,20150517,EC,ATM_INT,Domingo,17,20051201.0,218.0,F,Personal Plus,33.0,9000000.0,4000000.0,3,6974.09,1743.52,2443.14,7,138.88,5083.41,1944.35,Quincena_2
9651938625,1,243591.25,13,1.0,ATM_INT,20150516,CR,ATM_INT,Sabado,16,19960418.0,612.0,F,Personal Plus,48.0,1500000.0,800000.0,1,0.0,0.0,0.0,1,0.0,1482.35,1.0,Quincena_2
9652259232,1,243591.25,16,294.43,ATM_INT,20150516,EC,ATM_INT,Sabado,16,19960510.0,574.0,F,Personal Plus,39.0,8000000.0,2000000.0,2,16703.51,8351.75,8351.75,3,174.58,904.81,698.34,Quincena_2
8955163905,0,243628.12,22,1285.31,ATM_INT,20150508,US,ATM_INT,Viernes,8,20100619.0,552.0,F,Emprendedor,43.0,4150000.0,2000000.0,1,0.0,0.0,0.0,4,596.99,4552.41,2984.94,Quincena_1
10071786148,1,2437371.2,16,243.62,POS,20150530,US,MCI,Sabado,30,19961105.0,250.0,M,Preferencial,39.0,30166000.0,15000000.0,3,11079.38,5539.69,6526.97,5,161.31,4552.41,967.86,Quincena_2
4438433160,0,2441.81,19,1.0,POS,20150520,US,MCI,Miercoles,20,20130408.0,967.0,F,PYME,74.0,32000000.0,5000000.0,1,0.0,0.0,0.0,1,0.0,4552.41,1.0,Quincena_2
4980061022,0,2441.81,21,659.13,POS,20150520,US,MCI,Miercoles,20,20020401.0,178.0,M,Personal Plus,38.0,6800000.0,2000000.0,1,0.0,0.0,0.0,4,264.93,4552.41,1589.56,Quincena_2
4434974993,0,2445231.57,21,698.52,POS,20150526,US,MCI,Martes,26,19860901.0,680.0,F,PYME,55.0,168300250.0,36102000.0,2,18209.64,4552.41,4552.41,4,360.17,4552.41,4682.2,Quincena_2
6063333588,0,2445332.03,15,81.37,POS,20150517,US,POS,Domingo,17,19980119.0,814.0,F,PYME,48.0,0.0,0.0,1,0.0,0.0,0.0,2,81.37,4552.41,162.73,Quincena_2
3271773758,0,244741.85,3,973.95,POS,20150530,US,MCI,Sabado,30,19941102.0,279.0,M,Preferencial,39.0,10000000.0,1000000.0,5,34180.6,3797.84,5316.75,4,365.48,4552.41,3654.79,Quincena_2
4652403292,0,244756.08,14,221.58,POS,20150524,US,POS,Domingo,24,20030303.0,304.0,F,Personal Plus,39.0,7000000.0,5000000.0,1,0.0,0.0,0.0,2,221.58,4552.41,443.16,Quincena_2
843255725,0,244922.07,11,23.59,POS,20150517,US,POS,Domingo,17,20040116.0,542.0,F,Personal Plus,33.0,2500000.0,1000000.0,1,0.0,0.0,0.0,4,14.26,4552.41,171.07,Quincena_2
8952644613,0,245129.09,16,1.0,POS,20150522,US,POS,Viernes,22,20060928.0,452.0,F,Preferencial,41.0,6000000.0,500000.0,2,4886.27,2443.14,2443.14,1,0.0,4552.41,1.0,Quincena_2
5135469594,0,24584.39,21,91.01,POS,20150501,US,MCI,Viernes,1,19990728.0,963.0,F,Preferencial,53.0,8000000.0,7000000.0,1,0.0,0.0,0.0,4,48.39,4552.41,290.35,Quincena_1
9235469594,0,24584.39,21,91.01,POS,20150501,US,MCI,Viernes,1,19990728.0,963.0,F,Preferencial,53.0,8000000.0,7000000.0,1,0.0,0.0,0.0,4,48.39,4552.41,290.35,Quincena_1
10079945082,1,245946.02,10,459.14,POS,20150503,US,POS,Domingo,3,20040127.0,40.0,M,Personal,37.0,7000.0,6000.0,2,7564.25,3782.13,3782.13,8,232.13,4552.41,3481.95,Quincena_1
1079945082,1,245946.02,10,459.14,POS,20150503,US,POS,Domingo,3,20040127.0,40.0,M,Personal,37.0,7000.0,6000.0,2,7564.25,3782.13,3782.13,8,232.13,4552.41,3481.95,Quincena_1
9698552025,0,245987.35,23,10.34,POS,20150506,US,MCI,Miercoles,6,19971016.0,344.0,M,Personal Plus,45.0,3600000.0,1300000.0,1,0.0,0.0,0.0,2,10.34,4552.41,20.67,Quincena_1
8032734782,0,246311.26,0,662.36,POS,20150524,US,MCI,Domingo,24,19950716.0,477.0,F,PYME,44.0,7000000.0,5000000.0,3,50214.68,4184.56,4552.41,3,644.59,4690.58,2578.35,Quincena_2
7032734782,0,246713.65,22,662.36,POS,20150524,US,MCI,Domingo,24,19950716.0,477.0,F,PYME,44.0,7000000.0,5000000.0,3,50214.68,4184.56,4552.41,3,644.59,4690.58,2578.35,Quincena_2
2343071124,0,24689.62,20,1.0,POS,20150503,US,MCI,Domingo,3,19860710.0,319.0,F,Preferencial,51.0,41000000.0,20000000.0,3,21684.07,1971.28,3854.54,1,0.0,4552.41,1.0,Quincena_1
5843071124,0,24689.62,20,1.0,POS,20150503,US,MCI,Domingo,3,19860710.0,319.0,F,Preferencial,51.0,41000000.0,20000000.0,3,21684.07,1971.28,3854.54,1,0.0,4552.41,1.0,Quincena_1
7643071124,0,24689.62,20,1.0,POS,20150503,US,MCI,Domingo,3,19860710.0,319.0,F,Preferencial,51.0,41000000.0,20000000.0,3,21684.07,1971.28,3854.54,1,0.0,4552.41,1.0,Quincena_1
8143071124,0,24689.62,20,1.0,POS,20150503,US,MCI,Domingo,3,19860710.0,319.0,F,Preferencial,51.0,41000000.0,20000000.0,3,21684.07,1971.28,3854.54,1,0.0,4552.41,1.0,Quincena_1
1298543791,0,246916.19,21,540.75,POS,20150519,US,MCI,Martes,19,19920505.0,850.0,M,Preferencial,46.0,58800000.0,4555000.0,1,0.0,0.0,0.0,8,100.97,4552.41,5048.74,Quincena_2
598317955,0,246959.02,19,1.0,ATM_INT,20150507,US,ATM_INT,Jueves,7,20021016.0,311.0,M,Emprendedor,65.0,5000000.0,0.0,2,4552.41,4552.41,4552.41,1,0.0,4552.41,1.0,Quincena_1
3986045584,0,247001.04,17,151.22,ATM_INT,20150502,US,ATM_INT,Sabado,2,19961121.0,57.0,M,Personal Plus,40.0,4000000.0,3000000.0,1,0.0,0.0,0.0,4,79.56,4552.41,556.93,Quincena_1
4452856603,0,247001.04,19,1.0,ATM_INT,20150502,US,ATM_INT,Sabado,2,20150212.0,33.0,F,Personal Plus,34.0,6000000.0,2000000.0,2,4552.41,4552.41,4552.41,1,0.0,4552.41,1.0,Quincena_1
8879690992,0,24706.05,0,243.62,POS,20150530,US,MCI,Sabado,30,19981216.0,313.0,M,Preferencial,39.0,18960002.0,0.0,3,19069.26,3178.21,4552.41,6,82.47,4552.41,2226.64,Quincena_2
8343461873,0,24711.12,17,243.62,POS,20150520,US,MCI,Miercoles,20,19980511.0,344.0,F,Personal Plus,36.0,3247000.0,500000.0,1,0.0,0.0,0.0,4,86.88,4552.41,521.27,Quincena_2
8620952975,0,247165.94,14,1.0,ATM_INT,20150512,AW,ATM_INT,Martes,12,20020104.0,634.0,F,Preferencial,59.0,400000.0,450000.0,1,0.0,0.0,0.0,1,0.0,971.23,1.0,Quincena_1
8570114246,0,247204.03,16,243.62,POS,20150506,US,MCI,Miercoles,6,19910402.0,325.0,M,Preferencial,57.0,13236000.0,3500000.0,2,4552.41,4552.41,4552.41,7,58.59,4552.41,1406.19,Quincena_1
43177014,0,247269.4,19,733.11,ATM_INT,20150513,US,ATM_INT,Miercoles,13,19871001.0,816.0,M,Personal Plus,60.0,18872690.0,9966000.0,1,0.0,0.0,0.0,8,241.91,4552.41,6289.57,Quincena_1
3120282303,1,247269.4,20,7.57,ATM_INT,20150513,US,ATM_INT,Miercoles,13,19960821.0,180.0,F,Personal,74.0,600000.0,450000.0,2,4552.41,4552.41,4552.41,2,7.57,4552.41,15.13,Quincena_1
820282303,1,247269.4,20,7.57,ATM_INT,20150513,US,ATM_INT,Miercoles,13,19960821.0,180.0,F,Personal,74.0,600000.0,450000.0,2,4552.41,4552.41,4552.41,2,7.57,4552.41,15.13,Quincena_1
9020282303,1,247269.4,20,7.57,ATM_INT,20150513,US,ATM_INT,Miercoles,13,19960821.0,180.0,F,Personal,74.0,600000.0,450000.0,2,4552.41,4552.41,4552.41,2,7.57,4552.41,15.13,Quincena_1
5579625987,0,247808.09,17,80.92,POS,20150504,US,POS,Lunes,4,19960119.0,634.0,M,Preferencial,42.0,14500000.0,10000000.0,2,27314.46,4552.41,4552.41,2,80.92,4552.41,161.83,Quincena_1
6279625987,0,247808.09,17,80.92,POS,20150504,US,POS,Lunes,4,19960119.0,634.0,M,Preferencial,42.0,14500000.0,10000000.0,2,27314.46,4552.41,4552.41,2,80.92,4552.41,161.83,Quincena_1
1039783912,0,247859.25,17,23.31,ATM_INT,20150516,US,ATM_INT,Sabado,16,19990414.0,827.0,F,Personal Plus,46.0,8000000.0,5500000.0,1,0.0,0.0,0.0,3,19.69,4552.41,137.8,Quincena_2
6179454028,0,247897.39,18,31.86,POS,20150529,US,MCI,Viernes,29,20000222.0,152.0,M,Preferencial,47.0,37000000.0,18000000.0,5,54557.64,4546.47,8351.75,5,20.74,4552.41,228.1,Quincena_2
1451907882,1,248030.64,1,80.92,ATM_INT,20150506,US,ATM_INT,Miercoles,6,19930315.0,186.0,F,Personal Plus,48.0,5315000.0,2500000.0,1,0.0,0.0,0.0,2,80.92,4552.41,161.83,Quincena_1
9451842543,0,248165.05,21,733.11,POS,20150516,US,POS,Sabado,16,19111111.0,180.0,F,Personal Plus,48.0,2500000.0,2000000.0,1,0.0,0.0,0.0,3,569.94,4552.41,3419.67,Quincena_2
180743754,0,248200.54,18,733.11,ATM_INT,20150503,US,ATM_INT,Domingo,3,20110802.0,193.0,M,Personal Plus,32.0,4377360.0,1726000.0,1,0.0,0.0,0.0,8,376.51,4552.41,9412.81,Quincena_1
2870114246,0,24844.5,16,243.62,POS,20150506,US,MCI,Miercoles,6,19910402.0,325.0,M,Preferencial,57.0,13236000.0,3500000.0,2,4552.41,4552.41,4552.41,7,58.59,4552.41,1406.19,Quincena_1
2220408973,1,248751.36,3,1.0,ATM_INT,20150505,US,ATM_INT,Martes,5,19940407.0,634.0,F,Personal Plus,57.0,6000000.0,3000000.0,1,0.0,0.0,0.0,1,0.0,4552.41,1.0,Quincena_1
3652886044,1,248751.36,3,80.92,ATM_INT,20150505,US,ATM_INT,Martes,5,20040920.0,674.0,F,Personal Plus,33.0,6000000.0,300000.0,1,0.0,0.0,0.0,5,26.72,4552.41,801.71,Quincena_1
7970829256,0,248980.01,19,671.25,POS,20150505,US,POS,Martes,5,20130705.0,486.0,M,Preferencial,38.0,57800000.0,10500000.0,2,27314.46,4552.41,4552.41,4,355.93,4552.41,2135.59,Quincena_1
7641680969,0,248984.08,17,304.29,POS,20150519,US,POS,Martes,19,19931202.0,84.0,F,Personal Plus,58.0,8000000.0,5000000.0,2,9104.82,4552.41,4552.41,4,167.42,4552.41,837.12,Quincena_2
4053008141,0,24937.86,19,1.0,POS,20150519,US,MCI,Martes,19,20040616.0,180.0,F,Personal Plus,31.0,8463000.0,1680000.0,2,18209.64,4552.41,4552.41,1,0.0,4552.41,1.0,Quincena_2
3191224532,0,249491.38,2,292.27,POS,20150506,US,MCI,Miercoles,6,19930201.0,929.0,M,Preferencial,52.0,66870000.0,15000000.0,2,13657.23,4552.41,4552.41,10,154.05,4552.41,4775.58,Quincena_1
4979945082,1,249767.01,10,459.14,POS,20150503,US,POS,Domingo,3,20040127.0,40.0,M,Personal,37.0,7000.0,6000.0,2,7564.25,3782.13,3782.13,8,232.13,4552.41,3481.95,Quincena_1
6079945082,1,249767.01,10,459.14,POS,20150503,US,POS,Domingo,3,20040127.0,40.0,M,Personal,37.0,7000.0,6000.0,2,7564.25,3782.13,3782.13,8,232.13,4552.41,3481.95,Quincena_1
1279981691,1,249819.15,1,23.31,ATM_INT,20150521,EC,ATM_INT,Jueves,21,20100330.0,188.0,M,Personal Plus,36.0,12000000.0,7000000.0,2,16911.29,8455.65,8455.65,2,23.31,904.81,69.93,Quincena_2
1979981691,1,249819.15,1,23.31,ATM_INT,20150521,EC,ATM_INT,Jueves,21,20100330.0,188.0,M,Personal Plus,36.0,12000000.0,7000000.0,2,16911.29,8455.65,8455.65,2,23.31,904.81,69.93,Quincena_2
3279981691,1,249819.15,1,23.31,ATM_INT,20150521,EC,ATM_INT,Jueves,21,20100330.0,188.0,M,Personal Plus,36.0,12000000.0,7000000.0,2,16911.29,8455.65,8455.65,2,23.31,904.81,69.93,Quincena_2
2016648048,0,249868.09,14,1.0,POS,20150517,US,POS,Domingo,17,19990921.0,758.0,M,Personal Plus,59.0,2400000.0,1000000.0,2,9104.82,4552.41,4552.41,1,0.0,4552.41,1.0,Quincena_2
3641928560,1,250174.84,21,118.62,ATM_INT,20150508,US,ATM_INT,Viernes,8,20050401.0,865.0,F,Personal Plus,41.0,3500000.0,2000000.0,4,5752.54,1917.51,2559.53,4,64.49,4552.41,257.95,Quincena_1
471691350,0,250462.03,14,340.09,POS,20150507,US,POS,Jueves,7,19991203.0,600.0,M,Preferencial,47.0,14264000.0,3000000.0,3,20435.63,2919.38,4552.41,8,77.04,4552.41,3312.82,Quincena_1
6252154199,0,25049.4,18,1.0,POS,20150523,US,MCI,Sabado,23,20060901.0,174.0,F,Personal Plus,41.0,3900000.0,1500000.0,1,0.0,0.0,0.0,1,0.0,4552.41,1.0,Quincena_2
4619194850,0,250597.06,20,23.31,POS,20150501,US,POS,Viernes,1,19941219.0,191.0,M,Personal Plus,61.0,3000000.0,3000000.0,1,0.0,0.0,0.0,3,21.28,4552.41,106.4,Quincena_1
10079295803,0,250623.53,21,243.62,ATM_INT,20150502,US,ATM_INT,Sabado,2,20110208.0,231.0,M,Preferencial,51.0,6000000.0,3500000.0,2,9104.82,4552.41,4552.41,2,243.62,4552.41,487.24,Quincena_1
3343868634,0,250623.53,17,470.32,ATM_INT,20150501,PA,ATM_INT,Viernes,1,20060914.0,275.0,F,Personal Plus,35.0,9100000.0,3300000.0,1,0.0,0.0,0.0,7,110.47,1043.91,4860.72,Quincena_1
5079644537,1,250623.53,14,1.0,ATM_INT,20150502,PA,ATM_INT,Sabado,2,20140625.0,674.0,M,Personal Plus,41.0,6553000.0,3000000.0,1,0.0,0.0,0.0,1,0.0,1043.91,1.0,Quincena_1
8572270418,0,250948.34,9,671.25,POS,20150511,US,MCI,Lunes,11,19990617.0,107.0,M,Preferencial,33.0,10900000.0,1500000.0,1,0.0,0.0,0.0,7,522.59,4552.41,8361.51,Quincena_1
2043627681,0,251254.01,16,973.95,POS,20150524,PA,POS,Domingo,24,19970205.0,342.0,F,Personal Plus,38.0,2500000.0,800000.0,1,0.0,0.0,0.0,6,117.99,1043.91,2123.84,Quincena_2
2171788907,1,25140.01,16,34.78,POS,20150512,BR,MCI,Martes,12,19980127.0,929.0,M,Preferencial,36.0,6000000.0,3000000.0,2,7709.08,3854.54,3854.54,3,10.88,2443.14,315.66,Quincena_1
6071788907,1,25140.01,16,34.78,POS,20150512,BR,MCI,Martes,12,19980127.0,929.0,M,Preferencial,36.0,6000000.0,3000000.0,2,7709.08,3854.54,3854.54,3,10.88,2443.14,315.66,Quincena_1
6498564219,1,25140.01,16,28.64,POS,20150512,BR,MCI,Martes,12,19920710.0,360.0,M,Preferencial,41.0,7000000.0,7000000.0,1,0.0,0.0,0.0,3,16.44,2443.14,98.63,Quincena_1
7980442360,0,251982.08,9,70.8,POS,20150515,US,POS,Viernes,15,19970218.0,624.0,M,Personal Plus,43.0,8370000.0,3500000.0,1,0.0,0.0,0.0,4,50.4,4552.41,302.39,Quincena_1
9079952700,0,2528199.4,15,78.34,POS,20150508,US,MCI,Viernes,8,20120504.0,666.0,M,Personal Plus,35.0,5000000.0,4000000.0,2,45524.1,4552.41,4552.41,2,78.34,4552.41,78.34,Quincena_1
2571273137,0,253022.53,22,12.01,ATM_INT,20150501,US,ATM_INT,Viernes,1,20020311.0,362.0,M,Personal Plus,33.0,2500000.0,600000.0,1,0.0,0.0,0.0,4,9.77,4552.41,87.94,Quincena_1
8119424111,1,253022.53,18,48.19,ATM_INT,20150502,US,ATM_INT,Sabado,2,20070703.0,193.0,M,Personal Plus,55.0,2600000.0,1000000.0,1,0.0,0.0,0.0,2,48.19,4552.41,96.38,Quincena_1
2771334897,0,254769.94,23,472.23,POS,20150515,US,MCI,Viernes,15,19900205.0,850.0,M,Preferencial,40.0,7800000.0,15428000.0,3,13280.47,2213.41,4552.41,7,107.89,4552.41,3668.27,Quincena_1
7766992456,0,255384.03,17,19.59,POS,20150514,PA,POS,Jueves,14,20000113.0,77.0,F,Personal Plus,38.0,5186693.0,0.0,1,0.0,0.0,0.0,2,19.59,1043.91,78.38,Quincena_1
9629108608,0,25543.06,14,304.29,POS,20150517,US,POS,Domingo,17,20010628.0,757.0,F,Personal Plus,36.0,2200000.0,200000.0,1,0.0,0.0,0.0,4,44.41,4552.41,932.71,Quincena_2
2139776140,0,25565.53,20,294.43,POS,20150519,US,MCI,Martes,19,19920701.0,180.0,F,Personal Plus,47.0,4000000.0,2000000.0,4,34903.35,5817.23,8682.37,3,204.06,4552.41,1224.35,Quincena_2
619239793,0,255728.79,18,243.62,POS,20150517,US,MCI,Domingo,17,19820706.0,850.0,M,Preferencial,60.0,12000000.0,9000000.0,5,19027.06,3805.41,7857.49,4,72.28,4552.41,578.23,Quincena_2
9691281692,0,255728.79,18,659.13,POS,20150517,US,MCI,Domingo,17,19960710.0,518.0,M,Empresarial,43.0,76078968.0,89227567.0,4,26471.85,4411.98,7857.49,8,329.25,4552.41,5268.0,Quincena_2
778266544,0,255779.12,23,470.23,POS,20150515,US,MCI,Viernes,15,19790208.0,929.0,M,Preferencial,69.0,20000000.0,5000000.0,3,15715.64,5238.55,7857.49,4,112.29,4552.41,1122.93,Quincena_1
5164557465,0,255905.75,22,567.34,POS,20150513,US,MCI,Miercoles,13,19951102.0,430.0,F,Personal Plus,46.0,5000000.0,0.0,4,53306.62,5922.96,13397.14,6,194.71,4552.41,1752.37,Quincena_1
1771737346,0,256278.72,22,604.69,POS,20150503,US,MCI,Domingo,3,19970709.0,267.0,M,Preferencial,42.0,20000000.0,18000000.0,3,5265.86,1053.17,1162.89,5,122.32,4552.41,3058.06,Quincena_1
9171737346,0,256278.72,22,604.69,POS,20150503,US,MCI,Domingo,3,19970709.0,267.0,M,Preferencial,42.0,20000000.0,18000000.0,3,5265.86,1053.17,1162.89,5,122.32,4552.41,3058.06,Quincena_1
8341354550,0,256348.4,17,72.1,ATM_INT,20150528,US,ATM_INT,Jueves,28,20030228.0,73.0,F,Personal Plus,68.0,5329080.0,2500000.0,1,0.0,0.0,0.0,2,72.1,4552.41,144.2,Quincena_2
8143626669,1,2565918.7,19,243.62,POS,20150522,US,MCI,Viernes,22,19970408.0,342.0,F,Personal Plus,39.0,4220528.0,1608000.0,2,4552.41,4552.41,4552.41,4,46.76,4552.41,1730.26,Quincena_2
4191281692,0,2569962.09,18,659.13,POS,20150517,US,MCI,Domingo,17,19960710.0,518.0,M,Empresarial,43.0,76078968.0,89227567.0,4,26471.85,4411.98,7857.49,8,329.25,4552.41,5268.0,Quincena_2
1191530944,0,25730.04,12,399.63,POS,20150528,US,POS,Jueves,28,20090701.0,388.0,M,Personal Plus,30.0,1680000.0,400000.0,3,24819.81,6204.95,7857.49,6,132.61,4552.41,2121.81,Quincena_2
668125144,0,25762.3,18,243.62,POS,20150530,US,MCI,Sabado,30,20110919.0,611.0,M,Preferencial,36.0,19000000.0,11000000.0,2,3387.47,1693.74,1693.74,7,114.82,4552.41,2296.37,Quincena_2
5319091399,0,257811.84,16,1.0,ATM_INT,20150525,US,ATM_INT,Lunes,25,20040128.0,100.0,M,Personal Plus,67.0,1000000.0,1000000.0,1,0.0,0.0,0.0,1,0.0,4552.41,1.0,Quincena_2
433201672,0,258027.57,23,614.04,POS,20150501,US,MCI,Viernes,1,19990405.0,484.0,F,Personal Plus,27.0,10000000.0,4000000.0,4,13146.91,2629.38,4552.41,2,614.04,4552.41,2456.15,Quincena_1
7633201672,0,258027.57,23,614.04,POS,20150501,US,MCI,Viernes,1,19990405.0,484.0,F,Personal Plus,27.0,10000000.0,4000000.0,4,13146.91,2629.38,4552.41,2,614.04,4552.41,2456.15,Quincena_1
9488000369,0,258267.06,20,659.33,POS,20150530,US,MCI,Sabado,30,20061107.0,363.0,M,Personal Plus,52.0,28225000.0,0.0,1,0.0,0.0,0.0,3,429.56,4552.41,1718.24,Quincena_2
7980822638,1,2588269.76,22,694.98,POS,20150520,US,MCI,Miercoles,20,20120808.0,481.0,M,Personal Plus,29.0,2280403.0,400000.0,1,0.0,0.0,0.0,6,477.56,4552.41,12894.13,Quincena_2
671691350,0,259173.09,12,340.09,POS,20150507,US,POS,Jueves,7,19991203.0,600.0,M,Preferencial,47.0,14264000.0,3000000.0,3,20435.63,2919.38,4552.41,8,77.04,4552.41,3312.82,Quincena_1
3943971554,0,259955.09,17,19.57,POS,20150520,US,MCI,Miercoles,20,20020617.0,222.0,F,Personal Plus,31.0,3800000.0,2000000.0,1,0.0,0.0,0.0,4,11.21,4552.41,134.54,Quincena_2
81076620700,0,26014.01,13,30.2,POS,20150524,PA,POS,Domingo,24,20060711.0,191.0,M,Personal Plus,27.0,3202420.0,300000.0,2,4175.65,1043.91,1043.91,2,30.2,1043.91,543.66,Quincena_2
8932734782,0,260419.97,22,662.36,POS,20150524,US,MCI,Domingo,24,19950716.0,477.0,F,PYME,44.0,7000000.0,5000000.0,3,50214.68,4184.56,4552.41,3,644.59,4690.58,2578.35,Quincena_2
51116432937,0,260465.07,16,304.29,POS,20150501,US,POS,Viernes,1,20110120.0,829.0,F,Personal Plus,29.0,1900000.0,150000.0,1,0.0,0.0,0.0,4,187.52,4552.41,1687.69,Quincena_1
1679565282,0,26070.05,22,61.45,POS,20150515,US,POS,Viernes,15,20150224.0,178.0,M,Personal Plus,43.0,3100000.0,2000000.0,1,0.0,0.0,0.0,2,61.45,4552.41,122.9,Quincena_1
9241385009,0,260851.01,19,26.82,POS,20150522,US,POS,Viernes,22,19940829.0,736.0,F,Preferencial,68.0,8500000.0,4000000.0,1,0.0,0.0,0.0,2,26.82,4552.41,160.93,Quincena_2
142775975,0,261018.35,22,733.11,POS,20150503,US,MCI,Domingo,3,19820915.0,156.0,M,Preferencial,56.0,108000000.0,57800000.0,3,12959.36,4319.79,4552.41,3,569.94,4552.41,3419.67,Quincena_1
832775975,0,261018.35,22,733.11,POS,20150503,US,MCI,Domingo,3,19820915.0,156.0,M,Preferencial,56.0,108000000.0,57800000.0,3,12959.36,4319.79,4552.41,3,569.94,4552.41,3419.67,Quincena_1
4979890355,0,261385.09,18,1.0,POS,20150523,US,POS,Sabado,23,20081009.0,40.0,M,Preferencial,36.0,11000000.0,3000000.0,1,0.0,0.0,0.0,1,0.0,4552.41,1.0,Quincena_2
1752697973,0,261480.13,13,131.71,POS,20150527,US,MCI,Miercoles,27,20030905.0,42.0,F,Preferencial,35.0,10000398.0,1500000.0,3,5324.92,1331.23,1618.55,3,77.51,4552.41,310.05,Quincena_2
1879613486,1,261488.41,17,234.42,ATM_INT,20150522,PA,ATM_INT,Viernes,22,20081118.0,31.0,M,Personal Plus,43.0,3200000.0,1400000.0,1,0.0,0.0,0.0,3,220.95,1043.91,883.81,Quincena_2
1419176023,1,261529.6,21,1.0,ATM_INT,20150527,SV,ATM_INT,Miercoles,27,20010828.0,189.0,M,Personal Plus,59.0,8000000.0,0.0,1,0.0,0.0,0.0,1,0.0,2153.87,1.0,Quincena_2
319176023,1,261529.6,3,1.0,ATM_INT,20150527,SV,ATM_INT,Miercoles,27,20010828.0,189.0,M,Personal Plus,59.0,8000000.0,0.0,1,0.0,0.0,0.0,1,0.0,2153.87,1.0,Quincena_2
51900726989,1,261529.6,5,1.0,ATM_INT,20150527,SV,ATM_INT,Miercoles,27,20140505.0,567.0,F,Emprendedor,19.0,2000000.0,0.0,1,0.0,0.0,0.0,1,0.0,2153.87,1.0,Quincena_2
5819176023,1,261529.6,21,1.0,ATM_INT,20150527,SV,ATM_INT,Miercoles,27,20010828.0,189.0,M,Personal Plus,59.0,8000000.0,0.0,1,0.0,0.0,0.0,1,0.0,2153.87,1.0,Quincena_2
60900726989,1,261529.6,5,1.0,ATM_INT,20150527,SV,ATM_INT,Miercoles,27,20140505.0,567.0,F,Emprendedor,19.0,2000000.0,0.0,1,0.0,0.0,0.0,1,0.0,2153.87,1.0,Quincena_2
6519176023,1,261529.6,3,1.0,ATM_INT,20150527,SV,ATM_INT,Miercoles,27,20010828.0,189.0,M,Personal Plus,59.0,8000000.0,0.0,1,0.0,0.0,0.0,1,0.0,2153.87,1.0,Quincena_2
1939444661,1,262397.07,15,41.57,POS,20150521,US,POS,Jueves,21,19911101.0,505.0,F,Personal Plus,42.0,5000000.0,5000000.0,2,4552.41,4552.41,4552.41,4,26.81,4552.41,268.13,Quincena_2
38406676,0,262604.09,16,294.43,POS,20150516,PA,POS,Sabado,16,20040824.0,690.0,M,Personal,49.0,0.0,0.0,1,0.0,0.0,0.0,4,175.74,1043.91,1054.43,Quincena_2
7480853533,0,262801.1,0,309.83,POS,20150519,US,MCI,Martes,19,20040113.0,392.0,M,Personal Plus,30.0,2265515.0,900000.0,2,9104.82,4552.41,4552.41,4,137.5,4552.41,1512.54,Quincena_2
8931973301,0,263131.08,22,1165.74,POS,20150515,US,POS,Viernes,15,19920909.0,735.0,F,Preferencial,47.0,12000000.0,6000000.0,2,18209.64,4552.41,4552.41,4,588.01,4552.41,2940.07,Quincena_1
1073072826,1,263431.79,4,1217.57,POS,20150501,US,MCI,Viernes,1,19780601.0,517.0,M,Preferencial,59.0,25669500.0,5000000.0,2,9104.82,4552.41,4552.41,6,691.97,4552.41,13839.34,Quincena_1
2773072826,1,263431.79,4,1217.57,POS,20150501,US,MCI,Viernes,1,19780601.0,517.0,M,Preferencial,59.0,25669500.0,5000000.0,2,9104.82,4552.41,4552.41,6,691.97,4552.41,13839.34,Quincena_1
6979246260,0,263959.66,2,659.13,POS,20150520,US,MCI,Miercoles,20,19950517.0,582.0,M,Preferencial,45.0,6000000.0,19218000.0,1,0.0,0.0,0.0,14,166.86,4552.41,7508.49,Quincena_2
5543400901,0,264593.35,16,19.57,POS,20150511,US,MCI,Lunes,11,20020705.0,541.0,F,Personal Plus,34.0,2100000.0,300000.0,2,9104.82,4552.41,4552.41,4,14.08,4552.41,154.92,Quincena_1
5014998161,0,2655151.94,18,26.82,POS,20150524,US,MCI,Domingo,24,19811217.0,60.0,M,Personal Plus,61.0,7000000.0,1000000.0,2,27314.46,4552.41,4552.41,2,26.82,4552.41,26.82,Quincena_2
3724571460,1,265629.03,19,131.63,POS,20150520,US,POS,Miercoles,20,20101102.0,238.0,F,Personal Plus,60.0,3000000.0,1030000.0,2,9104.82,4552.41,4552.41,3,29.72,4552.41,356.69,Quincena_2
4024571460,1,265629.03,19,131.63,POS,20150520,US,POS,Miercoles,20,20101102.0,238.0,F,Personal Plus,60.0,3000000.0,1030000.0,2,9104.82,4552.41,4552.41,3,29.72,4552.41,356.69,Quincena_2
4916832975,0,265864.27,1,782.14,POS,20150520,US,MCI,Miercoles,20,19960716.0,813.0,M,Preferencial,41.0,16000000.0,0.0,1,0.0,0.0,0.0,5,294.0,4552.41,2939.96,Quincena_2
2679489668,0,266098.8,19,733.11,POS,20150530,US,MCI,Sabado,30,20101126.0,40.0,M,Preferencial,46.0,11000000.0,4000000.0,1,0.0,0.0,0.0,8,282.95,4552.41,5376.08,Quincena_2
1780061022,0,266132.87,2,659.13,POS,20150520,US,MCI,Miercoles,20,20020401.0,178.0,M,Personal Plus,38.0,6800000.0,2000000.0,1,0.0,0.0,0.0,4,264.93,4552.41,1589.56,Quincena_2
2619405137,0,266163.2,16,1.0,ATM_INT,20150527,US,ATM_INT,Miercoles,27,19850320.0,650.0,M,Emprendedor,55.0,1500000.0,700000.0,1,0.0,0.0,0.0,1,0.0,4552.41,1.0,Quincena_2
6951917639,1,266582.03,21,91.56,POS,20150525,US,POS,Lunes,25,20010125.0,650.0,F,Personal Plus,47.0,5500000.0,2000000.0,2,9104.82,4552.41,4552.41,3,61.11,4552.41,366.68,Quincena_2
6679865608,0,266607.44,22,294.43,ATM_INT,20150528,US,ATM_INT,Jueves,28,20130713.0,585.0,M,Personal Plus,38.0,5000000.0,2000000.0,1,0.0,0.0,0.0,2,294.43,4552.41,588.86,Quincena_2
678345685,1,266713.08,18,583.56,POS,20150518,GB,MCI,Lunes,18,19840501.0,850.0,M,Preferencial,65.0,135147200.0,0.0,6,31079.73,3884.97,9284.13,4,404.31,8351.75,4447.4,Quincena_2
1580442360,0,266773.02,11,70.8,POS,20150515,US,POS,Viernes,15,19970218.0,624.0,M,Personal Plus,43.0,8370000.0,3500000.0,1,0.0,0.0,0.0,4,50.4,4552.41,302.39,Quincena_1
7243756492,0,267816.74,21,472.23,POS,20150513,US,MCI,Miercoles,13,20110727.0,935.0,F,Personal Plus,37.0,18000000.0,12000000.0,2,18209.64,4552.41,4552.41,6,61.02,4552.41,3417.23,Quincena_1
8049765300,0,2685936.06,23,532.78,POS,20150521,US,MCI,Jueves,21,19971009.0,524.0,F,PYME,44.0,190148500.0,209727500.0,2,9104.82,4552.41,4552.41,2,532.78,4552.41,532.78,Quincena_2
6942899567,0,268662.91,22,337.29,POS,20150511,US,MCI,Lunes,11,19980508.0,24.0,F,Personal Plus,46.0,6832700.0,2000000.0,2,9104.82,4552.41,4552.41,6,56.91,4552.41,1479.67,Quincena_1
8741571076,0,268827.37,16,1.0,POS,20150513,US,MCI,Miercoles,13,19800411.0,43.0,F,Personal Plus,62.0,3000000.0,2000000.0,2,971.23,971.23,971.23,1,0.0,4552.41,1.0,Quincena_1
1979598220,0,2691472.43,22,131.71,POS,20150501,US,MCI,Viernes,1,19980325.0,702.0,M,Personal Plus,43.0,7100000.0,1800000.0,2,9104.82,4552.41,4552.41,3,93.43,4552.41,280.3,Quincena_1
5079598220,0,2691472.43,22,131.71,POS,20150501,US,MCI,Viernes,1,19980325.0,702.0,M,Personal Plus,43.0,7100000.0,1800000.0,2,9104.82,4552.41,4552.41,3,93.43,4552.41,280.3,Quincena_1
8739689638,0,269318.08,15,733.11,POS,20150507,US,POS,Jueves,7,19981006.0,963.0,F,Preferencial,50.0,2800000.0,0.0,4,18756.9,3126.15,4552.41,4,389.92,4552.41,1949.61,Quincena_1
3632244179,0,269417.87,16,12.12,POS,20150529,US,MCI,Viernes,29,20020613.0,342.0,F,Personal Plus,31.0,16000000.0,800000.0,1,0.0,0.0,0.0,2,12.12,4552.41,24.25,Quincena_2
8932734782,0,269523.98,2,662.36,POS,20150524,US,MCI,Domingo,24,19950716.0,477.0,F,PYME,44.0,7000000.0,5000000.0,3,50214.68,4184.56,4552.41,3,644.59,4690.58,2578.35,Quincena_2
6552255769,0,26958.09,6,23.31,POS,20150513,US,POS,Miercoles,13,19970124.0,193.0,F,Preferencial,40.0,18000000.0,9000000.0,2,18209.64,4552.41,4552.41,2,23.31,4552.41,46.62,Quincena_1
8180196955,0,270666.42,22,1217.57,POS,20150522,AR,MCI,Viernes,22,20060520.0,180.0,M,Personal Plus,32.0,8750000.0,2000000.0,5,28439.52,2585.41,4552.41,2,1217.57,4308.01,1217.57,Quincena_2
5938230762,0,270897.07,14,131.71,POS,20150511,US,POS,Lunes,11,20000104.0,597.0,F,Personal Plus,58.0,6500000.0,500000.0,2,22762.05,4552.41,4552.41,2,131.71,4552.41,131.71,Quincena_1
58382108,0,2710245.48,20,61.45,POS,20150530,US,MCI,Sabado,30,20100708.0,498.0,M,Preferencial,35.0,21143357.0,10000000.0,5,49912.1,4991.21,9793.85,3,29.4,4552.41,323.39,Quincena_2
5731289984,0,272460.82,18,304.29,POS,20150513,US,MCI,Miercoles,13,19890407.0,967.0,F,Preferencial,,10000000.0,5000000.0,6,28829.22,3203.25,4552.41,3,234.92,4552.41,1879.39,Quincena_1
2241692002,0,273396.3,17,1.0,ATM_INT,20150522,US,ATM_INT,Viernes,22,19851016.0,200.0,F,Emprendedor,59.0,616000.0,500000.0,1,0.0,0.0,0.0,1,0.0,4552.41,1.0,Quincena_2
7079979693,0,273974.08,21,123.61,POS,20150529,US,POS,Viernes,29,20061023.0,52.0,M,Personal Plus,36.0,6698709.0,0.0,2,9104.82,4552.41,4552.41,3,99.43,4552.41,497.14,Quincena_2
6152272459,0,27491.05,15,698.52,POS,20150528,US,POS,Jueves,28,20110809.0,248.0,F,Preferencial,39.0,16600000.0,4400000.0,3,18347.81,3669.56,4552.41,3,379.99,4552.41,3039.89,Quincena_2
612647085,0,2751800.07,3,652.6,POS,20150530,US,MCI,Sabado,30,20050408.0,524.0,M,Preferencial,35.0,8200000.0,200000.0,2,18209.64,4552.41,4552.41,7,317.76,4552.41,7626.26,Quincena_2
2843400549,0,275330.39,16,340.09,POS,20150519,US,MCI,Martes,19,19990209.0,929.0,F,Personal Plus,34.0,8250000.0,2500000.0,2,9104.82,4552.41,4552.41,6,130.23,4552.41,2213.93,Quincena_2
8521325708,0,275795.89,22,243.62,POS,20150506,US,MCI,Miercoles,6,19950309.0,929.0,F,Preferencial,75.0,3000000.0,3000000.0,1,0.0,0.0,0.0,4,26.06,4552.41,1251.03,Quincena_1
5070089504,0,276755.03,7,330.51,POS,20150521,US,POS,Jueves,21,19951222.0,967.0,M,Preferencial,57.0,20000000.0,12000000.0,1,0.0,0.0,0.0,6,136.61,4552.41,2595.55,Quincena_2
7015047046,0,277145.44,0,294.43,POS,20150520,US,MCI,Miercoles,20,19931001.0,93.0,M,PYME,47.0,89618566.0,14423000.0,2,9104.82,4552.41,4552.41,4,126.4,4552.41,758.38,Quincena_2
1472345798,0,278112.07,16,777.18,POS,20150516,PA,POS,Sabado,16,20070309.0,474.0,M,Personal Plus,30.0,2000000.0,500000.0,1,0.0,0.0,0.0,6,586.85,1043.91,5868.54,Quincena_2
7515991179,1,278118.3,14,659.13,ATM_INT,20150511,PH,ATM_INT,Lunes,11,20110413.0,40.0,M,Personal Plus,32.0,4500000.0,1000000.0,3,12017.09,4005.7,4308.01,5,201.48,17573.03,3022.24,Quincena_1
9443870429,0,278278.02,10,23.59,POS,20150530,US,POS,Sabado,30,19991210.0,5.0,F,Preferencial,35.0,8600000.0,3300000.0,3,10673.77,2668.44,3854.54,5,10.39,4552.41,405.37,Quincena_2
8237837900,0,278318.05,23,340.09,POS,20150501,US,POS,Viernes,1,19830520.0,850.0,F,Preferencial,59.0,6000000.0,3000000.0,2,9104.82,4552.41,4552.41,7,174.65,4552.41,2794.43,Quincena_1
9237837900,0,278318.05,23,340.09,POS,20150501,US,POS,Viernes,1,19830520.0,850.0,F,Preferencial,59.0,6000000.0,3000000.0,2,9104.82,4552.41,4552.41,7,174.65,4552.41,2794.43,Quincena_1
1416379098,1,278433.06,17,304.29,POS,20150508,US,POS,Viernes,8,20131031.0,400.0,M,Personal Plus,30.0,7000000.0,650000.0,2,4886.27,2443.14,2443.14,2,304.29,4552.41,2434.33,Quincena_1
1643221514,0,2789203.08,15,183.96,POS,20150516,US,POS,Sabado,16,20050920.0,267.0,F,Personal Plus,29.0,4130760.0,2500000.0,2,13657.23,4552.41,4552.41,4,94.25,4552.41,471.25,Quincena_2
6619272977,1,27898.03,16,1200.84,POS,20150521,US,POS,Jueves,21,20040429.0,152.0,M,Preferencial,58.0,22000000.0,4500000.0,2,9104.82,4552.41,4552.41,9,128.84,4552.41,4122.89,Quincena_2
4780220574,0,2794468.03,16,1.0,POS,20150515,US,MCI,Viernes,15,20040407.0,612.0,M,Personal Plus,33.0,3000000.0,1200000.0,1,0.0,0.0,0.0,1,0.0,4552.41,1.0,Quincena_1
1832478375,1,279454.54,23,1.0,ATM_INT,20150515,CW,ATM_INT,Viernes,15,19880302.0,543.0,F,Personal Plus,64.0,2100000.0,400000.0,1,0.0,0.0,0.0,1,0.0,2443.14,1.0,Quincena_1
5045759435,0,279678.03,9,1.0,POS,20150528,PA,POS,Jueves,28,19960126.0,85.0,F,Personal Plus,39.0,3056000.0,600000.0,1,0.0,0.0,0.0,1,0.0,1043.91,1.0,Quincena_2
1589008241,0,279761.02,13,191.46,POS,20150501,US,POS,Viernes,1,20020520.0,430.0,M,Preferencial,37.0,9461315.0,1000000.0,2,18209.64,4552.41,4552.41,3,118.12,4552.41,472.49,Quincena_1
2489008241,0,279761.02,13,191.46,POS,20150501,US,POS,Viernes,1,20020520.0,430.0,M,Preferencial,37.0,9461315.0,1000000.0,2,18209.64,4552.41,4552.41,3,118.12,4552.41,472.49,Quincena_1
8922802602,0,279780.01,11,659.13,POS,20150515,US,POS,Viernes,15,20010322.0,93.0,F,Personal Plus,35.0,6500000.0,2000000.0,2,9104.82,4552.41,4552.41,4,464.36,4552.41,1857.46,Quincena_1
6245454203,0,279791.05,20,302.45,POS,20150513,US,POS,Miercoles,13,20010117.0,304.0,F,PYME,51.0,127166666.0,115479166.0,1,0.0,0.0,0.0,4,180.67,4552.41,903.34,Quincena_1
1315917823,0,2798.06,20,273.76,POS,20150501,US,POS,Viernes,1,19910416.0,551.0,M,Personal Plus,47.0,1899627.0,200000.0,2,45524.1,4552.41,4552.41,5,48.31,4552.41,628.06,Quincena_1
915917823,0,2798.06,20,273.76,POS,20150501,US,POS,Viernes,1,19910416.0,551.0,M,Personal Plus,47.0,1899627.0,200000.0,2,45524.1,4552.41,4552.41,5,48.31,4552.41,628.06,Quincena_1
2132741418,0,2804766.07,23,614.04,POS,20150511,US,MCI,Lunes,11,19931201.0,961.0,F,Preferencial,44.0,5500000.0,3800000.0,3,58090.63,5280.97,12566.53,2,614.04,4552.41,2456.15,Quincena_1
5881715170,0,281092.61,1,48.19,POS,20150524,US,MCI,Domingo,24,20120907.0,167.0,M,Personal Plus,33.0,13700000.0,2000000.0,1,0.0,0.0,0.0,2,48.19,4552.41,96.38,Quincena_2
6952386880,0,281671.09,10,110.42,POS,20150523,US,POS,Sabado,23,20040301.0,178.0,F,Preferencial,37.0,8008000.0,2500000.0,2,11178.51,11178.51,11178.51,2,110.42,15490.46,220.84,Quincena_2
4710115638,0,282210.03,23,304.29,POS,20150515,US,MCI,Viernes,15,19960507.0,445.0,M,Preferencial,51.0,19700000.0,2000000.0,1,0.0,0.0,0.0,3,205.68,4552.41,1028.39,Quincena_1
1598546862,0,28316.09,20,330.51,POS,20150504,US,POS,Lunes,4,19901001.0,836.0,M,Preferencial,46.0,9200000.0,2400000.0,2,16328.81,16328.81,16328.81,6,218.38,4552.41,6114.74,Quincena_1
2998546862,0,28316.09,20,330.51,POS,20150504,US,POS,Lunes,4,19901001.0,836.0,M,Preferencial,46.0,9200000.0,2400000.0,2,16328.81,16328.81,16328.81,6,218.38,4552.41,6114.74,Quincena_1
4532434046,0,28341.07,22,243.62,POS,20150502,US,MCI,Sabado,2,19780714.0,360.0,F,Personal Plus,66.0,9000000.0,6000000.0,2,4552.41,4552.41,4552.41,2,243.62,4552.41,2679.85,Quincena_1
5143733338,0,284552.09,16,240.94,POS,20150521,US,POS,Jueves,21,19821116.0,275.0,F,Personal Plus,43.0,3300000.0,2200000.0,2,9104.82,4552.41,4552.41,5,18.69,4552.41,878.24,Quincena_2
3243626284,0,284703.04,17,340.09,POS,20150522,US,MCI,Viernes,22,20020730.0,267.0,F,Personal Plus,39.0,11156147.0,2500000.0,2,9104.82,4552.41,4552.41,6,108.11,4552.41,2162.19,Quincena_2
3552418930,1,2848310.02,14,1.0,POS,20150523,US,POS,Sabado,23,20140523.0,1.0,F,Personal,,616000.0,1.0,2,4552.41,4552.41,4552.41,1,0.0,4552.41,1.0,Quincena_2
8071266576,0,284919.04,18,996.19,POS,20150504,US,POS,Lunes,4,20060511.0,2.0,M,Personal Plus,33.0,5000000.0,0.0,2,9104.82,4552.41,4552.41,5,420.44,4552.41,3783.99,Quincena_1
9271266576,0,284919.04,18,996.19,POS,20150504,US,POS,Lunes,4,20060511.0,2.0,M,Personal Plus,33.0,5000000.0,0.0,2,9104.82,4552.41,4552.41,5,420.44,4552.41,3783.99,Quincena_1
9043529234,0,285164.29,21,177.03,POS,20150506,US,MCI,Miercoles,6,19890712.0,268.0,F,Emprendedor,47.0,5500000.0,2200000.0,1,0.0,0.0,0.0,3,100.31,4552.41,401.23,Quincena_1
8552254311,0,28522.04,23,66.12,POS,20150523,CL,POS,Sabado,23,20130826.0,202.0,F,Personal,40.0,589500.0,100000.0,4,50369.33,7195.62,8351.75,2,66.12,3782.13,132.23,Quincena_2
388309257,1,285411.19,22,243.62,POS,20150522,US,MCI,Viernes,22,19890901.0,2.0,M,Preferencial,65.0,5509222.0,5509222.0,4,32198.83,2927.17,3854.54,2,243.62,4552.41,487.24,Quincena_2
90900297404,0,285934.39,20,234.42,POS,20150515,US,MCI,Viernes,15,20090903.0,154.0,M,PYME,24.0,0.0,0.0,2,3237.1,1618.55,1618.55,6,116.1,4552.41,1625.34,Quincena_1
1298543791,0,286531.9,19,540.75,POS,20150519,US,MCI,Martes,19,19920505.0,850.0,M,Preferencial,46.0,58800000.0,4555000.0,1,0.0,0.0,0.0,8,100.97,4552.41,5048.74,Quincena_2
669148117,0,286567.02,20,247.38,POS,20150503,US,POS,Domingo,3,20001214.0,788.0,M,Personal Plus,34.0,2555556.0,500000.0,1,0.0,0.0,0.0,3,184.5,4552.41,553.51,Quincena_1
669148117,0,286567.02,20,247.38,POS,20150503,US,POS,Domingo,3,20001214.0,788.0,M,Personal Plus,34.0,2555556.0,500000.0,1,0.0,0.0,0.0,3,184.5,4552.41,553.51,Quincena_1
2580832266,0,28673.08,6,131.71,POS,20150516,US,POS,Sabado,16,20040630.0,668.0,M,Personal Plus,30.0,5000000.0,3000000.0,1,0.0,0.0,0.0,2,131.71,4552.41,263.43,Quincena_2
943825151,0,286886.02,13,243.62,POS,20150522,US,POS,Viernes,22,20101117.0,555.0,F,Personal,42.0,800000.0,700000.0,2,9104.82,4552.41,4552.41,4,133.41,4552.41,800.45,Quincena_2
779690992,0,288486.24,1,243.62,POS,20150530,US,MCI,Sabado,30,19981216.0,313.0,M,Preferencial,39.0,18960002.0,0.0,3,19069.26,3178.21,4552.41,6,82.47,4552.41,2226.64,Quincena_2
2610292433,0,288769.71,22,782.14,POS,20150515,US,MCI,Viernes,15,20040628.0,868.0,M,Preferencial,34.0,15000000.0,5000000.0,1,0.0,0.0,0.0,7,237.64,4690.58,4277.48,Quincena_1
7221325708,0,288935.98,19,243.62,POS,20150506,US,MCI,Miercoles,6,19950309.0,929.0,F,Preferencial,75.0,3000000.0,3000000.0,1,0.0,0.0,0.0,4,26.06,4552.41,1251.03,Quincena_1
6443163588,0,289093.42,19,340.09,POS,20150503,US,MCI,Domingo,3,19951124.0,116.0,F,Preferencial,36.0,6000000.0,3000000.0,2,4552.41,4552.41,4552.41,4,61.7,4552.41,802.1,Quincena_1
9443163588,0,289093.42,19,340.09,POS,20150503,US,MCI,Domingo,3,19951124.0,116.0,F,Preferencial,36.0,6000000.0,3000000.0,2,4552.41,4552.41,4552.41,4,61.7,4552.41,802.1,Quincena_1
352775975,0,2895359.46,23,733.11,POS,20150503,US,MCI,Domingo,3,19820915.0,156.0,M,Preferencial,56.0,108000000.0,57800000.0,3,12959.36,4319.79,4552.41,3,569.94,4552.41,3419.67,Quincena_1
748714861,0,28969.44,19,314.71,POS,20150519,US,MCI,Martes,19,19870101.0,737.0,M,Preferencial,53.0,25496000.0,14000000.0,2,8616.02,4308.01,4308.01,4,42.17,4552.41,1138.6,Quincena_2
11130593460,0,290135.02,0,304.29,POS,20150530,US,MCI,Sabado,30,20050719.0,586.0,M,Personal Plus,28.0,8500000.0,2000000.0,5,42551.06,4255.11,7632.97,4,150.4,4552.41,902.42,Quincena_2
7998662207,0,29018.28,2,19.57,POS,20150505,US,MCI,Martes,5,19950823.0,29.0,M,Preferencial,38.0,25058866.0,2800000.0,2,3237.1,1618.55,1618.55,2,19.57,7385.11,19.57,Quincena_1
66010430,1,290380.86,19,1.0,ATM_INT,20150506,SV,ATM_INT,Miercoles,6,20140814.0,659.0,M,Personal Plus,47.0,1500000.0,1500000.0,1,0.0,0.0,0.0,1,0.0,2153.87,1.0,Quincena_1
6171737346,0,291197.24,23,604.69,POS,20150503,US,MCI,Domingo,3,19970709.0,267.0,M,Preferencial,42.0,20000000.0,18000000.0,3,5265.86,1053.17,1162.89,5,122.32,4552.41,3058.06,Quincena_1
8371737346,0,291197.24,23,604.69,POS,20150503,US,MCI,Domingo,3,19970709.0,267.0,M,Preferencial,42.0,20000000.0,18000000.0,3,5265.86,1053.17,1162.89,5,122.32,4552.41,3058.06,Quincena_1
3936302872,0,2913980.86,0,234.42,POS,20150513,US,MCI,Miercoles,13,20000609.0,534.0,F,PYME,34.0,56666000.0,37600750.0,1,0.0,0.0,0.0,3,219.46,4552.41,1316.79,Quincena_1
2542882316,0,291439.03,20,10.34,POS,20150503,US,POS,Domingo,3,20000208.0,230.0,F,Preferencial,50.0,5000000.0,4500000.0,2,4886.27,2443.14,2443.14,2,10.34,4552.41,10.34,Quincena_1
4242882316,0,291439.03,20,10.34,POS,20150503,US,POS,Domingo,3,20000208.0,230.0,F,Preferencial,50.0,5000000.0,4500000.0,2,4886.27,2443.14,2443.14,2,10.34,4552.41,10.34,Quincena_1
786878819,0,291653.08,23,671.25,POS,20150515,US,MCI,Viernes,15,19950104.0,82.0,M,PYME,56.0,16768583.0,10655639.0,1,0.0,0.0,0.0,9,186.09,4552.41,9490.47,Quincena_1
12430697,0,2926324.97,0,461.26,POS,20150513,US,MCI,Miercoles,13,20130218.0,436.0,M,Personal Plus,32.0,2884000.0,1600000.0,1,0.0,0.0,0.0,8,67.32,4552.41,4577.58,Quincena_1
2724571460,1,293666.07,19,131.63,POS,20150520,US,POS,Miercoles,20,20101102.0,238.0,F,Personal Plus,60.0,3000000.0,1030000.0,2,9104.82,4552.41,4552.41,3,29.72,4552.41,356.69,Quincena_2
1149735257,1,294018.45,23,1.0,ATM_INT,20150506,US,ATM_INT,Miercoles,6,20041027.0,524.0,F,Emprendedor,50.0,4000000.0,1000000.0,1,0.0,0.0,0.0,1,0.0,4552.41,1.0,Quincena_1
1753911172,1,294018.45,23,733.11,ATM_INT,20150506,US,ATM_INT,Miercoles,6,20001220.0,84.0,F,Personal Plus,30.0,7645000.0,1000000.0,1,0.0,0.0,0.0,5,387.06,4552.41,3483.56,Quincena_1
1170084416,0,294067.18,0,243.62,POS,20150520,US,MCI,Miercoles,20,19900701.0,5.0,M,Preferencial,57.0,21850000.0,5000000.0,3,9964.44,2491.11,3308.02,3,118.93,4552.41,1070.37,Quincena_2
1238141350,1,294304.05,14,663.54,POS,20150504,US,POS,Lunes,4,20050311.0,601.0,F,Personal Plus,34.0,1500000.0,400000.0,2,4552.41,4552.41,4552.41,2,663.54,4552.41,663.54,Quincena_1
9038141350,1,294304.05,14,663.54,POS,20150504,US,POS,Lunes,4,20050311.0,601.0,F,Personal Plus,34.0,1500000.0,400000.0,2,4552.41,4552.41,4552.41,2,663.54,4552.41,663.54,Quincena_1
8943255725,0,296057.08,10,23.59,POS,20150517,US,POS,Domingo,17,20040116.0,542.0,F,Personal Plus,33.0,2500000.0,1000000.0,1,0.0,0.0,0.0,4,14.26,4552.41,171.07,Quincena_2
1443400549,0,297298.88,15,340.09,POS,20150519,US,MCI,Martes,19,19990209.0,929.0,F,Personal Plus,34.0,8250000.0,2500000.0,2,9104.82,4552.41,4552.41,6,130.23,4552.41,2213.93,Quincena_2
10032257399,0,298038.8,21,26.6,POS,20150528,US,MCI,Jueves,28,20030722.0,310.0,F,Emprendedor,32.0,1900000.0,800000.0,3,22900.22,3816.7,4552.41,2,26.6,4552.41,26.6,Quincena_2
179748527,1,2982433.02,16,733.11,POS,20150529,US,POS,Viernes,29,20100113.0,113.0,M,Emprendedor,37.0,15000000.0,8000000.0,2,4886.27,2443.14,2443.14,6,223.86,4552.41,4029.5,Quincena_2
5943867399,0,298393.09,17,37.71,POS,20150514,US,POS,Jueves,14,19981123.0,342.0,F,Personal Plus,35.0,1000000.0,1500000.0,1,0.0,0.0,0.0,4,11.89,4552.41,297.25,Quincena_1
7516379098,1,298726.07,17,304.29,POS,20150508,US,POS,Viernes,8,20131031.0,400.0,M,Personal Plus,30.0,7000000.0,650000.0,2,4886.27,2443.14,2443.14,2,304.29,4552.41,2434.33,Quincena_1
6479242826,0,299056.07,18,281.34,POS,20150501,US,POS,Viernes,1,20010220.0,54.0,M,Personal Plus,47.0,8000000.0,7000000.0,1,0.0,0.0,0.0,2,281.34,4552.41,281.34,Quincena_1
8979242826,0,299056.07,18,281.34,POS,20150501,US,POS,Viernes,1,20010220.0,54.0,M,Personal Plus,47.0,8000000.0,7000000.0,1,0.0,0.0,0.0,2,281.34,4552.41,281.34,Quincena_1
8171670260,0,299101.07,16,15.94,POS,20150505,US,POS,Martes,5,19930717.0,161.0,M,Personal Plus,49.0,2837146.0,1200000.0,1,0.0,0.0,0.0,2,15.94,4552.41,95.62,Quincena_1
4498543791,0,299133.61,15,540.75,POS,20150519,US,MCI,Martes,19,19920505.0,850.0,M,Preferencial,46.0,58800000.0,4555000.0,1,0.0,0.0,0.0,8,100.97,4552.41,5048.74,Quincena_2
246878819,0,299269.99,23,671.25,POS,20150515,US,MCI,Viernes,15,19950104.0,82.0,M,PYME,56.0,16768583.0,10655639.0,1,0.0,0.0,0.0,9,186.09,4552.41,9490.47,Quincena_1
2298543791,0,299326.74,17,540.75,POS,20150519,US,MCI,Martes,19,19920505.0,850.0,M,Preferencial,46.0,58800000.0,4555000.0,1,0.0,0.0,0.0,8,100.97,4552.41,5048.74,Quincena_2
3966859620,0,2994237.18,21,277.48,POS,20150506,US,MCI,Miercoles,6,19911210.0,60.0,F,Preferencial,41.0,16000000.0,4000000.0,3,45003.92,7500.65,13397.14,3,152.15,4552.41,608.6,Quincena_1
7832638956,0,29947.03,17,1.0,POS,20150525,US,POS,Lunes,25,19830728.0,769.0,F,Personal Plus,59.0,6000000.0,5000000.0,1,0.0,0.0,0.0,1,0.0,4552.41,1.0,Quincena_2
4079420292,0,299865.03,19,125.03,POS,20150506,US,POS,Miercoles,6,19990927.0,498.0,M,Preferencial,47.0,18232000.0,7100000.0,2,9104.82,4552.41,4552.41,5,98.86,4552.41,3064.66,Quincena_1
8941571076,0,300012.5,14,1.0,POS,20150513,US,MCI,Miercoles,13,19800411.0,43.0,F,Personal Plus,62.0,3000000.0,2000000.0,2,971.23,971.23,971.23,1,0.0,4552.41,1.0,Quincena_1
8631973301,0,300327.22,20,1165.74,POS,20150515,US,MCI,Viernes,15,19920909.0,735.0,F,Preferencial,47.0,12000000.0,6000000.0,2,18209.64,4552.41,4552.41,4,588.01,4552.41,2940.07,Quincena_1
5019086865,0,300679.03,13,91.01,POS,20150529,US,POS,Viernes,29,20050627.0,30.0,M,Personal Plus,66.0,12000000.0,6000000.0,1,0.0,0.0,0.0,3,85.96,4552.41,343.86,Quincena_2
4280076946,0,3010343.92,19,236.08,POS,20150503,US,MCI,Domingo,3,20070316.0,963.0,M,Personal Plus,29.0,5100000.0,1200000.0,1,0.0,0.0,0.0,4,130.26,4552.41,521.05,Quincena_1
5980076946,0,3010343.92,19,236.08,POS,20150503,US,MCI,Domingo,3,20070316.0,963.0,M,Personal Plus,29.0,5100000.0,1200000.0,1,0.0,0.0,0.0,4,130.26,4552.41,521.05,Quincena_1
7543259423,0,301066.02,17,12.01,POS,20150518,US,POS,Lunes,18,20021121.0,7.0,F,Personal Plus,32.0,3049633.0,0.0,1,0.0,0.0,0.0,3,11.53,4552.41,253.61,Quincena_2
1123262922,0,301373.01,17,294.43,POS,20150502,US,POS,Sabado,2,20030326.0,202.0,F,Personal Plus,70.0,1370307.0,0.0,2,47144.97,7857.49,7857.49,3,209.02,4552.41,836.08,Quincena_1
2723262922,0,301373.01,17,294.43,POS,20150502,US,POS,Sabado,2,20030326.0,202.0,F,Personal Plus,70.0,1370307.0,0.0,2,47144.97,7857.49,7857.49,3,209.02,4552.41,836.08,Quincena_1
7652007621,0,301516.04,14,659.13,POS,20150501,US,POS,Viernes,1,19961028.0,152.0,F,Preferencial,44.0,18000000.0,8000000.0,2,16911.29,8455.65,8455.65,2,659.13,4552.41,1977.38,Quincena_1
9552007621,0,301516.04,14,659.13,POS,20150501,US,POS,Viernes,1,19961028.0,152.0,F,Preferencial,44.0,18000000.0,8000000.0,2,16911.29,8455.65,8455.65,2,659.13,4552.41,1977.38,Quincena_1
1180471665,0,30161.01,18,247.88,POS,20150503,DO,POS,Domingo,3,20110307.0,13.0,M,Preferencial,42.0,7000000.0,1000000.0,1,0.0,0.0,0.0,19,42.17,1674.2,4174.4,Quincena_1
8280471665,0,30161.01,18,247.88,POS,20150503,DO,POS,Domingo,3,20110307.0,13.0,M,Preferencial,42.0,7000000.0,1000000.0,1,0.0,0.0,0.0,19,42.17,1674.2,4174.4,Quincena_1
6571315454,0,30227.25,2,662.36,POS,20150503,US,MCI,Domingo,3,19990521.0,543.0,M,Personal Plus,35.0,6117244.0,900000.0,1,0.0,0.0,0.0,20,124.35,4552.41,6963.34,Quincena_1
8871315454,0,30227.25,2,662.36,POS,20150503,US,MCI,Domingo,3,19990521.0,543.0,M,Personal Plus,35.0,6117244.0,900000.0,1,0.0,0.0,0.0,20,124.35,4552.41,6963.34,Quincena_1
4731164852,0,303090.94,22,26.82,POS,20150521,US,MCI,Jueves,21,19970825.0,60.0,F,Personal,52.0,0.0,0.0,2,9104.82,4552.41,4552.41,2,26.82,4552.41,321.86,Quincena_2
6243733526,0,303498.05,9,352.24,POS,20150504,US,POS,Lunes,4,19921209.0,222.0,F,Personal Plus,43.0,2000000.0,0.0,2,9104.82,4552.41,4552.41,6,96.18,4552.41,2596.77,Quincena_1
8943733526,0,303498.05,9,352.24,POS,20150504,US,POS,Lunes,4,19921209.0,222.0,F,Personal Plus,43.0,2000000.0,0.0,2,9104.82,4552.41,4552.41,6,96.18,4552.41,2596.77,Quincena_1
3180719808,0,30359.07,10,1.0,POS,20150514,US,POS,Jueves,14,20110602.0,39.0,M,Emprendedor,30.0,1500000.0,500000.0,2,9104.82,4552.41,4552.41,1,0.0,4552.41,1.0,Quincena_1
3416858968,0,303820.04,14,271.65,POS,20150515,US,POS,Viernes,15,20009198.120707244,416.426385583135,F,Personal Plus,40.010540632437944,14491037.206052363,8506309.151649099,2,2087.82,1043.91,1043.91,11,57.37,4552.41,3212.79,Quincena_1
9560359630,0,303988.05,20,399.63,POS,20150523,US,MCI,Sabado,23,20031001.0,820.0,F,Emprendedor,41.0,12150000.0,2000000.0,1,0.0,0.0,0.0,2,399.63,4552.41,799.26,Quincena_2
1645493221,0,304090.06,13,659.13,POS,20150511,US,POS,Lunes,11,19960214.0,210.0,F,Preferencial,44.0,4770333.0,1700000.0,1,0.0,0.0,0.0,2,659.13,4552.41,1318.26,Quincena_1
818678984,0,304178.47,0,659.13,POS,20150521,US,MCI,Jueves,21,19910330.0,961.0,M,Preferencial,57.0,44000000.0,727000.0,2,4552.41,4552.41,4552.41,3,253.16,4552.41,1518.96,Quincena_2
3271709716,0,304271.08,16,243.62,POS,20150505,US,POS,Martes,5,19960510.0,279.0,M,Personal Plus,45.0,6130000.0,3000000.0,2,9104.82,4552.41,4552.41,7,33.99,4552.41,713.81,Quincena_1
1298668239,0,304458.86,23,23.59,POS,20150530,US,MCI,Sabado,30,20080603.0,29.0,M,Personal Plus,36.0,3805114.0,800000.0,1,0.0,0.0,0.0,4,13.15,4552.41,105.21,Quincena_2
3579853997,0,3045432.06,10,1.0,POS,20150520,US,POS,Miercoles,20,20081216.0,46.0,M,Preferencial,38.0,12317000.0,6300000.0,2,4552.41,4552.41,4552.41,1,0.0,4552.41,1.0,Quincena_2
5171746727,0,3048961.14,15,243.62,POS,20150519,US,MCI,Martes,19,19950127.0,344.0,M,Preferencial,40.0,23000000.0,10000000.0,1,0.0,0.0,0.0,3,163.01,4552.41,489.03,Quincena_2
3879945082,1,305098.05,10,459.14,POS,20150503,US,POS,Domingo,3,20040127.0,40.0,M,Personal,37.0,7000.0,6000.0,2,7564.25,3782.13,3782.13,8,232.13,4552.41,3481.95,Quincena_1
8679945082,1,305098.05,10,459.14,POS,20150503,US,POS,Domingo,3,20040127.0,40.0,M,Personal,37.0,7000.0,6000.0,2,7564.25,3782.13,3782.13,8,232.13,4552.41,3481.95,Quincena_1
7249765300,0,3060247.3,22,532.78,POS,20150521,US,MCI,Jueves,21,19971009.0,524.0,F,PYME,44.0,190148500.0,209727500.0,2,9104.82,4552.41,4552.41,2,532.78,4552.41,532.78,Quincena_2
3094282242,0,30633.02,18,212.93,POS,20150517,US,POS,Domingo,17,20090610.0,812.0,M,Personal Plus,42.0,9000000.0,4500000.0,1,0.0,0.0,0.0,3,81.98,4552.41,491.85,Quincena_2
1043867399,0,30667.41,22,37.71,POS,20150514,US,MCI,Jueves,14,19981123.0,342.0,F,Personal Plus,35.0,1000000.0,1500000.0,1,0.0,0.0,0.0,4,11.89,4552.41,297.25,Quincena_1
306878819,0,306934.95,23,671.25,POS,20150515,US,MCI,Viernes,15,19950104.0,82.0,M,PYME,56.0,16768583.0,10655639.0,1,0.0,0.0,0.0,9,186.09,4552.41,9490.47,Quincena_1
416878819,0,306934.95,23,671.25,POS,20150515,US,MCI,Viernes,15,19950104.0,82.0,M,PYME,56.0,16768583.0,10655639.0,1,0.0,0.0,0.0,9,186.09,4552.41,9490.47,Quincena_1
3151906205,0,307268.85,14,877.01,ATM_INT,20150520,US,ATM_INT,Miercoles,20,19970905.0,177.0,F,Personal Plus,47.0,1000000.0,800000.0,1,0.0,0.0,0.0,6,212.82,4552.41,1915.37,Quincena_2
6151906205,0,307268.85,16,877.01,ATM_INT,20150520,US,ATM_INT,Miercoles,20,19970905.0,177.0,F,Personal Plus,47.0,1000000.0,800000.0,1,0.0,0.0,0.0,6,212.82,4552.41,1915.37,Quincena_2
2371786223,0,30727.94,14,461.26,POS,20150513,US,MCI,Miercoles,13,19970617.0,238.0,M,Preferencial,39.0,15500000.0,2000000.0,2,1942.46,971.23,971.23,9,72.17,4552.41,2814.59,Quincena_1
6832205583,0,30731.08,14,18.96,POS,20150519,US,POS,Martes,19,20030423.0,280.0,F,Personal Plus,32.0,2400000.0,1781000.0,1,0.0,0.0,0.0,3,15.49,4552.41,61.95,Quincena_2
23396797,0,307439.06,6,238.8,POS,20150524,PA,POS,Domingo,24,20020617.0,298.0,M,Preferencial,34.0,15677335.0,3500000.0,1,0.0,0.0,0.0,7,30.11,1043.91,662.49,Quincena_2
3939359227,0,307495.77,20,122.73,POS,20150503,US,MCI,Domingo,3,20110427.0,19.0,F,Personal Plus,32.0,2909000.0,600000.0,1,0.0,0.0,0.0,3,20.68,4552.41,206.81,Quincena_1
4339359227,0,307495.77,20,122.73,POS,20150503,US,MCI,Domingo,3,20110427.0,19.0,F,Personal Plus,32.0,2909000.0,600000.0,1,0.0,0.0,0.0,3,20.68,4552.41,206.81,Quincena_1
9671737346,0,307544.13,22,604.69,POS,20150503,US,MCI,Domingo,3,19970709.0,267.0,M,Preferencial,42.0,20000000.0,18000000.0,3,5265.86,1053.17,1162.89,5,122.32,4552.41,3058.06,Quincena_1
5643977274,0,307837.09,19,370.98,POS,20150517,US,POS,Domingo,17,20061103.0,907.0,F,Personal Plus,30.0,2500000.0,500000.0,1,0.0,0.0,0.0,5,50.36,4552.41,1510.81,Quincena_2
8979369584,1,308022.74,15,652.6,POS,20150521,US,MCI,Jueves,21,19901220.0,570.0,M,Personal Plus,49.0,27221000.0,3000000.0,2,9104.82,4552.41,4552.41,3,448.11,4552.41,1792.45,Quincena_2
443529234,0,30806.21,21,177.03,POS,20150506,US,MCI,Miercoles,6,19890712.0,268.0,F,Emprendedor,47.0,5500000.0,2200000.0,1,0.0,0.0,0.0,3,100.31,4552.41,401.23,Quincena_1
8322366138,0,311233.1,14,1.0,POS,20150520,US,MCI,Miercoles,20,19940501.0,81.0,F,Personal,69.0,500000.0,0.0,1,0.0,0.0,0.0,1,0.0,4552.41,1.0,Quincena_2
42425330,0,312705.15,15,23.59,POS,20150525,US,MCI,Lunes,25,20130204.0,29.0,M,Preferencial,38.0,26565329.0,7000000.0,2,9104.82,4552.41,4552.41,3,16.46,4552.41,65.86,Quincena_2
1631964222,0,313136.03,14,1.0,POS,20150530,US,POS,Sabado,30,19950708.0,736.0,F,Emprendedor,47.0,0.0,0.0,1,0.0,0.0,0.0,1,0.0,4552.41,1.0,Quincena_2
4943733526,0,314220.09,11,352.24,POS,20150504,US,POS,Lunes,4,19921209.0,222.0,F,Personal Plus,43.0,2000000.0,0.0,2,9104.82,4552.41,4552.41,6,96.18,4552.41,2596.77,Quincena_1
5543733526,0,314220.09,11,352.24,POS,20150504,US,POS,Lunes,4,19921209.0,222.0,F,Personal Plus,43.0,2000000.0,0.0,2,9104.82,4552.41,4552.41,6,96.18,4552.41,2596.77,Quincena_1
464992790,0,31504.27,14,701.37,POS,20150519,US,MCI,Martes,19,20020607.0,107.0,M,Personal Plus,57.0,10000000.0,10000000.0,1,0.0,0.0,0.0,6,521.32,4552.41,6777.13,Quincena_2
5836454887,0,31660.07,10,626.82,POS,20150517,US,POS,Domingo,17,20050426.0,487.0,F,Personal Plus,34.0,4580000.0,1000000.0,3,10076.05,3358.68,4552.41,2,626.82,4552.41,1253.63,Quincena_2
7819376940,0,3166548.02,20,80.92,POS,20150529,US,MCI,Viernes,29,19830928.0,186.0,M,Personal Plus,56.0,8570500.0,1500000.0,2,13657.23,4552.41,4552.41,7,45.74,4552.41,640.3,Quincena_2
3516782603,0,317112.14,21,304.29,POS,20150501,US,MCI,Viernes,1,19950804.0,737.0,M,Preferencial,45.0,7663500.0,8000000.0,2,4886.27,2443.14,2443.14,2,304.29,4552.41,608.58,Quincena_1
6216782603,0,317112.14,21,304.29,POS,20150501,US,MCI,Viernes,1,19950804.0,737.0,M,Preferencial,45.0,7663500.0,8000000.0,2,4886.27,2443.14,2443.14,2,304.29,4552.41,608.58,Quincena_1
2880190531,0,31713.04,9,659.13,POS,20150501,US,POS,Viernes,1,20070726.0,612.0,M,Personal Plus,30.0,8300000.0,2000000.0,4,33020.88,8255.22,14582.27,6,214.78,4552.41,2362.55,Quincena_1
9380190531,0,31713.04,9,659.13,POS,20150501,US,POS,Viernes,1,20070726.0,612.0,M,Personal Plus,30.0,8300000.0,2000000.0,4,33020.88,8255.22,14582.27,6,214.78,4552.41,2362.55,Quincena_1
1021068011,0,317818.9,13,1.0,POS,20150516,US,MCI,Sabado,16,19880212.0,567.0,F,Personal Plus,60.0,10000000.0,9000000.0,1,0.0,0.0,0.0,1,0.0,4552.41,1.0,Quincena_2
10042887723,0,318089.05,16,1174.19,POS,20150501,US,POS,Viernes,1,19870101.0,245.0,F,Preferencial,49.0,20748000.0,8000000.0,3,26110.45,3730.06,4552.41,7,275.76,4552.41,5515.14,Quincena_1
4842887723,0,318089.05,16,1174.19,POS,20150501,US,POS,Viernes,1,19870101.0,245.0,F,Preferencial,49.0,20748000.0,8000000.0,3,26110.45,3730.06,4552.41,7,275.76,4552.41,5515.14,Quincena_1
6324481666,0,319994.02,16,733.45,POS,20150514,US,POS,Jueves,14,19960820.0,193.0,F,Preferencial,63.0,12000000.0,12000000.0,1,0.0,0.0,0.0,5,303.45,4552.41,2731.01,Quincena_1
4498668239,0,320714.87,23,23.59,POS,20150530,US,MCI,Sabado,30,20080603.0,29.0,M,Personal Plus,36.0,3805114.0,800000.0,1,0.0,0.0,0.0,4,13.15,4552.41,105.21,Quincena_2
422366138,0,321757.3,21,1.0,POS,20150520,US,MCI,Miercoles,20,19940501.0,81.0,F,Personal,69.0,500000.0,0.0,1,0.0,0.0,0.0,1,0.0,4552.41,1.0,Quincena_2
81129574882,1,322219.8,19,614.04,ATM_INT,20150513,MX,ATM_INT,Miercoles,13,20120523.0,777.0,F,Emprendedor,28.0,3200000.0,200000.0,1,0.0,0.0,0.0,3,429.84,3854.54,2579.04,Quincena_1
2243049437,0,322220.09,15,12.01,POS,20150502,US,POS,Sabado,2,19940601.0,310.0,F,Personal Plus,53.0,1500000.0,500000.0,2,27314.46,4552.41,4552.41,3,9.1,4552.41,45.52,Quincena_1
5943049437,0,322220.09,15,12.01,POS,20150502,US,POS,Sabado,2,19940601.0,310.0,F,Personal Plus,53.0,1500000.0,500000.0,2,27314.46,4552.41,4552.41,3,9.1,4552.41,45.52,Quincena_1
5300437887,0,322309.31,14,123.61,POS,20150511,PY,MCI,Lunes,11,20130522.0,178.0,M,Preferencial,35.0,21150000.0,6000000.0,3,98446.08,2983.21,4288.8,4,79.68,3364.98,557.75,Quincena_1
6080197049,0,32249.05,23,556.85,POS,20150521,US,POS,Jueves,21,20040517.0,661.0,M,Preferencial,31.0,12500000.0,5000000.0,3,36557.45,4061.94,4552.41,9,206.32,4552.41,10315.93,Quincena_2
7694383669,1,3227654.3,18,243.62,POS,20150516,US,MCI,Sabado,16,19981020.0,639.0,M,Preferencial,42.0,17827000.0,5800000.0,2,9104.82,4552.41,4552.41,4,236.5,4552.41,1892.02,Quincena_2
1543628432,0,322899.58,2,286.84,POS,20150503,US,MCI,Domingo,3,20000410.0,267.0,F,Personal Plus,40.0,8000000.0,5000000.0,4,51063.79,5673.75,8455.65,5,147.57,4552.41,1623.23,Quincena_1
943628432,0,322899.58,2,286.84,POS,20150503,US,MCI,Domingo,3,20000410.0,267.0,F,Personal Plus,40.0,8000000.0,5000000.0,4,51063.79,5673.75,8455.65,5,147.57,4552.41,1623.23,Quincena_1
3743542589,0,323080.06,12,659.13,POS,20150501,US,POS,Viernes,1,19941221.0,498.0,F,Preferencial,46.0,19405161.0,4000000.0,1,0.0,0.0,0.0,3,85.77,4552.41,1715.37,Quincena_1
8043542589,0,323080.06,12,659.13,POS,20150501,US,POS,Viernes,1,19941221.0,498.0,F,Preferencial,46.0,19405161.0,4000000.0,1,0.0,0.0,0.0,3,85.77,4552.41,1715.37,Quincena_1
853177089,0,323566.51,23,659.13,POS,20150527,PR,MCI,Miercoles,27,20050228.0,652.0,F,Preferencial,29.0,12000000.0,3465000.0,4,50903.3,3635.95,4552.41,5,359.0,1693.74,6102.98,Quincena_2
9379454028,0,323630.94,22,31.86,POS,20150529,US,MCI,Viernes,29,20000222.0,152.0,M,Preferencial,47.0,37000000.0,18000000.0,5,54557.64,4546.47,8351.75,5,20.74,4552.41,228.1,Quincena_2
94425701,0,324007.45,18,495.42,POS,20150523,US,MCI,Sabado,23,20130104.0,373.0,F,Preferencial,33.0,9000000.0,1800000.0,2,4307.75,2153.87,2153.87,4,217.42,4552.41,3043.94,Quincena_2
4639687155,0,32403.61,23,123.61,POS,20150503,US,MCI,Domingo,3,19900401.0,152.0,F,Preferencial,51.0,5000000.0,5000000.0,1,0.0,0.0,0.0,7,59.98,4552.41,659.79,Quincena_1
6039687155,0,32403.61,23,123.61,POS,20150503,US,MCI,Domingo,3,19900401.0,152.0,F,Preferencial,51.0,5000000.0,5000000.0,1,0.0,0.0,0.0,7,59.98,4552.41,659.79,Quincena_1
3243870429,0,32410.01,12,23.59,POS,20150530,US,POS,Sabado,30,19991210.0,5.0,F,Preferencial,35.0,8600000.0,3300000.0,3,10673.77,2668.44,3854.54,5,10.39,4552.41,405.37,Quincena_2
5471737346,0,324157.03,21,604.69,POS,20150503,US,MCI,Domingo,3,19970709.0,267.0,M,Preferencial,42.0,20000000.0,18000000.0,3,5265.86,1053.17,1162.89,5,122.32,4552.41,3058.06,Quincena_1
6471737346,0,324157.03,21,604.69,POS,20150503,US,MCI,Domingo,3,19970709.0,267.0,M,Preferencial,42.0,20000000.0,18000000.0,3,5265.86,1053.17,1162.89,5,122.32,4552.41,3058.06,Quincena_1
8131964222,0,324356.01,17,1.0,POS,20150530,US,POS,Sabado,30,19950708.0,736.0,F,Emprendedor,47.0,0.0,0.0,1,0.0,0.0,0.0,1,0.0,4552.41,1.0,Quincena_2
81051656807,0,324776.01,14,614.04,POS,20150501,PA,POS,Viernes,1,20070704.0,678.0,M,Personal Plus,28.0,4210000.0,100000.0,1,0.0,0.0,0.0,7,336.36,1043.91,2690.86,Quincena_1
2214609160,0,325254.6,17,19.67,POS,20150526,US,MCI,Martes,26,20020115.0,61.0,M,Personal Plus,31.0,4000000.0,1500000.0,1,0.0,0.0,0.0,2,19.67,4552.41,39.35,Quincena_2
6379692239,0,32544.08,16,243.62,POS,20150516,US,POS,Sabado,16,20020613.0,675.0,M,Preferencial,40.0,4000000.0,1300000.0,2,9104.82,4552.41,4552.41,7,156.79,4552.41,2038.22,Quincena_2
3098552025,0,32679.89,15,10.34,POS,20150506,US,MCI,Miercoles,6,19971016.0,344.0,M,Personal Plus,45.0,3600000.0,1300000.0,1,0.0,0.0,0.0,2,10.34,4552.41,20.67,Quincena_1
4479690992,0,327052.4,1,243.62,POS,20150530,US,MCI,Sabado,30,19981216.0,313.0,M,Preferencial,39.0,18960002.0,0.0,3,19069.26,3178.21,4552.41,6,82.47,4552.41,2226.64,Quincena_2
1255302991,1,327120.97,16,733.11,POS,20150509,FR,MCI,Sabado,9,20110527.0,690.0,F,Personal Plus,30.0,7000000.0,2500000.0,3,56716.74,4051.2,4552.41,5,314.62,10212.83,3775.48,Quincena_1
13900329151,0,328561.73,3,330.51,POS,20150516,US,MCI,Sabado,16,20120821.0,850.0,M,PYME,32.0,8321600.0,2084666.0,1,0.0,0.0,0.0,8,148.43,4552.41,3710.79,Quincena_2
7016482214,0,329144.07,14,25.02,POS,20150515,US,POS,Viernes,15,20000530.0,728.0,M,Personal Plus,52.0,3391993.0,0.0,2,9104.82,4552.41,4552.41,2,25.02,4552.41,50.04,Quincena_1
3432788919,0,329374.02,6,167.78,POS,20150514,PA,POS,Jueves,14,20011227.0,191.0,F,Personal Plus,39.0,4424000.0,1200000.0,1,0.0,0.0,0.0,4,103.14,1043.91,412.56,Quincena_1
6033114169,0,329773.05,15,1.0,POS,20150518,US,POS,Lunes,18,19880209.0,210.0,F,Preferencial,71.0,11000000.0,0.0,4,19253.55,3850.71,4552.41,1,0.0,4552.41,1.0,Quincena_2
4852453435,0,329991.06,17,74.29,POS,20150530,US,POS,Sabado,30,19961209.0,122.0,F,Personal Plus,36.0,3500000.0,0.0,1,0.0,0.0,0.0,2,74.29,4552.41,74.29,Quincena_2
3831922470,0,330045.08,16,26.82,POS,20150528,US,POS,Jueves,28,20030717.0,807.0,F,Personal Plus,51.0,4368000.0,500000.0,1,0.0,0.0,0.0,3,21.66,4552.41,173.28,Quincena_2
5238141350,1,330435.08,14,663.54,POS,20150504,US,POS,Lunes,4,20050311.0,601.0,F,Personal Plus,34.0,1500000.0,400000.0,2,4552.41,4552.41,4552.41,2,663.54,4552.41,663.54,Quincena_1
2622801955,0,330807.04,14,782.14,POS,20150503,US,POS,Domingo,3,20011227.0,787.0,F,Personal Plus,35.0,2000000.0,500000.0,1,0.0,0.0,0.0,4,649.57,4552.41,7794.83,Quincena_1
2622801955,0,330807.04,14,782.14,POS,20150503,US,POS,Domingo,3,20011227.0,787.0,F,Personal Plus,35.0,2000000.0,500000.0,1,0.0,0.0,0.0,4,649.57,4552.41,7794.83,Quincena_1
9394456341,1,3311907.09,20,314.13,POS,20150516,US,MCI,Sabado,16,19991201.0,156.0,M,Preferencial,39.0,31984251.0,17900000.0,3,10141.52,3380.51,4552.41,5,137.71,4552.41,688.56,Quincena_2
1116832975,0,331255.94,21,782.14,POS,20150520,US,MCI,Miercoles,20,19960716.0,813.0,M,Preferencial,41.0,16000000.0,0.0,1,0.0,0.0,0.0,5,294.0,4552.41,2939.96,Quincena_2
2016832975,0,331255.94,22,782.14,POS,20150520,US,MCI,Miercoles,20,19960716.0,813.0,M,Preferencial,41.0,16000000.0,0.0,1,0.0,0.0,0.0,5,294.0,4552.41,2939.96,Quincena_2
458104908,1,33152.06,19,243.62,POS,20150521,GB,POS,Jueves,21,20030411.0,611.0,M,Personal Plus,31.0,2200000.0,600000.0,2,8351.75,8351.75,8351.75,6,60.8,8351.75,729.61,Quincena_2
7218616986,0,331587.78,17,289.8,POS,20150515,US,MCI,Viernes,15,20050421.0,634.0,M,Preferencial,34.0,5000000.0,3800000.0,1,0.0,0.0,0.0,11,77.38,4552.41,3327.16,Quincena_1
7143580980,0,332002.02,22,340.09,POS,20150520,US,POS,Miercoles,20,19941025.0,738.0,F,Preferencial,41.0,25000000.0,22000000.0,2,18209.64,4552.41,4552.41,6,67.96,4552.41,1019.33,Quincena_2
8233114169,0,332139.01,11,1.0,POS,20150518,US,POS,Lunes,18,19880209.0,210.0,F,Preferencial,71.0,11000000.0,0.0,4,19253.55,3850.71,4552.41,1,0.0,4552.41,1.0,Quincena_2
139079937,0,332328.57,16,1157.5,POS,20150513,US,MCI,Miercoles,13,19830607.0,961.0,M,Preferencial,63.0,25000000.0,12000000.0,4,27383.39,1369.17,3646.67,4,703.09,4552.41,8437.1,Quincena_1
6452992631,0,332501.27,19,1.0,POS,20150520,US,MCI,Miercoles,20,20090121.0,304.0,F,Personal Plus,32.0,4765000.0,200000.0,1,0.0,0.0,0.0,1,0.0,4552.41,1.0,Quincena_2
16878819,0,332548.9,23,671.25,POS,20150515,US,MCI,Viernes,15,19950104.0,82.0,M,PYME,56.0,16768583.0,10655639.0,1,0.0,0.0,0.0,9,186.09,4552.41,9490.47,Quincena_1
8116355013,0,33266.07,20,304.29,POS,20150519,US,POS,Martes,19,19960619.0,874.0,M,Preferencial,54.0,51500000.0,19000000.0,3,4898.45,2449.22,3854.54,4,203.58,4552.41,610.74,Quincena_2
3452418930,1,3326646.05,14,1.0,POS,20150523,US,POS,Sabado,23,20140523.0,1.0,F,Personal,,616000.0,1.0,2,4552.41,4552.41,4552.41,1,0.0,4552.41,1.0,Quincena_2
3970660032,0,332881.04,22,363.85,POS,20150514,EC,POS,Jueves,14,19800826.0,230.0,M,Preferencial,59.0,15000000.0,8900000.0,6,9135.29,1015.03,1618.55,6,136.44,904.81,1500.88,Quincena_1
1113870265,0,33363.14,16,9.23,POS,20150519,US,MCI,Martes,19,20010206.0,291.0,M,PYME,34.0,42828833.0,25000000.0,2,4552.41,4552.41,4552.41,3,8.13,4552.41,227.68,Quincena_2
9343617928,0,333863.09,17,9.53,POS,20150521,US,POS,Jueves,21,19990803.0,9.0,F,Personal Plus,39.0,12000000.0,6000000.0,3,7722.44,2574.15,3854.54,3,9.4,4552.41,56.42,Quincena_2
5364557465,0,333868.58,18,567.34,POS,20150513,US,MCI,Miercoles,13,19951102.0,430.0,F,Personal Plus,46.0,5000000.0,0.0,4,53306.62,5922.96,13397.14,6,194.71,4552.41,1752.37,Quincena_1
2842899567,0,336409.15,17,337.29,POS,20150511,US,MCI,Lunes,11,19980508.0,24.0,F,Personal Plus,46.0,6832700.0,2000000.0,2,9104.82,4552.41,4552.41,6,56.91,4552.41,1479.67,Quincena_1
7736302872,0,336876.4,23,234.42,POS,20150513,US,MCI,Miercoles,13,20000609.0,534.0,F,PYME,34.0,56666000.0,37600750.0,1,0.0,0.0,0.0,3,219.46,4552.41,1316.79,Quincena_1
9443626284,0,338219.22,19,340.09,POS,20150522,US,MCI,Viernes,22,20020730.0,267.0,F,Personal Plus,39.0,11156147.0,2500000.0,2,9104.82,4552.41,4552.41,6,108.11,4552.41,2162.19,Quincena_2
7379802350,0,33855.07,13,66.12,POS,20150523,PA,POS,Sabado,23,20050729.0,675.0,M,Personal Plus,38.0,8400000.0,5000000.0,1,0.0,0.0,0.0,2,66.12,1043.91,528.93,Quincena_2
2977012000,0,338652.04,18,711.63,POS,20150515,US,MCI,Viernes,15,19951002.0,692.0,M,PYME,54.0,281000000.0,0.0,4,25893.9,3699.13,4552.41,8,421.03,4552.41,8420.56,Quincena_1
1970101168,0,339252.74,21,286.84,POS,20150515,US,MCI,Viernes,15,19920403.0,272.0,M,Emprendedor,59.0,8000000.0,8000000.0,3,36239.1,5177.01,8924.64,5,33.45,16916.24,1070.52,Quincena_1
3291224532,0,33945.23,22,292.27,POS,20150506,US,MCI,Miercoles,6,19930201.0,929.0,M,Preferencial,52.0,66870000.0,15000000.0,2,13657.23,4552.41,4552.41,10,154.05,4552.41,4775.58,Quincena_1
4617345769,0,33951.25,3,74.29,POS,20150503,US,MCI,Domingo,3,20060829.0,844.0,M,Preferencial,44.0,18000000.0,4000000.0,1,0.0,0.0,0.0,2,74.29,4552.41,297.17,Quincena_1
9317345769,0,33951.25,3,74.29,POS,20150503,US,MCI,Domingo,3,20060829.0,844.0,M,Preferencial,44.0,18000000.0,4000000.0,1,0.0,0.0,0.0,2,74.29,4552.41,297.17,Quincena_1
1243221265,0,3395507.73,0,1.0,POS,20150520,US,MCI,Miercoles,20,19980722.0,319.0,F,Personal Plus,36.0,1877000.0,0.0,1,0.0,0.0,0.0,1,0.0,4552.41,1.0,Quincena_2
1443626489,0,340437.66,12,243.62,POS,20150513,US,MCI,Miercoles,13,19960429.0,375.0,F,Personal Plus,39.0,6500000.0,4000000.0,4,61592.78,5132.73,8455.65,8,22.79,4552.41,979.95,Quincena_1
3070829256,0,34084.05,19,671.25,POS,20150505,US,POS,Martes,5,20130705.0,486.0,M,Preferencial,38.0,57800000.0,10500000.0,2,27314.46,4552.41,4552.41,4,355.93,4552.41,2135.59,Quincena_1
9398622843,0,341420.02,13,23.59,POS,20150507,US,POS,Jueves,7,20090514.0,218.0,M,Personal Plus,40.0,4800000.0,0.0,1,0.0,0.0,0.0,3,16.96,4552.41,67.85,Quincena_1
3232109805,0,341468.06,15,340.09,POS,20150504,US,POS,Lunes,4,20020926.0,5.0,F,Preferencial,35.0,11030000.0,1000000.0,1,0.0,0.0,0.0,4,111.96,4552.41,783.73,Quincena_1
7932109805,0,341468.06,15,340.09,POS,20150504,US,POS,Lunes,4,20020926.0,5.0,F,Preferencial,35.0,11030000.0,1000000.0,1,0.0,0.0,0.0,4,111.96,4552.41,783.73,Quincena_1
9467006916,0,344348.83,2,304.29,POS,20150503,US,MCI,Domingo,3,20010118.0,813.0,F,Personal Plus,38.0,5000000.0,2000000.0,2,7709.08,3854.54,3854.54,2,304.29,4552.41,608.58,Quincena_1
5371277743,0,344791.01,14,340.09,POS,20150515,PA,POS,Viernes,15,20011022.0,274.0,M,Personal Plus,32.0,1700000.0,700000.0,1,0.0,0.0,0.0,7,97.57,8199.08,1366.01,Quincena_1
7691289947,0,34533.01,7,286.84,POS,20150506,US,POS,Miercoles,6,20080520.0,291.0,M,Emprendedor,42.0,12085000.0,3500000.0,1,0.0,0.0,0.0,3,193.87,4552.41,581.61,Quincena_1
4930334939,0,345526.96,18,1.0,ATM_INT,20150524,CL,ATM_INT,Domingo,24,19970312.0,70.0,F,Personal Plus,40.0,4070565.0,400000.0,1,0.0,0.0,0.0,1,0.0,3782.13,1.0,Quincena_2
532759962,0,345815.85,20,1.0,ATM_INT,20150504,US,ATM_INT,Lunes,4,20140618.0,80.0,F,Personal Plus,46.0,1200000.0,0.0,2,4552.41,4552.41,4552.41,1,0.0,4552.41,1.0,Quincena_1
7438141350,1,345934.03,14,663.54,POS,20150504,US,POS,Lunes,4,20050311.0,601.0,F,Personal Plus,34.0,1500000.0,400000.0,2,4552.41,4552.41,4552.41,2,663.54,4552.41,663.54,Quincena_1
8538141350,1,345934.03,14,663.54,POS,20150504,US,POS,Lunes,4,20050311.0,601.0,F,Personal Plus,34.0,1500000.0,400000.0,2,4552.41,4552.41,4552.41,2,663.54,4552.41,663.54,Quincena_1
1341611460,0,34594.34,15,659.13,POS,20150519,US,MCI,Martes,19,20010716.0,570.0,F,Preferencial,62.0,10470000.0,1000000.0,2,9104.82,4552.41,4552.41,5,242.03,4552.41,2904.35,Quincena_2
7270114246,0,34650.9,14,243.62,POS,20150506,US,MCI,Miercoles,6,19910402.0,325.0,M,Preferencial,57.0,13236000.0,3500000.0,2,4552.41,4552.41,4552.41,7,58.59,4552.41,1406.19,Quincena_1
2938602074,0,34884.03,20,304.29,POS,20150519,US,MCI,Martes,19,20010804.0,178.0,F,Personal Plus,32.0,9800000.0,2000000.0,2,7709.08,3854.54,3854.54,3,168.07,4552.41,672.3,Quincena_2
3279369584,1,348868.19,16,652.6,POS,20150521,US,MCI,Jueves,21,19901220.0,570.0,M,Personal Plus,49.0,27221000.0,3000000.0,2,9104.82,4552.41,4552.41,3,448.11,4552.41,1792.45,Quincena_2
1663333588,0,349008.09,11,81.37,POS,20150517,US,POS,Domingo,17,19980119.0,814.0,F,PYME,48.0,0.0,0.0,1,0.0,0.0,0.0,2,81.37,4552.41,162.73,Quincena_2
9431164852,0,349019.94,1,26.82,POS,20150521,US,MCI,Jueves,21,19970825.0,60.0,F,Personal,52.0,0.0,0.0,2,9104.82,4552.41,4552.41,2,26.82,4552.41,321.86,Quincena_2
4379793987,1,3492982.9,21,370.98,POS,20150523,US,MCI,Sabado,23,20030422.0,40.0,M,Preferencial,37.0,15903347.0,2300000.0,2,3237.1,1618.55,1618.55,8,83.68,4552.41,1506.32,Quincena_2
116832975,0,34966.72,22,782.14,POS,20150520,US,MCI,Miercoles,20,19960716.0,813.0,M,Preferencial,41.0,16000000.0,0.0,1,0.0,0.0,0.0,5,294.0,4552.41,2939.96,Quincena_2
5779558012,0,350321.74,21,23.31,POS,20150502,US,MCI,Sabado,2,19911003.0,498.0,M,Preferencial,42.0,34000000.0,0.0,4,8448.73,1689.75,2443.14,2,23.31,4552.41,93.24,Quincena_1
7779558012,0,350321.74,21,23.31,POS,20150502,US,MCI,Sabado,2,19911003.0,498.0,M,Preferencial,42.0,34000000.0,0.0,4,8448.73,1689.75,2443.14,2,23.31,4552.41,93.24,Quincena_1
2816782603,0,351757.08,19,304.29,POS,20150501,US,MCI,Viernes,1,19950804.0,737.0,M,Preferencial,45.0,7663500.0,8000000.0,2,4886.27,2443.14,2443.14,2,304.29,4552.41,608.58,Quincena_1
8816782603,0,351757.08,19,304.29,POS,20150501,US,MCI,Viernes,1,19950804.0,737.0,M,Preferencial,45.0,7663500.0,8000000.0,2,4886.27,2443.14,2443.14,2,304.29,4552.41,608.58,Quincena_1
932208001,0,351787.02,18,243.62,POS,20150517,US,MCI,Domingo,17,19930628.0,362.0,F,Personal Plus,32.0,3100000.0,2000000.0,1,0.0,0.0,0.0,5,62.91,4552.41,629.07,Quincena_2
818736137,0,352399.02,13,659.13,POS,20150511,US,POS,Lunes,11,19960409.0,210.0,M,Preferencial,53.0,26653903.0,6000000.0,2,3237.1,1618.55,1618.55,3,623.06,4552.41,6230.55,Quincena_1
1652007621,0,352620.09,11,659.13,POS,20150501,US,POS,Viernes,1,19961028.0,152.0,F,Preferencial,44.0,18000000.0,8000000.0,2,16911.29,8455.65,8455.65,2,659.13,4552.41,1977.38,Quincena_1
5152007621,0,352620.09,11,659.13,POS,20150501,US,POS,Viernes,1,19961028.0,152.0,F,Preferencial,44.0,18000000.0,8000000.0,2,16911.29,8455.65,8455.65,2,659.13,4552.41,1977.38,Quincena_1
3298563483,0,353381.27,0,9.34,POS,20150515,US,MCI,Viernes,15,20000518.0,21.0,M,Personal Plus,42.0,3000000.0,2000000.0,2,18209.64,4552.41,4552.41,2,9.34,4552.41,37.37,Quincena_1
4741673693,0,354094.1,23,659.13,POS,20150503,US,MCI,Domingo,3,19721001.0,156.0,F,Preferencial,59.0,12000000.0,8000000.0,1,0.0,0.0,0.0,3,447.19,4552.41,2683.13,Quincena_1
9641673693,0,354094.1,23,659.13,POS,20150503,US,MCI,Domingo,3,19721001.0,156.0,F,Preferencial,59.0,12000000.0,8000000.0,1,0.0,0.0,0.0,3,447.19,4552.41,2683.13,Quincena_1
4636454887,0,35412.02,15,626.82,POS,20150517,US,POS,Domingo,17,20050426.0,487.0,F,Personal Plus,34.0,4580000.0,1000000.0,3,10076.05,3358.68,4552.41,2,626.82,4552.41,1253.63,Quincena_2
67300237898,0,35575.58,2,614.04,POS,20150506,US,MCI,Miercoles,6,19890814.0,961.0,F,Preferencial,56.0,11000000.0,4500000.0,3,24370.75,6092.69,7632.97,2,614.04,4552.41,1228.07,Quincena_1
475199626,0,355820.09,16,294.4,POS,20150502,EC,POS,Sabado,2,19990830.0,879.0,M,PYME,71.0,503916000.0,483083000.0,2,4175.65,1043.91,1043.91,4,200.95,904.81,2612.33,Quincena_1
885199626,0,355820.09,16,294.4,POS,20150502,EC,POS,Sabado,2,19990830.0,879.0,M,PYME,71.0,503916000.0,483083000.0,2,4175.65,1043.91,1043.91,4,200.95,904.81,2612.33,Quincena_1
1151870452,0,35595.04,6,659.13,POS,20150528,US,POS,Jueves,28,20060914.0,175.0,F,Personal Plus,47.0,2650000.0,1600000.0,1,0.0,0.0,0.0,2,659.13,4552.41,2636.51,Quincena_2
2939776140,0,356010.28,21,294.43,POS,20150519,US,MCI,Martes,19,19920701.0,180.0,F,Personal Plus,47.0,4000000.0,2000000.0,4,34903.35,5817.23,8682.37,3,204.06,4552.41,1224.35,Quincena_2
232299532,0,356157.03,18,23.59,POS,20150515,US,POS,Viernes,15,20100831.0,693.0,F,Preferencial,30.0,17600000.0,3500000.0,1,0.0,0.0,0.0,4,13.57,4552.41,108.57,Quincena_1
552707049,1,357562.8,19,1.0,ATM_INT,20150521,US,ATM_INT,Jueves,21,19990916.0,640.0,F,Personal,35.0,0.0,0.0,1,0.0,0.0,0.0,1,0.0,4552.41,1.0,Quincena_2
3730276867,0,35872.01,8,399.63,POS,20150524,US,POS,Domingo,24,19881013.0,816.0,F,PYME,55.0,10000000.0,5800000.0,1,0.0,0.0,0.0,2,399.63,4552.41,399.63,Quincena_2
9470084416,0,359287.92,0,243.62,POS,20150520,US,MCI,Miercoles,20,19900701.0,5.0,M,Preferencial,57.0,21850000.0,5000000.0,3,9964.44,2491.11,3308.02,3,118.93,4552.41,1070.37,Quincena_2
860359630,0,359569.55,23,399.63,POS,20150523,US,MCI,Sabado,23,20031001.0,820.0,F,Emprendedor,41.0,12150000.0,2000000.0,1,0.0,0.0,0.0,2,399.63,4552.41,799.26,Quincena_2
5180019206,0,35993.6,21,733.11,ATM_INT,20150527,PA,ATM_INT,Miercoles,27,20040206.0,171.0,M,Personal Plus,37.0,5600000.0,200000.0,1,0.0,0.0,0.0,8,163.81,1043.91,6060.9,Quincena_2
5472346483,0,36042.01,22,614.04,POS,20150515,PA,POS,Viernes,15,20010903.0,692.0,M,Personal Plus,30.0,2500000.0,200000.0,1,0.0,0.0,0.0,2,614.04,1043.91,1228.07,Quincena_1
346878819,0,360781.92,23,671.25,POS,20150515,US,MCI,Viernes,15,19950104.0,82.0,M,PYME,56.0,16768583.0,10655639.0,1,0.0,0.0,0.0,9,186.09,4552.41,9490.47,Quincena_1
106240029,1,360955.59,19,1087.01,POS,20150530,CL,MCI,Sabado,30,19971205.0,728.0,M,Preferencial,35.0,9400000.0,1000000.0,1,0.0,0.0,0.0,8,70.39,3782.13,5067.93,Quincena_2
7435469594,0,361021.46,19,91.01,POS,20150501,US,MCI,Viernes,1,19990728.0,963.0,F,Preferencial,53.0,8000000.0,7000000.0,1,0.0,0.0,0.0,4,48.39,4552.41,290.35,Quincena_1
9435469594,0,361021.46,19,91.01,POS,20150501,US,MCI,Viernes,1,19990728.0,963.0,F,Preferencial,53.0,8000000.0,7000000.0,1,0.0,0.0,0.0,4,48.39,4552.41,290.35,Quincena_1
8452084171,0,36103.01,16,213.3,POS,20150527,EC,POS,Miercoles,27,19931022.0,498.0,F,Preferencial,42.0,13000000.0,4000000.0,1,0.0,0.0,0.0,3,121.58,904.81,972.66,Quincena_2
3341673693,0,362267.55,1,659.13,POS,20150503,US,MCI,Domingo,3,19721001.0,156.0,F,Preferencial,59.0,12000000.0,8000000.0,1,0.0,0.0,0.0,3,447.19,4552.41,2683.13,Quincena_1
5641673693,0,362267.55,1,659.13,POS,20150503,US,MCI,Domingo,3,19721001.0,156.0,F,Preferencial,59.0,12000000.0,8000000.0,1,0.0,0.0,0.0,3,447.19,4552.41,2683.13,Quincena_1
9521325708,0,363615.49,2,243.62,POS,20150506,US,MCI,Miercoles,6,19950309.0,929.0,F,Preferencial,75.0,3000000.0,3000000.0,1,0.0,0.0,0.0,4,26.06,4552.41,1251.03,Quincena_1
8037924747,0,363717.08,8,614.04,POS,20150521,US,POS,Jueves,21,19891001.0,210.0,F,Preferencial,53.0,49600000.0,5000000.0,2,18209.64,4552.41,4552.41,3,577.37,4552.41,14434.25,Quincena_2
3752387545,1,364853.8,20,659.13,POS,20150507,HN,MCI,Jueves,7,20060330.0,304.0,F,Personal Plus,37.0,6000000.0,6000000.0,1,0.0,0.0,0.0,3,481.71,2004.01,1926.84,Quincena_1
8522366138,0,365221.52,19,1.0,POS,20150520,US,MCI,Miercoles,20,19940501.0,81.0,F,Personal,69.0,500000.0,0.0,1,0.0,0.0,0.0,1,0.0,4552.41,1.0,Quincena_2
171591342,0,367097.03,11,243.62,POS,20150519,US,POS,Martes,19,19931124.0,929.0,M,Preferencial,54.0,20000000.0,0.0,1,0.0,0.0,0.0,7,86.25,4552.41,2932.55,Quincena_2
6094383669,1,3674459.63,18,243.62,POS,20150516,US,MCI,Sabado,16,19981020.0,639.0,M,Preferencial,42.0,17827000.0,5800000.0,2,9104.82,4552.41,4552.41,4,236.5,4552.41,1892.02,Quincena_2
6467006916,0,367563.36,18,304.29,POS,20150503,US,MCI,Domingo,3,20010118.0,813.0,F,Personal Plus,38.0,5000000.0,2000000.0,2,7709.08,3854.54,3854.54,2,304.29,4552.41,608.58,Quincena_1
8667006916,0,367563.36,18,304.29,POS,20150503,US,MCI,Domingo,3,20010118.0,813.0,F,Personal Plus,38.0,5000000.0,2000000.0,2,7709.08,3854.54,3854.54,2,304.29,4552.41,608.58,Quincena_1
3642897602,1,3679522.08,10,243.62,POS,20150501,US,POS,Viernes,1,19910816.0,152.0,F,Preferencial,47.0,22966944.0,5000000.0,1,0.0,0.0,0.0,2,243.62,4552.41,974.49,Quincena_1
5642897602,1,3679522.08,10,243.62,POS,20150501,US,POS,Viernes,1,19910816.0,152.0,F,Preferencial,47.0,22966944.0,5000000.0,1,0.0,0.0,0.0,2,243.62,4552.41,974.49,Quincena_1
68125093,0,36798.01,9,160.62,POS,20150516,PA,POS,Sabado,16,20011030.0,280.0,M,Personal Plus,36.0,4186000.0,1200000.0,1,0.0,0.0,0.0,7,16.92,1043.91,913.45,Quincena_2
8843728511,0,36814.33,18,23.59,POS,20150530,AR,MCI,Sabado,30,19970929.0,319.0,F,Personal Plus,44.0,3500000.0,3000000.0,2,4308.01,4308.01,4308.01,3,16.96,5265.13,67.85,Quincena_2
7238433160,0,368981.91,22,1.0,POS,20150520,US,MCI,Miercoles,20,20130408.0,967.0,F,PYME,74.0,32000000.0,5000000.0,1,0.0,0.0,0.0,1,0.0,4552.41,1.0,Quincena_2
1043580980,0,370007.47,0,340.09,POS,20150520,US,MCI,Miercoles,20,19941025.0,738.0,F,Preferencial,41.0,25000000.0,22000000.0,2,18209.64,4552.41,4552.41,6,67.96,4552.41,1019.33,Quincena_2
6016651830,0,371574.95,15,1.0,POS,20150511,US,MCI,Lunes,11,19891201.0,967.0,M,Preferencial,57.0,29660000.0,1600000.0,1,0.0,0.0,0.0,1,0.0,4552.41,1.0,Quincena_1
7598546862,0,37336.07,22,330.51,POS,20150504,US,POS,Lunes,4,19901001.0,836.0,M,Preferencial,46.0,9200000.0,2400000.0,2,16328.81,16328.81,16328.81,6,218.38,4552.41,6114.74,Quincena_1
7898546862,0,37336.07,22,330.51,POS,20150504,US,POS,Lunes,4,19901001.0,836.0,M,Preferencial,46.0,9200000.0,2400000.0,2,16328.81,16328.81,16328.81,6,218.38,4552.41,6114.74,Quincena_1
1053008141,0,373947.19,21,1.0,POS,20150519,US,MCI,Martes,19,20040616.0,180.0,F,Personal Plus,31.0,8463000.0,1680000.0,2,18209.64,4552.41,4552.41,1,0.0,4552.41,1.0,Quincena_2
2242891336,1,374529.06,11,243.62,POS,20150512,US,POS,Martes,12,20010523.0,668.0,F,Personal,48.0,0.0,0.0,2,4552.41,4552.41,4552.41,4,127.47,4552.41,637.37,Quincena_1
2412539288,0,377144.92,20,698.52,POS,20150506,US,MCI,Miercoles,6,19860206.0,961.0,M,Preferencial,60.0,20677872.0,500000.0,2,18209.64,4552.41,4552.41,3,692.96,4552.41,9008.48,Quincena_1
8679489668,0,3772656.97,19,733.11,POS,20150530,US,MCI,Sabado,30,20101126.0,40.0,M,Preferencial,46.0,11000000.0,4000000.0,1,0.0,0.0,0.0,8,282.95,4552.41,5376.08,Quincena_2
1298528348,0,3782517.16,20,160.62,POS,20150502,US,MCI,Sabado,2,19890407.0,551.0,M,Emprendedor,46.0,10000000.0,10000000.0,1,0.0,0.0,0.0,3,85.48,4552.41,341.92,Quincena_1
1698528348,0,3782517.16,20,160.62,POS,20150502,US,MCI,Sabado,2,19890407.0,551.0,M,Emprendedor,46.0,10000000.0,10000000.0,1,0.0,0.0,0.0,3,85.48,4552.41,341.92,Quincena_1
3943542589,0,378388.01,11,659.13,POS,20150501,US,POS,Viernes,1,19941221.0,498.0,F,Preferencial,46.0,19405161.0,4000000.0,1,0.0,0.0,0.0,3,85.77,4552.41,1715.37,Quincena_1
6343542589,0,378388.01,11,659.13,POS,20150501,US,POS,Viernes,1,19941221.0,498.0,F,Preferencial,46.0,19405161.0,4000000.0,1,0.0,0.0,0.0,3,85.77,4552.41,1715.37,Quincena_1
2864541356,0,378920.28,2,698.52,POS,20150519,US,MCI,Martes,19,19830617.0,375.0,F,Preferencial,57.0,9561344.0,4000000.0,1,0.0,0.0,0.0,10,123.79,4552.41,4704.06,Quincena_2
9335463171,0,37936.95,1,304.29,POS,20150521,US,MCI,Jueves,21,19740401.0,53.0,F,Personal Plus,65.0,5650000.0,2000000.0,4,27127.77,6781.94,11178.51,5,193.6,4552.41,1742.39,Quincena_2
910014752,0,379379.03,13,659.13,POS,20150516,US,POS,Sabado,16,19990306.0,852.0,M,Personal Plus,35.0,4704017.0,1400000.0,1,0.0,0.0,0.0,11,185.4,4552.41,3893.34,Quincena_2
5616647028,0,381120.02,8,19.67,POS,20150521,US,POS,Jueves,21,19980305.0,77.0,M,Preferencial,55.0,23000000.0,10000000.0,1,0.0,0.0,0.0,2,19.67,4552.41,78.7,Quincena_2
3132523583,1,3818968.85,23,470.23,POS,20150516,US,MCI,Sabado,16,19870701.0,850.0,F,Preferencial,60.0,17000000.0,5000000.0,2,40971.69,4552.41,4552.41,5,176.67,4552.41,1943.42,Quincena_2
5232433753,0,381942.08,13,12.01,POS,20150512,AR,MCI,Martes,12,19830913.0,360.0,F,Personal,67.0,950000.0,950000.0,2,9104.82,4552.41,4552.41,3,11.01,4308.01,110.08,Quincena_1
8471755730,0,38231.08,15,299.9,POS,20150516,US,POS,Sabado,16,20041020.0,536.0,M,Emprendedor,40.0,5000000.0,1500000.0,1,0.0,0.0,0.0,7,175.93,4552.41,2111.13,Quincena_2
8098563411,1,3828108.05,19,243.62,POS,20150530,FR,POS,Sabado,30,19911011.0,167.0,M,Preferencial,42.0,12740000.0,3000000.0,1,0.0,0.0,0.0,7,101.34,8455.65,3749.44,Quincena_2
7131793980,0,38311.07,14,26.82,POS,20150524,US,POS,Domingo,24,20050905.0,588.0,F,Personal Plus,33.0,1500000.0,1200000.0,2,22762.05,4552.41,4552.41,2,26.82,4552.41,53.64,Quincena_2
2080426816,0,38352.02,9,227.0,POS,20150503,US,POS,Domingo,3,19980619.0,543.0,M,Personal Plus,42.0,5000000.0,500000.0,1,0.0,0.0,0.0,7,84.17,4552.41,1346.79,Quincena_1
880426816,0,38352.02,9,227.0,POS,20150503,US,POS,Domingo,3,19980619.0,543.0,M,Personal Plus,42.0,5000000.0,500000.0,1,0.0,0.0,0.0,7,84.17,4552.41,1346.79,Quincena_1
2729108608,0,38375.02,13,304.29,POS,20150517,US,POS,Domingo,17,20010628.0,757.0,F,Personal Plus,36.0,2200000.0,200000.0,1,0.0,0.0,0.0,4,44.41,4552.41,932.71,Quincena_2
1510007514,0,383836.63,14,243.62,POS,20150506,US,MCI,Miercoles,6,20050112.0,255.0,M,Personal Plus,36.0,3500000.0,2000000.0,1,0.0,0.0,0.0,5,39.64,4552.41,554.95,Quincena_1
9398668239,0,38385.83,1,23.59,POS,20150530,US,MCI,Sabado,30,20080603.0,29.0,M,Personal Plus,36.0,3805114.0,800000.0,1,0.0,0.0,0.0,4,13.15,4552.41,105.21,Quincena_2
7380504221,0,38397.51,20,243.62,POS,20150509,UY,MCI,Sabado,9,20100513.0,929.0,M,Preferencial,43.0,50000000.0,15000000.0,9,47184.57,4289.51,7831.08,5,155.25,4446.0,2484.01,Quincena_1
241771315,0,384212.04,11,1.0,POS,20150524,US,POS,Domingo,24,20080919.0,30.0,F,Personal Plus,60.0,3500000.0,2000000.0,2,4552.41,4552.41,4552.41,1,0.0,4552.41,1.0,Quincena_2
3965698767,0,385855.04,18,1.0,POS,20150525,PA,POS,Lunes,25,19920115.0,807.0,F,Personal Plus,44.0,3500000.0,2000000.0,1,0.0,0.0,0.0,1,0.0,1043.91,1.0,Quincena_2
1771273137,0,385919.5,18,12.01,POS,20150501,US,MCI,Viernes,1,20020311.0,362.0,M,Personal Plus,33.0,2500000.0,600000.0,1,0.0,0.0,0.0,4,9.77,4552.41,87.94,Quincena_1
371273137,0,385919.5,18,12.01,POS,20150501,US,MCI,Viernes,1,20020311.0,362.0,M,Personal Plus,33.0,2500000.0,600000.0,1,0.0,0.0,0.0,4,9.77,4552.41,87.94,Quincena_1
6552996726,0,386122.28,0,659.13,POS,20150521,US,MCI,Jueves,21,20051121.0,582.0,F,Emprendedor,31.0,8000000.0,4000000.0,4,35356.57,3214.23,4552.41,3,467.59,4552.41,1402.77,Quincena_2
4222478018,0,386718.08,10,752.52,POS,20150528,US,POS,Jueves,28,20061205.0,919.0,F,Personal Plus,36.0,5000000.0,1700000.0,1,0.0,0.0,0.0,7,122.37,4552.41,4772.37,Quincena_2
5638602074,0,38722.48,20,304.29,POS,20150519,US,MCI,Martes,19,20010804.0,178.0,F,Personal Plus,32.0,9800000.0,2000000.0,2,7709.08,3854.54,3854.54,3,168.07,4552.41,672.3,Quincena_2
1538141350,1,387223.09,15,663.54,POS,20150504,US,POS,Lunes,4,20050311.0,601.0,F,Personal Plus,34.0,1500000.0,400000.0,2,4552.41,4552.41,4552.41,2,663.54,4552.41,663.54,Quincena_1
3438141350,1,387223.09,15,663.54,POS,20150504,US,POS,Lunes,4,20050311.0,601.0,F,Personal Plus,34.0,1500000.0,400000.0,2,4552.41,4552.41,4552.41,2,663.54,4552.41,663.54,Quincena_1
771611478,0,388119.5,16,691.41,POS,20150505,PA,MCI,Martes,5,19931001.0,961.0,M,Preferencial,53.0,34295000.0,12000000.0,4,42652.69,3877.52,7857.49,11,185.37,1043.91,6487.81,Quincena_1
288266544,0,388149.93,18,470.23,POS,20150515,US,MCI,Viernes,15,19790208.0,929.0,M,Preferencial,69.0,20000000.0,5000000.0,3,15715.64,5238.55,7857.49,4,112.29,4552.41,1122.93,Quincena_1
61107060429,0,389238.67,18,304.29,POS,20150506,US,MCI,Miercoles,6,19970708.0,810.0,F,Personal Plus,25.0,3200000.0,100000.0,2,18209.64,4552.41,4552.41,4,72.81,4552.41,1528.95,Quincena_1
9179369584,1,389258.4,15,652.6,POS,20150521,US,MCI,Jueves,21,19901220.0,570.0,M,Personal Plus,49.0,27221000.0,3000000.0,2,9104.82,4552.41,4552.41,3,448.11,4552.41,1792.45,Quincena_2
4241779730,0,389495.07,9,131.71,POS,20150512,US,POS,Martes,12,19880209.0,79.0,F,Preferencial,59.0,7000000.0,3800000.0,1,0.0,0.0,0.0,2,131.71,4552.41,263.43,Quincena_1
81800245950,0,3895679.91,22,12.01,POS,20150505,US,MCI,Martes,5,19991112.0,18.0,M,PYME,37.0,171000000.0,171000000.0,2,18209.64,4552.41,4552.41,4,9.55,4552.41,85.95,Quincena_1
4779690992,0,389835.12,14,243.62,POS,20150530,US,MCI,Sabado,30,19981216.0,313.0,M,Preferencial,39.0,18960002.0,0.0,3,19069.26,3178.21,4552.41,6,82.47,4552.41,2226.64,Quincena_2
7779369584,1,390042.43,17,652.6,POS,20150521,US,MCI,Jueves,21,19901220.0,570.0,M,Personal Plus,49.0,27221000.0,3000000.0,2,9104.82,4552.41,4552.41,3,448.11,4552.41,1792.45,Quincena_2
2943529234,0,39030.93,23,177.03,POS,20150506,US,MCI,Miercoles,6,19890712.0,268.0,F,Emprendedor,47.0,5500000.0,2200000.0,1,0.0,0.0,0.0,3,100.31,4552.41,401.23,Quincena_1
3498661548,0,390552.68,22,461.26,POS,20150506,US,MCI,Miercoles,6,19970318.0,366.0,M,Preferencial,38.0,10000000.0,4000000.0,2,27314.46,4552.41,4552.41,6,61.38,4552.41,797.9,Quincena_1
2810934535,0,39083.04,17,279.77,POS,20150525,US,POS,Lunes,25,19970717.0,259.0,M,Personal Plus,35.0,12400000.0,5900000.0,2,13657.23,4552.41,4552.41,3,107.68,4552.41,1184.46,Quincena_2
9210292433,0,391105.38,1,782.14,POS,20150515,US,MCI,Viernes,15,20040628.0,868.0,M,Preferencial,34.0,15000000.0,5000000.0,1,0.0,0.0,0.0,7,237.64,4690.58,4277.48,Quincena_1
1451697679,0,39126.15,0,711.63,POS,20150503,US,MCI,Domingo,3,19930615.0,661.0,F,Personal Plus,52.0,7200000.0,0.0,1,0.0,0.0,0.0,5,449.66,4552.41,3597.31,Quincena_1
251697679,0,39126.15,0,711.63,POS,20150503,US,MCI,Domingo,3,19930615.0,661.0,F,Personal Plus,52.0,7200000.0,0.0,1,0.0,0.0,0.0,5,449.66,4552.41,3597.31,Quincena_1
4632299532,0,391706.05,17,23.59,POS,20150515,US,POS,Viernes,15,20100831.0,693.0,F,Preferencial,30.0,17600000.0,3500000.0,1,0.0,0.0,0.0,4,13.57,4552.41,108.57,Quincena_1
7052696970,0,39230.07,17,61.45,POS,20150505,US,POS,Martes,5,20051025.0,661.0,F,Preferencial,35.0,10500000.0,3450000.0,3,27648.32,3949.76,4552.41,2,61.45,4552.41,122.9,Quincena_1
62300237898,0,392572.36,16,614.04,POS,20150506,US,MCI,Miercoles,6,19890814.0,961.0,F,Preferencial,56.0,11000000.0,4500000.0,3,24370.75,6092.69,7632.97,2,614.04,4552.41,1228.07,Quincena_1
288734639,1,392788.27,12,698.52,ATM_INT,20150501,US,ATM_INT,Viernes,1,19950510.0,770.0,M,Personal Plus,51.0,4000000.0,3500000.0,1,0.0,0.0,0.0,3,632.81,4552.41,5695.31,Quincena_1
5953014752,0,393289.01,15,1.0,POS,20150505,US,POS,Martes,5,20111012.0,640.0,F,Personal Plus,31.0,5516700.0,1800000.0,2,18209.64,4552.41,4552.41,1,0.0,4552.41,1.0,Quincena_1
8121325708,0,39395.94,17,243.62,POS,20150506,US,MCI,Miercoles,6,19950309.0,929.0,F,Preferencial,75.0,3000000.0,3000000.0,1,0.0,0.0,0.0,4,26.06,4552.41,1251.03,Quincena_1
4743626489,0,395589.14,23,243.62,POS,20150513,US,MCI,Miercoles,13,19960429.0,375.0,F,Personal Plus,39.0,6500000.0,4000000.0,4,61592.78,5132.73,8455.65,8,22.79,4552.41,979.95,Quincena_1
39771025,1,395654.16,1,652.51,ATM_INT,20150506,US,ATM_INT,Miercoles,6,20070607.0,69.0,M,Personal Plus,30.0,4700000.0,2500000.0,1,0.0,0.0,0.0,4,257.03,4552.41,2056.24,Quincena_1
1443071124,0,395735.16,14,1.0,POS,20150503,US,MCI,Domingo,3,19860710.0,319.0,F,Preferencial,51.0,41000000.0,20000000.0,3,21684.07,1971.28,3854.54,1,0.0,4552.41,1.0,Quincena_1
9443071124,0,395735.16,14,1.0,POS,20150503,US,MCI,Domingo,3,19860710.0,319.0,F,Preferencial,51.0,41000000.0,20000000.0,3,21684.07,1971.28,3854.54,1,0.0,4552.41,1.0,Quincena_1
932526552,0,396398.5,20,340.09,POS,20150519,US,MCI,Martes,19,19910222.0,850.0,F,Preferencial,60.0,0.0,0.0,1,0.0,0.0,0.0,6,58.9,4552.41,2473.75,Quincena_2
3443626489,0,396647.9,22,243.62,POS,20150513,US,MCI,Miercoles,13,19960429.0,375.0,F,Personal Plus,39.0,6500000.0,4000000.0,4,61592.78,5132.73,8455.65,8,22.79,4552.41,979.95,Quincena_1
7253008141,0,396881.33,0,1.0,POS,20150519,US,MCI,Martes,19,20040616.0,180.0,F,Personal Plus,31.0,8463000.0,1680000.0,2,18209.64,4552.41,4552.41,1,0.0,4552.41,1.0,Quincena_2
832329938,0,3970718.4,21,10.34,POS,20150522,MX,MCI,Viernes,22,19891114.0,268.0,F,Personal Plus,65.0,2948917.0,1000000.0,1,0.0,0.0,0.0,4,7.47,3854.54,149.34,Quincena_2
2943271969,0,39875.79,22,279.53,POS,20150503,US,MCI,Domingo,3,20070619.0,527.0,F,Personal Plus,33.0,2500000.0,1000000.0,2,4008.02,2004.01,2004.01,3,151.56,4552.41,606.23,Quincena_1
3043271969,0,39875.79,22,279.53,POS,20150503,US,MCI,Domingo,3,20070619.0,527.0,F,Personal Plus,33.0,2500000.0,1000000.0,2,4008.02,2004.01,2004.01,3,151.56,4552.41,606.23,Quincena_1
4833201672,0,39976.78,23,614.04,POS,20150501,US,MCI,Viernes,1,19990405.0,484.0,F,Personal Plus,27.0,10000000.0,4000000.0,4,13146.91,2629.38,4552.41,2,614.04,4552.41,2456.15,Quincena_1
8733201672,0,39976.78,23,614.04,POS,20150501,US,MCI,Viernes,1,19990405.0,484.0,F,Personal Plus,27.0,10000000.0,4000000.0,4,13146.91,2629.38,4552.41,2,614.04,4552.41,2456.15,Quincena_1
45382108,0,400011.23,10,61.45,POS,20150530,US,MCI,Sabado,30,20100708.0,498.0,M,Preferencial,35.0,21143357.0,10000000.0,5,49912.1,4991.21,9793.85,3,29.4,4552.41,323.39,Quincena_2
6879914759,1,400205.52,21,659.13,ATM_INT,20150514,BR,ATM_INT,Jueves,14,20130626.0,582.0,M,Emprendedor,35.0,8008000.0,500000.0,1,0.0,0.0,0.0,4,383.48,2443.14,2684.38,Quincena_1
2442883556,0,400212.03,16,23.59,POS,20150515,US,MCI,Viernes,15,19791220.0,19.0,F,PYME,50.0,867000000.0,842000000.0,1,0.0,0.0,0.0,2,23.59,4552.41,235.86,Quincena_1
9316760607,0,4005294.1,19,1.0,POS,20150506,US,MCI,Miercoles,6,19960327.0,967.0,M,Preferencial,46.0,22000000.0,2000000.0,4,15452.28,5150.76,8701.13,1,0.0,4552.41,1.0,Quincena_1
2971779349,0,40090.08,19,23.59,POS,20150515,US,POS,Viernes,15,19991008.0,613.0,M,Personal Plus,37.0,3262015.0,180000.0,1,0.0,0.0,0.0,4,12.95,4552.41,103.6,Quincena_1
1052646500,0,40171.01,22,243.62,POS,20150519,US,POS,Martes,19,20120423.0,498.0,F,Preferencial,41.0,1800000.0,500000.0,2,15714.99,7857.49,7857.49,4,143.75,4552.41,1149.99,Quincena_2
38678984,0,402131.67,0,659.13,POS,20150521,US,MCI,Jueves,21,19910330.0,961.0,M,Preferencial,57.0,44000000.0,727000.0,2,4552.41,4552.41,4552.41,3,253.16,4552.41,1518.96,Quincena_2
1743400901,0,402288.08,13,19.57,POS,20150511,US,POS,Lunes,11,20020705.0,541.0,F,Personal Plus,34.0,2100000.0,300000.0,2,9104.82,4552.41,4552.41,4,14.08,4552.41,154.92,Quincena_1
8652800161,0,40238.08,17,733.11,POS,20150524,US,POS,Domingo,24,20120723.0,640.0,F,Personal Plus,34.0,6000000.0,1500000.0,1,0.0,0.0,0.0,5,461.44,4552.41,3691.55,Quincena_2
5394456341,1,4027814.37,20,314.13,POS,20150516,US,MCI,Sabado,16,19991201.0,156.0,M,Preferencial,39.0,31984251.0,17900000.0,3,10141.52,3380.51,4552.41,5,137.71,4552.41,688.56,Quincena_2
4842882316,0,402941.08,20,10.34,POS,20150503,US,POS,Domingo,3,20000208.0,230.0,F,Preferencial,50.0,5000000.0,4500000.0,2,4886.27,2443.14,2443.14,2,10.34,4552.41,10.34,Quincena_1
5242882316,0,402941.08,20,10.34,POS,20150503,US,POS,Domingo,3,20000208.0,230.0,F,Preferencial,50.0,5000000.0,4500000.0,2,4886.27,2443.14,2443.14,2,10.34,4552.41,10.34,Quincena_1
3798552025,0,403254.76,19,10.34,POS,20150506,US,MCI,Miercoles,6,19971016.0,344.0,M,Personal Plus,45.0,3600000.0,1300000.0,1,0.0,0.0,0.0,2,10.34,4552.41,20.67,Quincena_1
8349765300,0,4036491.48,0,532.78,POS,20150521,US,MCI,Jueves,21,19971009.0,524.0,F,PYME,44.0,190148500.0,209727500.0,2,9104.82,4552.41,4552.41,2,532.78,4552.41,532.78,Quincena_2
1810934535,0,40377.09,16,279.77,POS,20150525,US,POS,Lunes,25,19970717.0,259.0,M,Personal Plus,35.0,12400000.0,5900000.0,2,13657.23,4552.41,4552.41,3,107.68,4552.41,1184.46,Quincena_2
9336302872,0,404251.68,16,234.42,POS,20150513,US,MCI,Miercoles,13,20000609.0,534.0,F,PYME,34.0,56666000.0,37600750.0,1,0.0,0.0,0.0,3,219.46,4552.41,1316.79,Quincena_1
6012539288,0,405177.11,20,698.52,POS,20150506,US,MCI,Miercoles,6,19860206.0,961.0,M,Preferencial,60.0,20677872.0,500000.0,2,18209.64,4552.41,4552.41,3,692.96,4552.41,9008.48,Quincena_1
9132638956,0,40626.08,13,1.0,POS,20150525,US,POS,Lunes,25,19830728.0,769.0,F,Personal Plus,59.0,6000000.0,5000000.0,1,0.0,0.0,0.0,1,0.0,4552.41,1.0,Quincena_2
3843454595,0,406925.04,14,188.55,POS,20150503,US,POS,Domingo,3,20110204.0,553.0,F,Personal Plus,32.0,2797638.0,500000.0,1,0.0,0.0,0.0,4,83.97,4552.41,419.86,Quincena_1
6443454595,0,406925.04,14,188.55,POS,20150503,US,POS,Domingo,3,20110204.0,553.0,F,Personal Plus,32.0,2797638.0,500000.0,1,0.0,0.0,0.0,4,83.97,4552.41,419.86,Quincena_1
2252862913,0,40738.07,13,451.34,POS,20150505,US,POS,Martes,5,20050913.0,245.0,F,Preferencial,33.0,8881000.0,2000000.0,2,4175.65,1043.91,1043.91,7,165.09,4552.41,2806.45,Quincena_1
7066859620,0,407488.79,21,277.48,POS,20150506,US,MCI,Miercoles,6,19911210.0,60.0,F,Preferencial,41.0,16000000.0,4000000.0,3,45003.92,7500.65,13397.14,3,152.15,4552.41,608.6,Quincena_1
452999617,1,408819.6,19,74.29,ATM_INT,20150521,US,ATM_INT,Jueves,21,20070910.0,574.0,F,Personal Plus,31.0,5000000.0,0.0,2,7709.08,3854.54,3854.54,2,74.29,4552.41,148.59,Quincena_2
2535469594,0,410117.87,21,91.01,POS,20150501,US,MCI,Viernes,1,19990728.0,963.0,F,Preferencial,53.0,8000000.0,7000000.0,1,0.0,0.0,0.0,4,48.39,4552.41,290.35,Quincena_1
3635469594,0,410117.87,21,91.01,POS,20150501,US,MCI,Viernes,1,19990728.0,963.0,F,Preferencial,53.0,8000000.0,7000000.0,1,0.0,0.0,0.0,4,48.39,4552.41,290.35,Quincena_1
7049716272,0,410448.68,20,626.82,POS,20150516,US,MCI,Sabado,16,20120607.0,523.0,F,Preferencial,32.0,5000000.0,1000000.0,2,4552.41,4552.41,4552.41,2,626.82,4552.41,3134.08,Quincena_2
6852403292,0,410500.04,17,221.58,POS,20150524,US,POS,Domingo,24,20030303.0,304.0,F,Personal Plus,39.0,7000000.0,5000000.0,1,0.0,0.0,0.0,2,221.58,4552.41,443.16,Quincena_2
7721323525,1,410522.25,20,243.62,POS,20150530,US,MCI,Sabado,30,19781218.0,738.0,F,Personal Plus,80.0,8500000.0,2000000.0,1,0.0,0.0,0.0,4,54.52,4552.41,599.68,Quincena_2
1552087868,0,41075.03,17,91.01,POS,20150518,PA,POS,Lunes,18,20001212.0,167.0,F,Personal Plus,37.0,2108900.0,0.0,1,0.0,0.0,0.0,3,57.16,1043.91,228.64,Quincena_2
3241673693,0,410969.69,0,659.13,POS,20150503,US,MCI,Domingo,3,19721001.0,156.0,F,Preferencial,59.0,12000000.0,8000000.0,1,0.0,0.0,0.0,3,447.19,4552.41,2683.13,Quincena_1
3298668239,0,411552.74,19,23.59,POS,20150530,US,MCI,Sabado,30,20080603.0,29.0,M,Personal Plus,36.0,3805114.0,800000.0,1,0.0,0.0,0.0,4,13.15,4552.41,105.21,Quincena_2
8731793980,0,411745.01,14,26.82,POS,20150524,US,POS,Domingo,24,20050905.0,588.0,F,Personal Plus,33.0,1500000.0,1200000.0,2,22762.05,4552.41,4552.41,2,26.82,4552.41,53.64,Quincena_2
766878819,0,411937.75,23,671.25,POS,20150515,US,MCI,Viernes,15,19950104.0,82.0,M,PYME,56.0,16768583.0,10655639.0,1,0.0,0.0,0.0,9,186.09,4552.41,9490.47,Quincena_1
5166982670,1,41267.36,11,304.29,POS,20150513,BR,MCI,Miercoles,13,20100906.0,967.0,F,Preferencial,38.0,12000000.0,5000000.0,1,0.0,0.0,0.0,3,60.77,2443.14,911.62,Quincena_1
1571277743,0,41374.09,12,340.09,POS,20150515,PA,POS,Viernes,15,20011022.0,274.0,M,Personal Plus,32.0,1700000.0,700000.0,1,0.0,0.0,0.0,7,97.57,8199.08,1366.01,Quincena_1
8232478375,1,413749.7,23,1.0,ATM_INT,20150515,CW,ATM_INT,Viernes,15,19880302.0,543.0,F,Personal Plus,64.0,2100000.0,400000.0,1,0.0,0.0,0.0,1,0.0,2443.14,1.0,Quincena_1
1780871920,0,415432.05,9,659.13,ATM_INT,20150506,CL,ATM_INT,Miercoles,6,20120329.0,649.0,M,Personal Plus,30.0,4600000.0,1000000.0,2,9104.82,4552.41,4552.41,6,95.99,3782.13,2207.84,Quincena_1
473100947,0,41653.02,23,659.13,POS,20150511,US,POS,Lunes,11,19940928.0,699.0,M,Preferencial,54.0,15326300.0,10000000.0,2,7709.08,3854.54,3854.54,6,212.13,4552.41,2121.26,Quincena_1
5432524923,0,41722.52,15,1.0,POS,20150526,US,MCI,Martes,26,19931014.0,245.0,F,Personal Plus,58.0,9000000.0,6000000.0,3,12573.96,3143.49,4552.41,1,0.0,4552.41,1.0,Quincena_2
9042108697,0,417884.17,16,178.36,POS,20150519,US,MCI,Martes,19,19980420.0,73.0,F,Preferencial,41.0,9028495.0,1000000.0,1,0.0,0.0,0.0,4,64.64,4552.41,517.11,Quincena_2
32900329151,0,419139.51,0,330.51,POS,20150516,US,MCI,Sabado,16,20120821.0,850.0,M,PYME,32.0,8321600.0,2084666.0,1,0.0,0.0,0.0,8,148.43,4552.41,3710.79,Quincena_2
8743159106,0,419578.68,21,243.62,POS,20150515,US,MCI,Viernes,15,20000802.0,245.0,F,Preferencial,36.0,16300000.0,6300000.0,2,7564.25,3782.13,3782.13,4,41.34,4552.41,2521.52,Quincena_1
79371354,0,420230.04,14,671.25,POS,20150512,US,POS,Martes,12,20090831.0,248.0,M,Preferencial,51.0,33550000.0,1000000.0,2,5231.32,1743.77,1743.77,3,601.43,4552.41,16840.17,Quincena_1
3171396099,1,42126.07,19,216.33,POS,20150519,US,POS,Martes,19,19960723.0,541.0,M,Preferencial,39.0,20217499.0,2000000.0,2,9104.82,4552.41,4552.41,6,28.05,4552.41,813.41,Quincena_2
3216782603,0,42172.25,19,304.29,POS,20150501,US,MCI,Viernes,1,19950804.0,737.0,M,Preferencial,45.0,7663500.0,8000000.0,2,4886.27,2443.14,2443.14,2,304.29,4552.41,608.58,Quincena_1
8916782603,0,42172.25,19,304.29,POS,20150501,US,MCI,Viernes,1,19950804.0,737.0,M,Preferencial,45.0,7663500.0,8000000.0,2,4886.27,2443.14,2443.14,2,304.29,4552.41,608.58,Quincena_1
1871315454,0,4231.82,21,662.36,POS,20150503,US,MCI,Domingo,3,19990521.0,543.0,M,Personal Plus,35.0,6117244.0,900000.0,1,0.0,0.0,0.0,20,124.35,4552.41,6963.34,Quincena_1
4971315454,0,4231.82,21,662.36,POS,20150503,US,MCI,Domingo,3,19990521.0,543.0,M,Personal Plus,35.0,6117244.0,900000.0,1,0.0,0.0,0.0,20,124.35,4552.41,6963.34,Quincena_1
19425330,0,42319.06,5,23.59,POS,20150525,US,POS,Lunes,25,20130204.0,29.0,M,Preferencial,38.0,26565329.0,7000000.0,2,9104.82,4552.41,4552.41,3,16.46,4552.41,65.86,Quincena_2
5951604257,1,424167.01,16,300.59,POS,20150523,US,POS,Sabado,23,20031205.0,101.0,F,Personal Plus,57.0,9900000.0,4500000.0,1,0.0,0.0,0.0,3,195.8,4552.41,783.2,Quincena_2
5541779730,0,424691.09,8,131.71,POS,20150512,US,POS,Martes,12,19880209.0,79.0,F,Preferencial,59.0,7000000.0,3800000.0,1,0.0,0.0,0.0,2,131.71,4552.41,263.43,Quincena_1
9543867399,0,424916.06,16,37.71,POS,20150514,US,POS,Jueves,14,19981123.0,342.0,F,Personal Plus,35.0,1000000.0,1500000.0,1,0.0,0.0,0.0,4,11.89,4552.41,297.25,Quincena_1
8598563411,1,4253453.09,21,243.62,POS,20150530,FR,POS,Sabado,30,19911011.0,167.0,M,Preferencial,42.0,12740000.0,3000000.0,1,0.0,0.0,0.0,7,101.34,8455.65,3749.44,Quincena_2
5638141350,1,425958.02,15,663.54,POS,20150504,US,POS,Lunes,4,20050311.0,601.0,F,Personal Plus,34.0,1500000.0,400000.0,2,4552.41,4552.41,4552.41,2,663.54,4552.41,663.54,Quincena_1
8638141350,1,425958.02,15,663.54,POS,20150504,US,POS,Lunes,4,20050311.0,601.0,F,Personal Plus,34.0,1500000.0,400000.0,2,4552.41,4552.41,4552.41,2,663.54,4552.41,663.54,Quincena_1
2871266576,0,426220.09,18,996.19,POS,20150504,US,POS,Lunes,4,20060511.0,2.0,M,Personal Plus,33.0,5000000.0,0.0,2,9104.82,4552.41,4552.41,5,420.44,4552.41,3783.99,Quincena_1
9471266576,0,426220.09,18,996.19,POS,20150504,US,POS,Lunes,4,20060511.0,2.0,M,Personal Plus,33.0,5000000.0,0.0,2,9104.82,4552.41,4552.41,5,420.44,4552.41,3783.99,Quincena_1
1498543791,0,426912.98,19,540.75,POS,20150519,US,MCI,Martes,19,19920505.0,850.0,M,Preferencial,46.0,58800000.0,4555000.0,1,0.0,0.0,0.0,8,100.97,4552.41,5048.74,Quincena_2
8638984001,0,427638.03,20,1.0,POS,20150525,US,POS,Lunes,25,20030325.0,810.0,F,PYME,71.0,25000000.0,19000000.0,1,0.0,0.0,0.0,1,0.0,4552.41,1.0,Quincena_2
9391507491,0,429219.1,6,733.11,POS,20150511,US,MCI,Lunes,11,20100510.0,20.0,M,PYME,33.0,27127000.0,1350000.0,2,4552.41,4552.41,4552.41,11,214.86,4552.41,8164.69,Quincena_1
3643542589,0,4302244.82,22,659.13,POS,20150501,US,MCI,Viernes,1,19941221.0,498.0,F,Preferencial,46.0,19405161.0,4000000.0,1,0.0,0.0,0.0,3,85.77,4552.41,1715.37,Quincena_1
5243542589,0,4302244.82,22,659.13,POS,20150501,US,MCI,Viernes,1,19941221.0,498.0,F,Preferencial,46.0,19405161.0,4000000.0,1,0.0,0.0,0.0,3,85.77,4552.41,1715.37,Quincena_1
6943159106,0,432505.8,18,243.62,POS,20150515,US,MCI,Viernes,15,20000802.0,245.0,F,Preferencial,36.0,16300000.0,6300000.0,2,7564.25,3782.13,3782.13,4,41.34,4552.41,2521.52,Quincena_1
7266972106,0,43295.05,13,1.0,POS,20150502,US,POS,Sabado,2,19941026.0,722.0,F,Personal Plus,39.0,3500000.0,150000.0,2,9104.82,4552.41,4552.41,1,0.0,4552.41,1.0,Quincena_1
5332257399,0,433569.38,16,26.6,POS,20150528,US,MCI,Jueves,28,20030722.0,310.0,F,Emprendedor,32.0,1900000.0,800000.0,3,22900.22,3816.7,4552.41,2,26.6,4552.41,26.6,Quincena_2
808678984,0,434175.75,23,659.13,POS,20150521,US,MCI,Jueves,21,19910330.0,961.0,M,Preferencial,57.0,44000000.0,727000.0,2,4552.41,4552.41,4552.41,3,253.16,4552.41,1518.96,Quincena_2
5952816106,1,434619.49,0,243.62,POS,20150504,US,MCI,Lunes,4,20010626.0,379.0,F,Personal Plus,32.0,12057692.0,150786528.0,2,6263.47,1043.91,1043.91,3,170.28,4552.41,510.83,Quincena_1
8952816106,1,434619.49,0,243.62,POS,20150504,US,MCI,Lunes,4,20010626.0,379.0,F,Personal Plus,32.0,12057692.0,150786528.0,2,6263.47,1043.91,1043.91,3,170.28,4552.41,510.83,Quincena_1
6179951442,0,43653.07,9,498.04,POS,20150501,US,POS,Viernes,1,20040820.0,586.0,M,Personal Plus,36.0,2800000.0,1600000.0,2,4552.41,4552.41,4552.41,5,195.83,4552.41,2349.94,Quincena_1
8179951442,0,43653.07,9,498.04,POS,20150501,US,POS,Viernes,1,20040820.0,586.0,M,Personal Plus,36.0,2800000.0,1600000.0,2,4552.41,4552.41,4552.41,5,195.83,4552.41,2349.94,Quincena_1
61072640538,0,437230.76,21,27.29,ATM_INT,20150508,US,ATM_INT,Viernes,8,19971120.0,122.0,F,Personal Plus,29.0,3000000.0,1200000.0,1,0.0,0.0,0.0,3,25.96,4552.41,77.88,Quincena_1
6398668239,0,437289.28,17,23.59,POS,20150530,US,MCI,Sabado,30,20080603.0,29.0,M,Personal Plus,36.0,3805114.0,800000.0,1,0.0,0.0,0.0,4,13.15,4552.41,105.21,Quincena_2
1371746727,0,437486.83,18,243.62,POS,20150519,US,MCI,Martes,19,19950127.0,344.0,M,Preferencial,40.0,23000000.0,10000000.0,1,0.0,0.0,0.0,3,163.01,4552.41,489.03,Quincena_2
6222655718,0,440382.01,16,61.45,POS,20150501,US,POS,Viernes,1,20020924.0,434.0,F,Personal Plus,33.0,1595993.0,150000.0,1,0.0,0.0,0.0,2,61.45,4552.41,122.9,Quincena_1
822655718,0,440382.01,16,61.45,POS,20150501,US,POS,Viernes,1,20020924.0,434.0,F,Personal Plus,33.0,1595993.0,150000.0,1,0.0,0.0,0.0,2,61.45,4552.41,122.9,Quincena_1
5879489668,0,4405.35,0,733.11,POS,20150530,US,MCI,Sabado,30,20101126.0,40.0,M,Preferencial,46.0,11000000.0,4000000.0,1,0.0,0.0,0.0,8,282.95,4552.41,5376.08,Quincena_2
110007514,0,440558.02,15,243.62,POS,20150506,US,MCI,Miercoles,6,20050112.0,255.0,M,Personal Plus,36.0,3500000.0,2000000.0,1,0.0,0.0,0.0,5,39.64,4552.41,554.95,Quincena_1
7398543791,0,441325.28,21,540.75,POS,20150519,US,MCI,Martes,19,19920505.0,850.0,M,Preferencial,46.0,58800000.0,4555000.0,1,0.0,0.0,0.0,8,100.97,4552.41,5048.74,Quincena_2
3966952988,1,441617.88,1,304.29,ATM_INT,20150506,US,ATM_INT,Miercoles,6,20120420.0,60.0,F,Personal Plus,39.0,3001000.0,900000.0,1,0.0,0.0,0.0,2,304.29,4552.41,1217.17,Quincena_1
8032526552,0,442315.07,0,340.09,POS,20150519,US,MCI,Martes,19,19910222.0,850.0,F,Preferencial,60.0,0.0,0.0,1,0.0,0.0,0.0,6,58.9,4552.41,2473.75,Quincena_2
7980187136,0,442944.34,16,733.11,POS,20150513,US,MCI,Miercoles,13,20020530.0,167.0,M,Personal Plus,32.0,3000000.0,0.0,4,22452.96,3742.16,4552.41,2,733.11,4552.41,1466.21,Quincena_1
9238249027,0,443035.03,14,1217.57,POS,20150517,US,POS,Domingo,17,19940819.0,869.0,F,Preferencial,54.0,11600000.0,2500000.0,3,23095.91,3849.32,4552.41,7,511.43,4552.41,7160.06,Quincena_2
6471787702,0,443079.09,10,330.51,POS,20150514,US,POS,Jueves,14,19961218.0,430.0,M,Personal Plus,38.0,8372700.0,4000000.0,1,0.0,0.0,0.0,5,47.92,4552.41,1629.26,Quincena_1
696878819,0,443318.45,20,671.25,POS,20150515,US,MCI,Viernes,15,19950104.0,82.0,M,PYME,56.0,16768583.0,10655639.0,1,0.0,0.0,0.0,9,186.09,4552.41,9490.47,Quincena_1
6498712664,0,44355.02,11,461.26,POS,20150512,US,POS,Martes,12,20040610.0,21.0,M,Preferencial,30.0,4500000.0,1300000.0,1,0.0,0.0,0.0,8,125.25,4552.41,3506.89,Quincena_1
921066858,0,44502.09,9,304.29,POS,20150506,US,POS,Miercoles,6,19990503.0,193.0,F,Preferencial,61.0,15000000.0,8000000.0,3,29372.22,5874.44,7857.49,3,182.87,4552.41,731.48,Quincena_1
293309915,1,445191.14,21,23.59,POS,20150524,US,MCI,Domingo,24,19900701.0,611.0,M,Preferencial,78.0,14280708.0,4500000.0,1,0.0,0.0,0.0,4,13.92,4552.41,139.15,Quincena_2
6410292433,0,44572.13,17,782.14,POS,20150515,US,MCI,Viernes,15,20040628.0,868.0,M,Preferencial,34.0,15000000.0,5000000.0,1,0.0,0.0,0.0,7,237.64,4690.58,4277.48,Quincena_1
1218616986,0,445721.26,23,289.8,POS,20150515,US,MCI,Viernes,15,20050421.0,634.0,M,Preferencial,34.0,5000000.0,3800000.0,1,0.0,0.0,0.0,11,77.38,4552.41,3327.16,Quincena_1
2739570357,0,446925.04,15,698.52,POS,20150504,AW,POS,Lunes,4,19971119.0,517.0,F,Preferencial,40.0,8900000.0,700000.0,1,0.0,0.0,0.0,3,472.62,971.23,3308.37,Quincena_1
739570357,0,446925.04,15,698.52,POS,20150504,AW,POS,Lunes,4,19971119.0,517.0,F,Preferencial,40.0,8900000.0,700000.0,1,0.0,0.0,0.0,3,472.62,971.23,3308.37,Quincena_1
5071709716,0,447048.09,15,243.62,POS,20150505,US,POS,Martes,5,19960510.0,279.0,M,Personal Plus,45.0,6130000.0,3000000.0,2,9104.82,4552.41,4552.41,7,33.99,4552.41,713.81,Quincena_1
71140856076,0,447164.02,11,61.45,POS,20150502,US,POS,Sabado,2,20030109.0,777.0,F,Personal,23.0,160000.0,0.0,1,0.0,0.0,0.0,2,61.45,4552.41,122.9,Quincena_1
6998669307,1,4494560.33,17,340.09,POS,20150519,US,MCI,Martes,19,20020604.0,436.0,M,Preferencial,36.0,4847473.0,1000000.0,1,0.0,0.0,0.0,7,26.57,4552.41,1673.68,Quincena_2
3579690992,0,45006.74,19,243.62,POS,20150530,US,MCI,Sabado,30,19981216.0,313.0,M,Preferencial,39.0,18960002.0,0.0,3,19069.26,3178.21,4552.41,6,82.47,4552.41,2226.64,Quincena_2
66371354,0,452003.08,13,671.25,POS,20150512,US,POS,Martes,12,20090831.0,248.0,M,Preferencial,51.0,33550000.0,1000000.0,2,5231.32,1743.77,1743.77,3,601.43,4552.41,16840.17,Quincena_1
7071586559,0,45256.09,13,1.0,POS,20150517,US,POS,Domingo,17,20000929.0,614.0,M,Personal Plus,55.0,5498900.0,3350000.0,1,0.0,0.0,0.0,1,0.0,4552.41,1.0,Quincena_2
6272311799,0,453284.44,19,1.0,POS,20150506,US,MCI,Miercoles,6,19990814.0,548.0,M,Preferencial,34.0,14000000.0,2000000.0,1,0.0,0.0,0.0,1,0.0,4552.41,1.0,Quincena_1
375199626,0,453301.05,8,294.4,POS,20150502,EC,POS,Sabado,2,19990830.0,879.0,M,PYME,71.0,503916000.0,483083000.0,2,4175.65,1043.91,1043.91,4,200.95,904.81,2612.33,Quincena_1
95199626,0,453301.05,8,294.4,POS,20150502,EC,POS,Sabado,2,19990830.0,879.0,M,PYME,71.0,503916000.0,483083000.0,2,4175.65,1043.91,1043.91,4,200.95,904.81,2612.33,Quincena_1
7679952700,0,453484.4,20,78.34,POS,20150508,US,MCI,Viernes,8,20120504.0,666.0,M,Personal Plus,35.0,5000000.0,4000000.0,2,45524.1,4552.41,4552.41,2,78.34,4552.41,78.34,Quincena_1
4379246260,0,453883.64,4,659.13,POS,20150520,US,MCI,Miercoles,20,19950517.0,582.0,M,Preferencial,45.0,6000000.0,19218000.0,1,0.0,0.0,0.0,14,166.86,4552.41,7508.49,Quincena_2
5971700131,0,454962.04,19,591.73,POS,20150522,US,POS,Viernes,22,19970825.0,279.0,M,Personal Plus,47.0,3000000.0,1300000.0,1,0.0,0.0,0.0,17,197.11,4552.41,10249.76,Quincena_2
4643678243,0,45564.01,17,243.62,POS,20150502,US,POS,Sabado,2,19960923.0,298.0,F,Preferencial,45.0,17000000.0,2000000.0,1,0.0,0.0,0.0,5,106.43,4552.41,1490.02,Quincena_1
8143678243,0,45564.01,17,243.62,POS,20150502,US,POS,Sabado,2,19960923.0,298.0,F,Preferencial,45.0,17000000.0,2000000.0,1,0.0,0.0,0.0,5,106.43,4552.41,1490.02,Quincena_1
3732491455,0,455644.86,0,461.26,POS,20150515,US,MCI,Viernes,15,19840827.0,929.0,F,Preferencial,62.0,5800000.0,1000000.0,3,19434.45,6478.15,7511.72,4,80.01,4552.41,1120.08,Quincena_1
6471737346,0,456117.11,17,604.69,POS,20150503,US,MCI,Domingo,3,19970709.0,267.0,M,Preferencial,42.0,20000000.0,18000000.0,3,5265.86,1053.17,1162.89,5,122.32,4552.41,3058.06,Quincena_1
9271737346,0,456117.11,17,604.69,POS,20150503,US,MCI,Domingo,3,19970709.0,267.0,M,Preferencial,42.0,20000000.0,18000000.0,3,5265.86,1053.17,1162.89,5,122.32,4552.41,3058.06,Quincena_1
4214883623,0,456463.08,17,1165.74,POS,20150516,AW,POS,Sabado,16,19940314.0,967.0,M,Preferencial,53.0,12500000.0,9500000.0,1,0.0,0.0,0.0,2,1165.74,971.23,2331.48,Quincena_2
3179597972,0,45735.09,23,1.0,POS,20150514,US,POS,Jueves,14,20031202.0,49.0,M,Personal Plus,43.0,2500000.0,0.0,2,9104.82,4552.41,4552.41,1,0.0,4552.41,1.0,Quincena_1
8032798579,0,457463.95,18,1.0,POS,20150526,US,MCI,Martes,26,20140425.0,483.0,F,Personal Plus,38.0,2000000.0,0.0,1,0.0,0.0,0.0,1,0.0,4552.41,1.0,Quincena_2
3988000369,0,457512.69,23,659.33,POS,20150530,US,MCI,Sabado,30,20061107.0,363.0,M,Personal Plus,52.0,28225000.0,0.0,1,0.0,0.0,0.0,3,429.56,4552.41,1718.24,Quincena_2
2871777582,0,457611.02,12,273.76,POS,20150516,US,POS,Sabado,16,19971029.0,310.0,M,Personal Plus,39.0,6000000.0,2000000.0,2,18209.64,4552.41,4552.41,3,106.98,4552.41,641.87,Quincena_2
4912539288,0,458443.14,21,698.52,POS,20150506,US,MCI,Miercoles,6,19860206.0,961.0,M,Preferencial,60.0,20677872.0,500000.0,2,18209.64,4552.41,4552.41,3,692.96,4552.41,9008.48,Quincena_1
8743400901,0,459286.07,20,19.57,POS,20150511,US,POS,Lunes,11,20020705.0,541.0,F,Personal Plus,34.0,2100000.0,300000.0,2,9104.82,4552.41,4552.41,4,14.08,4552.41,154.92,Quincena_1
7432110836,0,459490.04,16,74.85,POS,20150526,US,POS,Martes,26,19970217.0,438.0,F,Preferencial,30.0,33254960.0,10000000.0,1,0.0,0.0,0.0,2,74.85,4552.41,224.55,Quincena_2
358678984,0,459719.96,20,659.13,POS,20150521,US,MCI,Jueves,21,19910330.0,961.0,M,Preferencial,57.0,44000000.0,727000.0,2,4552.41,4552.41,4552.41,3,253.16,4552.41,1518.96,Quincena_2
8652088285,0,461654.74,0,304.29,POS,20150502,US,MCI,Sabado,2,20031014.0,171.0,F,Preferencial,36.0,6500000.0,4000000.0,3,52134.27,5213.43,7857.49,5,173.71,4552.41,1389.67,Quincena_1
952088285,0,461654.74,0,304.29,POS,20150502,US,MCI,Sabado,2,20031014.0,171.0,F,Preferencial,36.0,6500000.0,4000000.0,3,52134.27,5213.43,7857.49,5,173.71,4552.41,1389.67,Quincena_1
2072274585,0,46274.53,18,698.52,POS,20150526,US,MCI,Martes,26,20031023.0,248.0,M,Emprendedor,32.0,5000000.0,3000000.0,1,0.0,0.0,0.0,2,698.52,4552.41,2794.09,Quincena_2
3042897602,1,464666.76,19,243.62,POS,20150501,US,MCI,Viernes,1,19910816.0,152.0,F,Preferencial,47.0,22966944.0,5000000.0,1,0.0,0.0,0.0,2,243.62,4552.41,974.49,Quincena_1
6342897602,1,464666.76,19,243.62,POS,20150501,US,MCI,Viernes,1,19910816.0,152.0,F,Preferencial,47.0,22966944.0,5000000.0,1,0.0,0.0,0.0,2,243.62,4552.41,974.49,Quincena_1
6598668320,0,466529.59,21,337.29,POS,20150515,US,MCI,Viernes,15,19991210.0,600.0,M,Preferencial,36.0,47736000.0,3000000.0,2,1809.62,904.81,904.81,9,113.45,4552.41,5218.81,Quincena_1
1143542589,0,4667009.05,14,659.13,POS,20150501,US,POS,Viernes,1,19941221.0,498.0,F,Preferencial,46.0,19405161.0,4000000.0,1,0.0,0.0,0.0,3,85.77,4552.41,1715.37,Quincena_1
3243542589,0,4667009.05,14,659.13,POS,20150501,US,POS,Viernes,1,19941221.0,498.0,F,Preferencial,46.0,19405161.0,4000000.0,1,0.0,0.0,0.0,3,85.77,4552.41,1715.37,Quincena_1
2943591093,0,466743.02,10,19.57,POS,20150501,US,POS,Viernes,1,19880129.0,344.0,F,Emprendedor,40.0,3000000.0,1400000000.0,1,0.0,0.0,0.0,2,19.57,4552.41,39.13,Quincena_1
4143591093,0,466743.02,10,19.57,POS,20150501,US,POS,Viernes,1,19880129.0,344.0,F,Emprendedor,40.0,3000000.0,1400000000.0,1,0.0,0.0,0.0,2,19.57,4552.41,39.13,Quincena_1
7466859620,0,468663.21,13,277.48,POS,20150506,US,MCI,Miercoles,6,19911210.0,60.0,F,Preferencial,41.0,16000000.0,4000000.0,3,45003.92,7500.65,13397.14,3,152.15,4552.41,608.6,Quincena_1
1643105229,1,470579.2,2,672.94,ATM_INT,20150527,US,ATM_INT,Miercoles,27,19990508.0,311.0,F,Personal Plus,36.0,7000000.0,4000000.0,2,1809.62,904.81,904.81,8,202.0,4552.41,3231.97,Quincena_2
588678984,0,471632.16,0,659.13,POS,20150521,US,MCI,Jueves,21,19910330.0,961.0,M,Preferencial,57.0,44000000.0,727000.0,2,4552.41,4552.41,4552.41,3,253.16,4552.41,1518.96,Quincena_2
6670829256,0,471774.06,19,671.25,POS,20150505,US,POS,Martes,5,20130705.0,486.0,M,Preferencial,38.0,57800000.0,10500000.0,2,27314.46,4552.41,4552.41,4,355.93,4552.41,2135.59,Quincena_1
6116355013,0,473336.51,19,304.29,POS,20150519,US,MCI,Martes,19,19960619.0,874.0,M,Preferencial,54.0,51500000.0,19000000.0,3,4898.45,2449.22,3854.54,4,203.58,4552.41,610.74,Quincena_2
4694383669,1,4741597.23,18,243.62,POS,20150516,US,MCI,Sabado,16,19981020.0,639.0,M,Preferencial,42.0,17827000.0,5800000.0,2,9104.82,4552.41,4552.41,4,236.5,4552.41,1892.02,Quincena_2
771746727,0,474205.59,13,243.62,POS,20150519,US,MCI,Martes,19,19950127.0,344.0,M,Preferencial,40.0,23000000.0,10000000.0,1,0.0,0.0,0.0,3,163.01,4552.41,489.03,Quincena_2
8894487961,0,47557.08,22,314.71,POS,20150528,US,POS,Jueves,28,20010620.0,605.0,M,Personal Plus,38.0,6812000.0,4600000.0,2,7709.08,3854.54,3854.54,9,109.41,4552.41,5689.32,Quincena_2
8898563483,0,47597.08,8,9.34,POS,20150511,US,POS,Lunes,11,20000518.0,21.0,M,Personal Plus,42.0,3000000.0,2000000.0,2,18209.64,4552.41,4552.41,2,9.34,4552.41,37.37,Quincena_1
2422581852,0,476440.04,11,1.0,POS,20150517,US,POS,Domingo,17,20011205.0,548.0,F,Preferencial,40.0,500000.0,0.0,1,0.0,0.0,0.0,1,0.0,4552.41,1.0,Quincena_2
475544243,0,476692.14,18,7.94,POS,20150519,US,MCI,Martes,19,20090327.0,518.0,M,Preferencial,75.0,27000000.0,0.0,2,4552.41,4552.41,4552.41,2,7.94,4552.41,15.87,Quincena_2
1942078872,0,47761.02,4,180.82,POS,20150501,PA,POS,Viernes,1,19980316.0,115.0,F,Personal Plus,49.0,3342500.0,600000.0,2,4552.41,4552.41,4552.41,4,136.61,1043.91,683.03,Quincena_1
5142078872,0,47761.02,4,180.82,POS,20150501,PA,POS,Viernes,1,19980316.0,115.0,F,Personal Plus,49.0,3342500.0,600000.0,2,4552.41,4552.41,4552.41,4,136.61,1043.91,683.03,Quincena_1
743396189,0,47761.02,17,472.23,POS,20150504,US,POS,Lunes,4,19990922.0,342.0,M,Preferencial,34.0,7500000.0,2500000.0,1,0.0,0.0,0.0,7,117.7,4552.41,2824.73,Quincena_1
923396189,0,47761.02,17,472.23,POS,20150504,US,POS,Lunes,4,19990922.0,342.0,M,Preferencial,34.0,7500000.0,2500000.0,1,0.0,0.0,0.0,7,117.7,4552.41,2824.73,Quincena_1
5771746727,0,478526.87,23,243.62,POS,20150519,US,MCI,Martes,19,19950127.0,344.0,M,Preferencial,40.0,23000000.0,10000000.0,1,0.0,0.0,0.0,3,163.01,4552.41,489.03,Quincena_2
4180048274,1,480116.52,19,1.0,ATM_INT,20150508,US,ATM_INT,Viernes,8,20140103.0,689.0,M,Personal Plus,35.0,1500000.0,3300000.0,1,0.0,0.0,0.0,1,0.0,4552.41,1.0,Quincena_1
552534790,1,480116.52,19,323.4,ATM_INT,20150508,US,ATM_INT,Viernes,8,20110926.0,848.0,F,Personal Plus,36.0,6883855.0,3600000.0,1,0.0,0.0,0.0,4,209.11,4552.41,1254.65,Quincena_1
8739776140,0,480627.15,13,294.43,POS,20150519,US,MCI,Martes,19,19920701.0,180.0,F,Personal Plus,47.0,4000000.0,2000000.0,4,34903.35,5817.23,8682.37,3,204.06,4552.41,1224.35,Quincena_2
1680086993,1,480709.52,19,1.0,ATM_INT,20150508,US,ATM_INT,Viernes,8,19960430.0,697.0,M,Preferencial,34.0,9850000.0,1000000.0,1,0.0,0.0,0.0,1,0.0,4552.41,1.0,Quincena_1
7280086993,1,480709.52,19,1.0,ATM_INT,20150508,US,ATM_INT,Viernes,8,19960430.0,697.0,M,Preferencial,34.0,9850000.0,1000000.0,1,0.0,0.0,0.0,1,0.0,4552.41,1.0,Quincena_1
9180086993,1,480709.52,19,1.0,ATM_INT,20150508,US,ATM_INT,Viernes,8,19960430.0,697.0,M,Preferencial,34.0,9850000.0,1000000.0,1,0.0,0.0,0.0,1,0.0,4552.41,1.0,Quincena_1
91126594019,0,480753.7,20,80.63,ATM_INT,20150515,US,ATM_INT,Viernes,15,20130905.0,752.0,F,Personal Plus,25.0,1000000.0,0.0,1,0.0,0.0,0.0,2,80.63,4552.41,80.63,Quincena_1
5732906462,1,48195.91,13,472.64,ATM_INT,20150501,US,ATM_INT,Viernes,1,20021216.0,85.0,F,Personal Plus,31.0,1600000.0,600000.0,1,0.0,0.0,0.0,2,472.64,4552.41,945.28,Quincena_1
9364559809,1,48195.91,0,123.61,ATM_INT,20150503,US,ATM_INT,Domingo,3,20010115.0,666.0,F,Personal Plus,45.0,7600000.0,1400000.0,1,0.0,0.0,0.0,3,92.53,4552.41,370.11,Quincena_1
4432906462,1,481959.1,13,472.64,ATM_INT,20150501,US,ATM_INT,Viernes,1,20021216.0,85.0,F,Personal Plus,31.0,1600000.0,600000.0,1,0.0,0.0,0.0,2,472.64,4552.41,945.28,Quincena_1
5279349191,1,481959.1,0,1.0,ATM_INT,20150503,US,ATM_INT,Domingo,3,19940311.0,54.0,M,Personal Plus,50.0,4000000.0,2400000.0,1,0.0,0.0,0.0,1,0.0,4552.41,1.0,Quincena_1
7032906462,1,481959.1,13,472.64,ATM_INT,20150501,US,ATM_INT,Viernes,1,20021216.0,85.0,F,Personal Plus,31.0,1600000.0,600000.0,1,0.0,0.0,0.0,2,472.64,4552.41,945.28,Quincena_1
732906462,1,481959.1,13,472.64,ATM_INT,20150501,US,ATM_INT,Viernes,1,20021216.0,85.0,F,Personal Plus,31.0,1600000.0,600000.0,1,0.0,0.0,0.0,2,472.64,4552.41,945.28,Quincena_1
3416220738,0,482285.11,15,25.02,ATM_INT,20150511,US,ATM_INT,Lunes,11,19961013.0,728.0,M,Personal Plus,48.0,5000000.0,2000000.0,2,4552.41,4552.41,4552.41,2,25.02,4552.41,50.04,Quincena_1
5679690992,0,483893.28,23,243.62,POS,20150530,US,MCI,Sabado,30,19981216.0,313.0,M,Preferencial,39.0,18960002.0,0.0,3,19069.26,3178.21,4552.41,6,82.47,4552.41,2226.64,Quincena_2
3470114246,0,483993.32,14,243.62,POS,20150506,US,MCI,Miercoles,6,19910402.0,325.0,M,Preferencial,57.0,13236000.0,3500000.0,2,4552.41,4552.41,4552.41,7,58.59,4552.41,1406.19,Quincena_1
8171273137,0,484334.11,15,12.01,ATM_INT,20150501,US,ATM_INT,Viernes,1,20020311.0,362.0,M,Personal Plus,33.0,2500000.0,600000.0,1,0.0,0.0,0.0,4,9.77,4552.41,87.94,Quincena_1
7579645916,0,48462.08,14,662.53,POS,20150513,US,MCI,Miercoles,13,19950317.0,158.0,M,Preferencial,41.0,7000000.0,2500000.0,2,9104.82,4552.41,4552.41,12,209.24,4552.41,5231.01,Quincena_1
46900570598,0,484679.82,16,659.13,ATM_INT,20150511,US,ATM_INT,Lunes,11,20130117.0,37.0,F,Emprendedor,20.0,15000000.0,0.0,1,0.0,0.0,0.0,2,659.13,4552.41,1318.26,Quincena_1
65900570598,0,484679.82,16,659.13,ATM_INT,20150511,US,ATM_INT,Lunes,11,20130117.0,37.0,F,Emprendedor,20.0,15000000.0,0.0,1,0.0,0.0,0.0,2,659.13,4552.41,1318.26,Quincena_1
1171776988,1,484679.82,23,221.58,ATM_INT,20150509,US,ATM_INT,Sabado,9,20010810.0,21.0,M,Personal Plus,36.0,5200000.0,2000000.0,2,15418.15,3854.54,3854.54,3,155.58,4552.41,933.49,Quincena_1
4479555385,1,4847052.05,6,23.31,POS,20150514,US,POS,Jueves,14,19940823.0,158.0,M,Preferencial,43.0,24791430.0,7000000.0,2,4552.41,4552.41,4552.41,2,23.31,4552.41,139.87,Quincena_1
9680429244,0,484884.24,22,24.83,ATM_INT,20150508,US,ATM_INT,Viernes,8,19940919.0,588.0,M,Personal Plus,43.0,3550000.0,2100000.0,2,4552.41,4552.41,4552.41,2,24.83,4552.41,49.66,Quincena_1
666951811,0,485424.08,14,1.0,POS,20150519,US,POS,Martes,19,20130220.0,716.0,F,Preferencial,39.0,17000000.0,3000000.0,3,12959.36,4319.79,4552.41,1,0.0,4552.41,1.0,Quincena_2
8832522432,0,485539.67,17,461.26,ATM_INT,20150507,US,ATM_INT,Jueves,7,20141226.0,614.0,F,Personal,61.0,500000.0,0.0,1,0.0,0.0,0.0,2,461.26,4552.41,461.26,Quincena_1
10052423209,1,485563.63,22,1.0,ATM_INT,20150515,US,ATM_INT,Viernes,15,20010326.0,40.0,M,Personal Plus,37.0,2610000.0,1000000.0,1,0.0,0.0,0.0,1,0.0,4552.41,1.0,Quincena_1
139770301,1,485581.59,22,1.0,ATM_INT,20150504,US,ATM_INT,Lunes,4,20000711.0,698.0,F,Personal Plus,44.0,1500000.0,950000.0,1,0.0,0.0,0.0,1,0.0,4552.41,1.0,Quincena_1
2739770301,1,485581.59,22,1.0,ATM_INT,20150504,US,ATM_INT,Lunes,4,20000711.0,698.0,F,Personal Plus,44.0,1500000.0,950000.0,1,0.0,0.0,0.0,1,0.0,4552.41,1.0,Quincena_1
2851849259,1,485581.59,19,19.59,ATM_INT,20150502,US,ATM_INT,Sabado,2,20031218.0,283.0,F,Personal Plus,48.0,5000000.0,2000000.0,1,0.0,0.0,0.0,2,19.59,4552.41,19.59,Quincena_1
9052369380,1,485581.59,20,1.0,ATM_INT,20150501,US,ATM_INT,Viernes,1,20071012.0,574.0,F,Personal Plus,38.0,2200000.0,150000.0,1,0.0,0.0,0.0,1,0.0,4552.41,1.0,Quincena_1
280019206,0,485667.07,13,733.11,POS,20150527,PA,POS,Miercoles,27,20040206.0,171.0,M,Personal Plus,37.0,5600000.0,200000.0,1,0.0,0.0,0.0,8,163.81,1043.91,6060.9,Quincena_2
6943578575,0,485946.49,20,461.26,ATM_INT,20150512,US,ATM_INT,Martes,12,20130327.0,432.0,F,Emprendedor,41.0,10000000.0,10000000.0,1,0.0,0.0,0.0,3,148.9,4552.41,1191.19,Quincena_1
6680228954,1,486181.34,23,23.31,ATM_INT,20150504,US,ATM_INT,Lunes,4,20030507.0,46.0,M,Personal Plus,35.0,1200000.0,500000.0,1,0.0,0.0,0.0,2,23.31,4552.41,46.62,Quincena_1
8580228954,1,486181.34,23,23.31,ATM_INT,20150504,US,ATM_INT,Lunes,4,20030507.0,46.0,M,Personal Plus,35.0,1200000.0,500000.0,1,0.0,0.0,0.0,2,23.31,4552.41,46.62,Quincena_1
5071266131,0,486733.17,17,13.67,ATM_INT,20150507,US,ATM_INT,Jueves,7,20070201.0,4.0,M,Personal,32.0,800000.0,0.0,1,0.0,0.0,0.0,5,8.67,4552.41,372.68,Quincena_1
5371315454,0,48677.96,14,662.36,POS,20150503,US,MCI,Domingo,3,19990521.0,543.0,M,Personal Plus,35.0,6117244.0,900000.0,1,0.0,0.0,0.0,20,124.35,4552.41,6963.34,Quincena_1
9371315454,0,48677.96,14,662.36,POS,20150503,US,MCI,Domingo,3,19990521.0,543.0,M,Personal Plus,35.0,6117244.0,900000.0,1,0.0,0.0,0.0,20,124.35,4552.41,6963.34,Quincena_1
5452918606,1,486781.09,1,80.92,ATM_INT,20150502,US,ATM_INT,Sabado,2,20081007.0,673.0,F,Personal Plus,29.0,2600000.0,750000.0,1,0.0,0.0,0.0,2,80.92,4552.41,161.83,Quincena_1
6745468208,0,487140.99,18,659.13,ATM_INT,20150512,US,ATM_INT,Martes,12,19940425.0,86.0,F,Personal Plus,51.0,2000000.0,1000000.0,1,0.0,0.0,0.0,2,659.13,4552.41,2636.51,Quincena_1
2753031247,1,48718.25,1,163.64,ATM_INT,20150517,EC,ATM_INT,Domingo,17,20091015.0,246.0,F,Personal Plus,30.0,1350000.0,840000.0,1,0.0,0.0,0.0,4,67.13,904.81,402.77,Quincena_2
4851751482,1,487182.5,22,330.51,ATM_INT,20150516,CR,ATM_INT,Sabado,16,19981014.0,230.0,F,Personal Plus,51.0,7000000.0,6000000.0,1,0.0,0.0,0.0,4,228.89,1482.35,915.58,Quincena_2
9141531303,1,487182.5,22,243.62,ATM_INT,20150518,US,ATM_INT,Lunes,18,19841220.0,233.0,F,Personal Plus,63.0,4000000.0,1000000.0,2,7709.08,3854.54,3854.54,4,161.32,4552.41,967.9,Quincena_2
835250076,0,487182.5,21,1.0,ATM_INT,20150519,US,ATM_INT,Martes,19,20141114.0,307.0,F,Emprendedor,35.0,1500000.0,3000000.0,2,4552.41,4552.41,4552.41,1,0.0,4552.41,1.0,Quincena_2
1753911172,1,487605.69,23,733.11,ATM_INT,20150506,US,ATM_INT,Miercoles,6,20001220.0,84.0,F,Personal Plus,30.0,7645000.0,1000000.0,1,0.0,0.0,0.0,5,387.06,4552.41,3483.56,Quincena_1
249735257,1,487605.69,23,1.0,ATM_INT,20150506,US,ATM_INT,Miercoles,6,20041027.0,524.0,F,Emprendedor,50.0,4000000.0,1000000.0,1,0.0,0.0,0.0,1,0.0,4552.41,1.0,Quincena_1
337718251,1,487605.69,19,48.19,ATM_INT,20150506,US,ATM_INT,Miercoles,6,20080202.0,304.0,M,Personal Plus,35.0,2450000.0,500000.0,1,0.0,0.0,0.0,2,48.19,4552.41,192.76,Quincena_1
337718251,1,487605.69,19,48.19,ATM_INT,20150506,US,ATM_INT,Miercoles,6,20080202.0,304.0,M,Personal Plus,35.0,2450000.0,500000.0,1,0.0,0.0,0.0,2,48.19,4552.41,192.76,Quincena_1
3763511817,1,487605.69,19,1217.57,ATM_INT,20150506,US,ATM_INT,Miercoles,6,20130220.0,291.0,F,Personal Plus,39.0,4000000.0,2000000.0,1,0.0,0.0,0.0,2,1217.57,4552.41,2435.14,Quincena_1
5021223068,1,487605.69,19,733.11,ATM_INT,20150506,US,ATM_INT,Miercoles,6,20080428.0,42.0,F,Preferencial,66.0,5100000.0,1480000.0,1,0.0,0.0,0.0,5,348.63,4552.41,6275.32,Quincena_1
7549735257,1,487605.69,23,1.0,ATM_INT,20150506,US,ATM_INT,Miercoles,6,20041027.0,524.0,F,Emprendedor,50.0,4000000.0,1000000.0,1,0.0,0.0,0.0,1,0.0,4552.41,1.0,Quincena_1
7563511817,1,487605.69,19,1217.57,ATM_INT,20150506,US,ATM_INT,Miercoles,6,20130220.0,291.0,F,Personal Plus,39.0,4000000.0,2000000.0,1,0.0,0.0,0.0,2,1217.57,4552.41,2435.14,Quincena_1
7653911172,1,487605.69,23,733.11,ATM_INT,20150506,US,ATM_INT,Miercoles,6,20001220.0,84.0,F,Personal Plus,30.0,7645000.0,1000000.0,1,0.0,0.0,0.0,5,387.06,4552.41,3483.56,Quincena_1
7849735257,1,487605.69,23,1.0,ATM_INT,20150506,US,ATM_INT,Miercoles,6,20041027.0,524.0,F,Emprendedor,50.0,4000000.0,1000000.0,1,0.0,0.0,0.0,1,0.0,4552.41,1.0,Quincena_1
8019076265,1,487605.69,19,304.29,ATM_INT,20150506,US,ATM_INT,Miercoles,6,19871019.0,43.0,M,Personal Plus,66.0,4800000.0,2850000.0,1,0.0,0.0,0.0,8,157.46,4552.41,3306.61,Quincena_1
8153911172,1,487605.69,23,733.11,ATM_INT,20150506,US,ATM_INT,Miercoles,6,20001220.0,84.0,F,Personal Plus,30.0,7645000.0,1000000.0,1,0.0,0.0,0.0,5,387.06,4552.41,3483.56,Quincena_1
653048807,0,487950.54,12,243.62,ATM_INT,20150507,US,ATM_INT,Jueves,7,20051019.0,30.0,F,Emprendedor,30.0,60000000.0,400002.0,1,0.0,0.0,0.0,3,174.4,4552.41,1046.39,Quincena_1
91032413560,0,487950.54,19,26.45,ATM_INT,20150507,US,ATM_INT,Jueves,7,20110517.0,650.0,F,Personal Plus,27.0,1300000.0,800000.0,1,0.0,0.0,0.0,2,26.45,4552.41,52.89,Quincena_1
9331970038,1,487956.63,17,1.0,ATM_INT,20150515,US,ATM_INT,Viernes,15,20090923.0,829.0,F,Personal Plus,47.0,4000000.0,1000000.0,1,0.0,0.0,0.0,1,0.0,4552.41,1.0,Quincena_1
2113510088,0,487980.59,13,294.43,ATM_INT,20150501,US,ATM_INT,Viernes,1,20020517.0,814.0,M,Personal Plus,37.0,3000000.0,1000000.0,1,0.0,0.0,0.0,2,294.43,4552.41,883.3,Quincena_1
3241532482,0,487980.59,15,1.0,ATM_INT,20150501,US,ATM_INT,Viernes,1,20110602.0,30.0,F,Personal,63.0,850000.0,100000.0,2,4552.41,4552.41,4552.41,1,0.0,4552.41,1.0,Quincena_1
5471788614,0,487980.59,18,659.13,ATM_INT,20150503,US,ATM_INT,Domingo,3,20100430.0,180.0,M,Personal Plus,37.0,6500000.0,6000000.0,5,115833.16,5036.22,8351.75,2,659.13,4552.41,1318.26,Quincena_1
82900599694,0,487980.59,19,614.04,ATM_INT,20150501,US,ATM_INT,Viernes,1,20140404.0,241.0,F,Emprendedor,20.0,262476029.0,0.0,1,0.0,0.0,0.0,4,435.95,4552.41,1307.85,Quincena_1
8642882215,0,487980.59,16,23.59,ATM_INT,20150502,US,ATM_INT,Sabado,2,19960307.0,551.0,F,Personal Plus,51.0,1500000.0,1300000.0,1,0.0,0.0,0.0,2,23.59,4552.41,23.59,Quincena_1
8780409215,0,487980.59,16,29.8,ATM_INT,20150502,US,ATM_INT,Sabado,2,20100805.0,5.0,M,Personal Plus,49.0,15800000.0,4000000.0,1,0.0,0.0,0.0,5,13.19,4552.41,197.82,Quincena_1
5918616986,0,48825.1,16,289.8,POS,20150515,US,MCI,Viernes,15,20050421.0,634.0,M,Preferencial,34.0,5000000.0,3800000.0,1,0.0,0.0,0.0,11,77.38,4552.41,3327.16,Quincena_1
5241650718,0,488375.63,15,1.0,POS,20150504,AR,MCI,Lunes,4,19960521.0,498.0,F,Preferencial,60.0,50000000.0,19000000.0,1,0.0,0.0,0.0,1,0.0,4308.01,1.0,Quincena_1
6841650718,0,488375.63,15,1.0,POS,20150504,AR,MCI,Lunes,4,19960521.0,498.0,F,Preferencial,60.0,50000000.0,19000000.0,1,0.0,0.0,0.0,1,0.0,4308.01,1.0,Quincena_1
6217345769,0,48871.42,16,74.29,POS,20150503,US,MCI,Domingo,3,20060829.0,844.0,M,Preferencial,44.0,18000000.0,4000000.0,1,0.0,0.0,0.0,2,74.29,4552.41,297.17,Quincena_1
6717345769,0,48871.42,16,74.29,POS,20150503,US,MCI,Domingo,3,20060829.0,844.0,M,Preferencial,44.0,18000000.0,4000000.0,1,0.0,0.0,0.0,2,74.29,4552.41,297.17,Quincena_1
7452999060,1,488972.64,0,652.6,ATM_INT,20150515,US,ATM_INT,Viernes,15,20090401.0,52.0,F,Personal Plus,30.0,9700000.0,900000.0,1,0.0,0.0,0.0,7,279.83,4552.41,3917.61,Quincena_1
2252863128,1,489022.56,21,1.0,ATM_INT,20150505,US,ATM_INT,Martes,5,20130624.0,201.0,F,Emprendedor,34.0,200000.0,100000.0,1,0.0,0.0,0.0,1,0.0,4552.41,1.0,Quincena_1
5152863128,1,489022.56,21,1.0,ATM_INT,20150505,US,ATM_INT,Martes,5,20130624.0,201.0,F,Emprendedor,34.0,200000.0,100000.0,1,0.0,0.0,0.0,1,0.0,4552.41,1.0,Quincena_1
5167039825,1,489022.56,21,304.29,ATM_INT,20150505,US,ATM_INT,Martes,5,20090331.0,178.0,F,Personal Plus,29.0,2800000.0,2000000.0,2,16703.51,8351.75,8351.75,2,304.29,4552.41,1521.46,Quincena_1
7452863128,1,489022.56,21,1.0,ATM_INT,20150505,US,ATM_INT,Martes,5,20130624.0,201.0,F,Emprendedor,34.0,200000.0,100000.0,1,0.0,0.0,0.0,1,0.0,4552.41,1.0,Quincena_1
1080770280,1,489180.09,20,74.29,ATM_INT,20150504,US,ATM_INT,Lunes,4,20140627.0,661.0,M,Personal Plus,30.0,4500000.0,2500000.0,1,0.0,0.0,0.0,4,51.5,4552.41,308.98,Quincena_1
32900369879,1,489180.09,20,733.11,ATM_INT,20150504,US,ATM_INT,Lunes,4,20100803.0,781.0,F,Emprendedor,23.0,0.0,0.0,1,0.0,0.0,0.0,9,384.38,4552.41,7687.64,Quincena_1
478734639,1,489180.09,12,698.52,ATM_INT,20150501,US,ATM_INT,Viernes,1,19950510.0,770.0,M,Personal Plus,51.0,4000000.0,3500000.0,1,0.0,0.0,0.0,3,632.81,4552.41,5695.31,Quincena_1
59900369879,1,489180.09,20,733.11,ATM_INT,20150504,US,ATM_INT,Lunes,4,20100803.0,781.0,F,Emprendedor,23.0,0.0,0.0,1,0.0,0.0,0.0,9,384.38,4552.41,7687.64,Quincena_1
91019048870,1,489180.09,19,172.21,ATM_INT,20150504,US,ATM_INT,Lunes,4,20100713.0,84.0,M,Emprendedor,25.0,0.0,0.0,1,0.0,0.0,0.0,3,125.84,4552.41,377.53,Quincena_1
10017345769,0,489342.9,15,74.29,POS,20150503,US,MCI,Domingo,3,20060829.0,844.0,M,Preferencial,44.0,18000000.0,4000000.0,1,0.0,0.0,0.0,2,74.29,4552.41,297.17,Quincena_1
3317345769,0,489342.9,15,74.29,POS,20150503,US,MCI,Domingo,3,20060829.0,844.0,M,Preferencial,44.0,18000000.0,4000000.0,1,0.0,0.0,0.0,2,74.29,4552.41,297.17,Quincena_1
1576320791,1,490014.69,1,1217.57,ATM_INT,20150506,US,ATM_INT,Miercoles,6,20030317.0,304.0,M,Personal Plus,40.0,1700000.0,3500000.0,1,0.0,0.0,0.0,5,414.12,4552.41,3312.96,Quincena_1
2766952988,1,490014.69,1,304.29,ATM_INT,20150506,US,ATM_INT,Miercoles,6,20120420.0,60.0,F,Personal Plus,39.0,3001000.0,900000.0,1,0.0,0.0,0.0,2,304.29,4552.41,1217.17,Quincena_1
351907882,1,490014.69,1,80.92,ATM_INT,20150506,US,ATM_INT,Miercoles,6,19930315.0,186.0,F,Personal Plus,48.0,5315000.0,2500000.0,1,0.0,0.0,0.0,2,80.92,4552.41,161.83,Quincena_1
3666952988,1,490014.69,1,304.29,ATM_INT,20150506,US,ATM_INT,Miercoles,6,20120420.0,60.0,F,Personal Plus,39.0,3001000.0,900000.0,1,0.0,0.0,0.0,2,304.29,4552.41,1217.17,Quincena_1
6876320791,1,490014.69,1,1217.57,ATM_INT,20150506,US,ATM_INT,Miercoles,6,20030317.0,304.0,M,Personal Plus,40.0,1700000.0,3500000.0,1,0.0,0.0,0.0,5,414.12,4552.41,3312.96,Quincena_1
751907882,1,490014.69,1,80.92,ATM_INT,20150506,US,ATM_INT,Miercoles,6,19930315.0,186.0,F,Personal Plus,48.0,5315000.0,2500000.0,1,0.0,0.0,0.0,2,80.92,4552.41,161.83,Quincena_1
8051907882,1,490014.69,1,80.92,ATM_INT,20150506,US,ATM_INT,Miercoles,6,19930315.0,186.0,F,Personal Plus,48.0,5315000.0,2500000.0,1,0.0,0.0,0.0,2,80.92,4552.41,161.83,Quincena_1
2543580980,0,490291.03,21,340.09,POS,20150520,US,MCI,Miercoles,20,19941025.0,738.0,F,Preferencial,41.0,25000000.0,22000000.0,2,18209.64,4552.41,4552.41,6,67.96,4552.41,1019.33,Quincena_2
31053768175,1,490403.58,13,659.13,ATM_INT,20150501,US,ATM_INT,Viernes,1,20120306.0,392.0,M,Personal Plus,29.0,1200000.0,1200000.0,1,0.0,0.0,0.0,6,474.94,4552.41,5224.36,Quincena_1
5080210746,1,490403.58,13,221.58,ATM_INT,20150503,US,ATM_INT,Domingo,3,20081105.0,203.0,M,Personal Plus,31.0,3800000.0,2500000.0,2,8892.0,4446.0,4446.0,6,85.66,4552.41,770.9,Quincena_1
5920281105,1,490403.58,19,1.0,ATM_INT,20150502,US,ATM_INT,Sabado,2,19810622.0,30.0,F,Personal Plus,77.0,1500000.0,1500000.0,1,0.0,0.0,0.0,1,0.0,4552.41,1.0,Quincena_1
643797516,1,490403.58,13,1.0,ATM_INT,20150501,US,ATM_INT,Viernes,1,19910330.0,85.0,M,Personal,,0.0,0.0,1,0.0,0.0,0.0,1,0.0,4552.41,1.0,Quincena_1
963797516,1,490403.58,13,1.0,ATM_INT,20150501,US,ATM_INT,Viernes,1,19910330.0,85.0,M,Personal,,0.0,0.0,1,0.0,0.0,0.0,1,0.0,4552.41,1.0,Quincena_1
816878819,0,491230.48,22,671.25,POS,20150515,US,MCI,Viernes,15,19950104.0,82.0,M,PYME,56.0,16768583.0,10655639.0,1,0.0,0.0,0.0,9,186.09,4552.41,9490.47,Quincena_1
1738433160,0,491292.17,0,1.0,POS,20150520,US,MCI,Miercoles,20,20130408.0,967.0,F,PYME,74.0,32000000.0,5000000.0,1,0.0,0.0,0.0,1,0.0,4552.41,1.0,Quincena_2
6652886044,1,491438.56,3,80.92,ATM_INT,20150505,US,ATM_INT,Martes,5,20040920.0,674.0,F,Personal Plus,33.0,6000000.0,300000.0,1,0.0,0.0,0.0,5,26.72,4552.41,801.71,Quincena_1
9420408973,1,491438.56,3,1.0,ATM_INT,20150505,US,ATM_INT,Martes,5,19940407.0,634.0,F,Personal Plus,57.0,6000000.0,3000000.0,1,0.0,0.0,0.0,1,0.0,4552.41,1.0,Quincena_1
2380133789,1,491603.08,5,30.2,ATM_INT,20150503,PA,ATM_INT,Domingo,3,20030620.0,699.0,M,Preferencial,33.0,19000000.0,5700000.0,3,15273.33,3818.33,3854.54,3,26.76,6667.61,214.06,Quincena_1
70315973,1,491603.08,14,659.13,ATM_INT,20150502,PA,ATM_INT,Sabado,2,20070209.0,691.0,M,Personal Plus,54.0,10000000.0,6000000.0,2,7709.08,3854.54,3854.54,3,338.68,1043.91,1354.73,Quincena_1
81315973,1,491603.08,14,659.13,ATM_INT,20150502,PA,ATM_INT,Sabado,2,20070209.0,691.0,M,Personal Plus,54.0,10000000.0,6000000.0,2,7709.08,3854.54,3854.54,3,338.68,1043.91,1354.73,Quincena_1
843868634,0,491603.08,17,470.32,ATM_INT,20150501,PA,ATM_INT,Viernes,1,20060914.0,275.0,F,Personal Plus,35.0,9100000.0,3300000.0,1,0.0,0.0,0.0,7,110.47,1043.91,4860.72,Quincena_1
248678984,0,492193.99,22,659.13,POS,20150521,US,MCI,Jueves,21,19910330.0,961.0,M,Preferencial,57.0,44000000.0,727000.0,2,4552.41,4552.41,4552.41,3,253.16,4552.41,1518.96,Quincena_2
1009771025,1,492447.78,1,652.51,ATM_INT,20150506,US,ATM_INT,Miercoles,6,20070607.0,69.0,M,Personal Plus,30.0,4700000.0,2500000.0,1,0.0,0.0,0.0,4,257.03,4552.41,2056.24,Quincena_1
4819176638,1,492447.78,1,1.0,ATM_INT,20150506,US,ATM_INT,Miercoles,6,19890321.0,662.0,M,Personal Plus,63.0,5000000.0,4000000.0,1,0.0,0.0,0.0,1,0.0,4552.41,1.0,Quincena_1
5919176638,1,492447.78,1,1.0,ATM_INT,20150506,US,ATM_INT,Miercoles,6,19890321.0,662.0,M,Personal Plus,63.0,5000000.0,4000000.0,1,0.0,0.0,0.0,1,0.0,4552.41,1.0,Quincena_1
7380426059,1,492447.78,1,23.31,ATM_INT,20150506,US,ATM_INT,Miercoles,6,20040728.0,661.0,M,Personal Plus,42.0,3541346.0,1100000.0,1,0.0,0.0,0.0,2,23.31,4552.41,23.31,Quincena_1
8480426059,1,492447.78,1,23.31,ATM_INT,20150506,US,ATM_INT,Miercoles,6,20040728.0,661.0,M,Personal Plus,42.0,3541346.0,1100000.0,1,0.0,0.0,0.0,2,23.31,4552.41,23.31,Quincena_1
9052418983,1,492447.78,1,1.0,ATM_INT,20150506,US,ATM_INT,Miercoles,6,19970408.0,662.0,F,Personal Plus,39.0,8000000.0,2600000.0,1,0.0,0.0,0.0,1,0.0,4552.41,1.0,Quincena_1
5652867467,1,492646.56,14,1.0,ATM_INT,20150505,US,ATM_INT,Martes,5,20101122.0,304.0,F,Personal Plus,33.0,4000000.0,1150000.0,1,0.0,0.0,0.0,1,0.0,4552.41,1.0,Quincena_1
5070101168,0,49305.66,0,286.84,POS,20150515,US,MCI,Viernes,15,19920403.0,272.0,M,Emprendedor,59.0,8000000.0,8000000.0,3,36239.1,5177.01,8924.64,5,33.45,16916.24,1070.52,Quincena_1
5810014752,0,493269.25,23,659.13,ATM_INT,20150516,US,ATM_INT,Sabado,16,19990306.0,852.0,M,Personal Plus,35.0,4704017.0,1400000.0,1,0.0,0.0,0.0,11,185.4,4552.41,3893.34,Quincena_2
8722431501,0,494002.08,17,1.0,ATM_INT,20150504,US,ATM_INT,Lunes,4,20141219.0,777.0,F,Personal Plus,59.0,6400000.0,0.0,1,0.0,0.0,0.0,1,0.0,4552.41,1.0,Quincena_1
1379645916,0,494317.99,16,662.53,POS,20150513,US,MCI,Miercoles,13,19950317.0,158.0,M,Preferencial,41.0,7000000.0,2500000.0,2,9104.82,4552.41,4552.41,12,209.24,4552.41,5231.01,Quincena_1
8638230332,0,494586.04,17,1.0,POS,20150514,US,POS,Jueves,14,19930911.0,40.0,F,Preferencial,58.0,24000000.0,5000000.0,3,26260.83,6565.21,8578.01,1,0.0,4552.41,1.0,Quincena_1
7279691766,1,495718.5,1,1.0,ATM_INT,20150517,US,ATM_INT,Domingo,17,20081127.0,574.0,M,Personal Plus,39.0,2200000.0,1000000.0,1,0.0,0.0,0.0,1,0.0,4552.41,1.0,Quincena_2
1180417002,0,49787.08,18,23.31,POS,20150524,PA,POS,Domingo,24,19950801.0,156.0,M,Preferencial,46.0,20000000.0,19000000.0,4,30840.1,3426.68,4552.41,3,21.8,1043.91,457.84,Quincena_2
6730276867,0,49787.08,11,399.63,POS,20150524,US,POS,Domingo,24,19881013.0,816.0,F,PYME,55.0,10000000.0,5800000.0,1,0.0,0.0,0.0,2,399.63,4552.41,399.63,Quincena_2
385544243,0,498733.05,23,7.94,POS,20150519,US,MCI,Martes,19,20090327.0,518.0,M,Preferencial,75.0,27000000.0,0.0,2,4552.41,4552.41,4552.41,2,7.94,4552.41,15.87,Quincena_2
8416355013,0,498998.6,23,304.29,POS,20150519,US,MCI,Martes,19,19960619.0,874.0,M,Preferencial,54.0,51500000.0,19000000.0,3,4898.45,2449.22,3854.54,4,203.58,4552.41,610.74,Quincena_2
4310235278,0,499333.04,18,181.91,POS,20150512,US,POS,Martes,12,20111027.0,424.0,M,Emprendedor,59.0,4000000.0,400000.0,1,0.0,0.0,0.0,5,124.91,4552.41,999.27,Quincena_1
67900109901,0,499942.88,16,156.2,ATM_INT,20150505,US,ATM_INT,Martes,5,20070620.0,337.0,M,PYME,26.0,35648000.0,23849000.0,1,0.0,0.0,0.0,3,42.29,4552.41,592.13,Quincena_1
2552996783,1,500029.08,22,659.13,POS,20150506,US,POS,Miercoles,6,20110301.0,299.0,F,Personal Plus,31.0,5060000.0,300000.0,1,0.0,0.0,0.0,3,654.12,4552.41,5887.06,Quincena_1
352996783,1,500029.08,21,659.13,POS,20150506,US,POS,Miercoles,6,20110301.0,299.0,F,Personal Plus,31.0,5060000.0,300000.0,1,0.0,0.0,0.0,3,654.12,4552.41,5887.06,Quincena_1
3752996783,1,500029.08,22,659.13,POS,20150506,US,POS,Miercoles,6,20110301.0,299.0,F,Personal Plus,31.0,5060000.0,300000.0,1,0.0,0.0,0.0,3,654.12,4552.41,5887.06,Quincena_1
4352996783,1,500029.08,22,659.13,POS,20150506,US,POS,Miercoles,6,20110301.0,299.0,F,Personal Plus,31.0,5060000.0,300000.0,1,0.0,0.0,0.0,3,654.12,4552.41,5887.06,Quincena_1
4952996783,1,500029.08,22,659.13,POS,20150506,US,POS,Miercoles,6,20110301.0,299.0,F,Personal Plus,31.0,5060000.0,300000.0,1,0.0,0.0,0.0,3,654.12,4552.41,5887.06,Quincena_1
5152996783,1,500029.08,22,659.13,POS,20150506,US,POS,Miercoles,6,20110301.0,299.0,F,Personal Plus,31.0,5060000.0,300000.0,1,0.0,0.0,0.0,3,654.12,4552.41,5887.06,Quincena_1
5552996783,1,500029.08,22,659.13,POS,20150506,US,POS,Miercoles,6,20110301.0,299.0,F,Personal Plus,31.0,5060000.0,300000.0,1,0.0,0.0,0.0,3,654.12,4552.41,5887.06,Quincena_1
5752996783,1,500029.08,21,659.13,POS,20150506,US,POS,Miercoles,6,20110301.0,299.0,F,Personal Plus,31.0,5060000.0,300000.0,1,0.0,0.0,0.0,3,654.12,4552.41,5887.06,Quincena_1
5752996783,1,500029.08,22,659.13,POS,20150506,US,POS,Miercoles,6,20110301.0,299.0,F,Personal Plus,31.0,5060000.0,300000.0,1,0.0,0.0,0.0,3,654.12,4552.41,5887.06,Quincena_1
6352996783,1,500029.08,22,659.13,POS,20150506,US,POS,Miercoles,6,20110301.0,299.0,F,Personal Plus,31.0,5060000.0,300000.0,1,0.0,0.0,0.0,3,654.12,4552.41,5887.06,Quincena_1
7152996783,1,500029.08,21,659.13,POS,20150506,US,POS,Miercoles,6,20110301.0,299.0,F,Personal Plus,31.0,5060000.0,300000.0,1,0.0,0.0,0.0,3,654.12,4552.41,5887.06,Quincena_1
7252996783,1,500029.08,21,659.13,POS,20150506,US,POS,Miercoles,6,20110301.0,299.0,F,Personal Plus,31.0,5060000.0,300000.0,1,0.0,0.0,0.0,3,654.12,4552.41,5887.06,Quincena_1
8152996783,1,500029.08,22,659.13,POS,20150506,US,POS,Miercoles,6,20110301.0,299.0,F,Personal Plus,31.0,5060000.0,300000.0,1,0.0,0.0,0.0,3,654.12,4552.41,5887.06,Quincena_1
8152996783,1,500029.08,21,659.13,POS,20150506,US,POS,Miercoles,6,20110301.0,299.0,F,Personal Plus,31.0,5060000.0,300000.0,1,0.0,0.0,0.0,3,654.12,4552.41,5887.06,Quincena_1
852996783,1,500029.08,22,659.13,POS,20150506,US,POS,Miercoles,6,20110301.0,299.0,F,Personal Plus,31.0,5060000.0,300000.0,1,0.0,0.0,0.0,3,654.12,4552.41,5887.06,Quincena_1
9152996783,1,500029.08,22,659.13,POS,20150506,US,POS,Miercoles,6,20110301.0,299.0,F,Personal Plus,31.0,5060000.0,300000.0,1,0.0,0.0,0.0,3,654.12,4552.41,5887.06,Quincena_1
9552996783,1,500029.08,22,659.13,POS,20150506,US,POS,Miercoles,6,20110301.0,299.0,F,Personal Plus,31.0,5060000.0,300000.0,1,0.0,0.0,0.0,3,654.12,4552.41,5887.06,Quincena_1
1698543791,0,500326.37,19,540.75,POS,20150519,US,MCI,Martes,19,19920505.0,850.0,M,Preferencial,46.0,58800000.0,4555000.0,1,0.0,0.0,0.0,8,100.97,4552.41,5048.74,Quincena_2
1916787159,0,500756.71,16,1165.74,POS,20150503,US,MCI,Domingo,3,19991129.0,836.0,M,Preferencial,44.0,13442403.0,3000000.0,1,0.0,0.0,0.0,6,219.33,4552.41,6360.55,Quincena_1
6216787159,0,500756.71,16,1165.74,POS,20150503,US,MCI,Domingo,3,19991129.0,836.0,M,Preferencial,44.0,13442403.0,3000000.0,1,0.0,0.0,0.0,6,219.33,4552.41,6360.55,Quincena_1
9079743184,0,501525.01,9,181.91,POS,20150522,US,POS,Viernes,22,20090818.0,57.0,M,Personal Plus,38.0,5300000.0,2300000.0,1,0.0,0.0,0.0,4,146.88,4552.41,1468.76,Quincena_2
839673896,0,50214.09,18,659.13,POS,20150528,PA,POS,Jueves,28,20000510.0,662.0,F,Personal Plus,38.0,7400000.0,1300000.0,3,24219.26,1009.14,1043.91,6,252.89,1043.91,4804.82,Quincena_2
31037607126,0,503053.6,17,243.62,ATM_INT,20150525,US,ATM_INT,Lunes,25,20070821.0,2.0,M,Emprendedor,24.0,1500000.0,2000000.0,1,0.0,0.0,0.0,3,89.22,4552.41,535.3,Quincena_2
2642977416,0,503474.06,12,279.77,POS,20150501,US,POS,Viernes,1,19920914.0,274.0,F,Personal Plus,56.0,4553000.0,1800000.0,1,0.0,0.0,0.0,3,99.48,4552.41,298.45,Quincena_1
4142977416,0,503474.06,12,279.77,POS,20150501,US,POS,Viernes,1,19920914.0,274.0,F,Personal Plus,56.0,4553000.0,1800000.0,1,0.0,0.0,0.0,3,99.48,4552.41,298.45,Quincena_1
6442108697,0,503513.01,18,178.36,POS,20150519,US,MCI,Martes,19,19980420.0,73.0,F,Preferencial,41.0,9028495.0,1000000.0,1,0.0,0.0,0.0,4,64.64,4552.41,517.11,Quincena_2
1216787159,0,504359.8,10,1165.74,POS,20150503,US,MCI,Domingo,3,19991129.0,836.0,M,Preferencial,44.0,13442403.0,3000000.0,1,0.0,0.0,0.0,6,219.33,4552.41,6360.55,Quincena_1
616787159,0,504359.8,10,1165.74,POS,20150503,US,MCI,Domingo,3,19991129.0,836.0,M,Preferencial,44.0,13442403.0,3000000.0,1,0.0,0.0,0.0,6,219.33,4552.41,6360.55,Quincena_1
6643542589,0,505319.07,18,659.13,POS,20150501,US,MCI,Viernes,1,19941221.0,498.0,F,Preferencial,46.0,19405161.0,4000000.0,1,0.0,0.0,0.0,3,85.77,4552.41,1715.37,Quincena_1
6843542589,0,505319.07,18,659.13,POS,20150501,US,MCI,Viernes,1,19941221.0,498.0,F,Preferencial,46.0,19405161.0,4000000.0,1,0.0,0.0,0.0,3,85.77,4552.41,1715.37,Quincena_1
7352403292,0,505819.01,16,221.58,POS,20150524,US,POS,Domingo,24,20030303.0,304.0,F,Personal Plus,39.0,7000000.0,5000000.0,1,0.0,0.0,0.0,2,221.58,4552.41,443.16,Quincena_2
936454887,0,50585.05,13,626.82,POS,20150517,US,POS,Domingo,17,20050426.0,487.0,F,Personal Plus,34.0,4580000.0,1000000.0,3,10076.05,3358.68,4552.41,2,626.82,4552.41,1253.63,Quincena_2
4731263658,0,505880.67,23,304.29,ATM_INT,20150520,US,ATM_INT,Miercoles,20,20021219.0,736.0,F,Personal Plus,61.0,1456915.0,600000.0,1,0.0,0.0,0.0,3,258.61,4552.41,1034.45,Quincena_2
8766951811,0,506356.08,16,1.0,POS,20150519,US,POS,Martes,19,20130220.0,716.0,F,Preferencial,39.0,17000000.0,3000000.0,3,12959.36,4319.79,4552.41,1,0.0,4552.41,1.0,Quincena_2
293383540,0,506698.04,18,1.0,POS,20150512,US,POS,Martes,12,20050422.0,10.0,M,Emprendedor,34.0,14000000.0,1300000.0,2,9104.82,4552.41,4552.41,1,0.0,4552.41,1.0,Quincena_1
9712539288,0,506866.81,18,698.52,POS,20150506,US,MCI,Miercoles,6,19860206.0,961.0,M,Preferencial,60.0,20677872.0,500000.0,2,18209.64,4552.41,4552.41,3,692.96,4552.41,9008.48,Quincena_1
6791430124,0,507124.17,22,1.0,ATM_INT,20150520,US,ATM_INT,Miercoles,20,20081121.0,206.0,M,Personal Plus,48.0,2300000.0,500000.0,1,0.0,0.0,0.0,1,0.0,4552.41,1.0,Quincena_2
8243221265,0,507124.17,5,1.0,ATM_INT,20150520,US,ATM_INT,Miercoles,20,19980722.0,319.0,F,Personal Plus,36.0,1877000.0,0.0,1,0.0,0.0,0.0,1,0.0,4552.41,1.0,Quincena_2
2714236421,0,507841.06,15,782.14,POS,20150515,US,POS,Viernes,15,19970529.0,749.0,M,Personal Plus,54.0,22000000.0,14300000.0,3,52348.76,7478.39,17020.18,8,151.82,4552.41,10931.34,Quincena_1
8452512413,0,50808.03,8,36.05,POS,20150522,AR,POS,Viernes,22,20140203.0,762.0,F,Preferencial,37.0,17686000.0,3000000.0,4,13940.94,2323.49,4308.01,4,32.23,4308.01,709.01,Quincena_2
1339788903,1,508459.04,11,1.0,POS,20150522,US,POS,Viernes,22,19940701.0,30.0,F,Personal Plus,44.0,3500000.0,2000000.0,4,55037.35,6879.67,13535.35,1,0.0,4552.41,1.0,Quincena_2
5180442360,0,50886.04,9,70.8,POS,20150515,US,POS,Viernes,15,19970218.0,624.0,M,Personal Plus,43.0,8370000.0,3500000.0,1,0.0,0.0,0.0,4,50.4,4552.41,302.39,Quincena_1
5643269337,0,509338.64,12,1.0,ATM_INT,20150524,US,ATM_INT,Domingo,24,20011127.0,420.0,F,Personal Plus,34.0,4500000.0,0.0,1,0.0,0.0,0.0,1,0.0,4552.41,1.0,Quincena_2
2752999617,1,510073.2,19,74.29,ATM_INT,20150521,US,ATM_INT,Jueves,21,20070910.0,574.0,F,Personal Plus,31.0,5000000.0,0.0,2,7709.08,3854.54,3854.54,2,74.29,4552.41,148.59,Quincena_2
9352999617,1,510073.2,19,74.29,ATM_INT,20150521,US,ATM_INT,Jueves,21,20070910.0,574.0,F,Personal Plus,31.0,5000000.0,0.0,2,7709.08,3854.54,3854.54,2,74.29,4552.41,148.59,Quincena_2
4598563411,1,510414.04,19,243.62,POS,20150530,FR,POS,Sabado,30,19911011.0,167.0,M,Preferencial,42.0,12740000.0,3000000.0,1,0.0,0.0,0.0,7,101.34,8455.65,3749.44,Quincena_2
9352241585,0,510465.44,16,762.89,ATM_INT,20150525,US,ATM_INT,Lunes,25,20120402.0,543.0,F,Personal Plus,37.0,1300000.0,350000.0,1,0.0,0.0,0.0,6,279.43,4552.41,1676.57,Quincena_2
9652241585,0,510465.44,2,762.89,ATM_INT,20150525,US,ATM_INT,Lunes,25,20120402.0,543.0,F,Personal Plus,37.0,1300000.0,350000.0,1,0.0,0.0,0.0,6,279.43,4552.41,1676.57,Quincena_2
8151846723,0,511012.48,5,304.29,ATM_INT,20150522,US,ATM_INT,Viernes,22,20100417.0,689.0,F,Personal Plus,48.0,12500000.0,0.0,1,0.0,0.0,0.0,3,300.15,4552.41,2101.06,Quincena_2
6332335375,0,511216.64,17,77.92,ATM_INT,20150523,US,ATM_INT,Sabado,23,19990317.0,259.0,F,Personal Plus,61.0,5700000.0,2500000.0,1,0.0,0.0,0.0,3,35.8,4552.41,1038.24,Quincena_2
3019205018,1,511795.56,1,1.0,POS,20150518,US,MCI,Lunes,18,19911001.0,88.0,M,Personal Plus,62.0,8500000.0,3200000.0,2,9104.82,4552.41,4552.41,1,0.0,4552.41,1.0,Quincena_2
6298543416,0,511867.68,19,238.8,ATM_INT,20150523,US,ATM_INT,Sabado,23,19901011.0,436.0,M,Personal Plus,52.0,6000000.0,3000000.0,1,0.0,0.0,0.0,5,31.97,4552.41,799.23,Quincena_2
1152331996,1,511867.68,23,238.8,ATM_INT,20150523,US,ATM_INT,Sabado,23,20110708.0,467.0,F,Personal Plus,39.0,3100000.0,1200000.0,1,0.0,0.0,0.0,3,161.28,4552.41,483.83,Quincena_2
9598543416,0,511867.68,19,238.8,ATM_INT,20150523,US,ATM_INT,Sabado,23,19901011.0,436.0,M,Personal Plus,52.0,6000000.0,3000000.0,1,0.0,0.0,0.0,5,31.97,4552.41,799.23,Quincena_2
1121921363,0,512425.83,22,1.0,ATM_INT,20150526,US,ATM_INT,Martes,26,19951120.0,314.0,F,Personal Plus,78.0,2000000.0,1000000.0,1,0.0,0.0,0.0,1,0.0,4552.41,1.0,Quincena_2
721921363,0,512425.83,22,1.0,ATM_INT,20150526,US,ATM_INT,Martes,26,19951120.0,314.0,F,Personal Plus,78.0,2000000.0,1000000.0,1,0.0,0.0,0.0,1,0.0,4552.41,1.0,Quincena_2
9021921363,0,512425.83,22,1.0,ATM_INT,20150526,US,ATM_INT,Martes,26,19951120.0,314.0,F,Personal Plus,78.0,2000000.0,1000000.0,1,0.0,0.0,0.0,1,0.0,4552.41,1.0,Quincena_2
2794541988,0,512593.2,21,285.13,ATM_INT,20150521,US,ATM_INT,Jueves,21,20060920.0,815.0,M,Personal Plus,30.0,2000000.0,1000000.0,2,4552.41,4552.41,4552.41,3,154.98,4552.41,309.96,Quincena_2
271739276,0,51265.42,14,470.32,POS,20150503,US,MCI,Domingo,3,19921001.0,929.0,M,Preferencial,42.0,47524333.0,10000000.0,3,12659.04,1265.9,2153.87,8,230.94,4957.05,5311.69,Quincena_1
8271739276,0,51265.42,14,470.32,POS,20150503,US,MCI,Domingo,3,19921001.0,929.0,M,Preferencial,42.0,47524333.0,10000000.0,3,12659.04,1265.9,2153.87,8,230.94,4957.05,5311.69,Quincena_1
51037619260,1,51269.68,22,243.62,ATM_INT,20150528,US,ATM_INT,Jueves,28,20101130.0,259.0,M,Personal,23.0,0.0,0.0,1,0.0,0.0,0.0,4,173.25,4552.41,3464.92,Quincena_2
7070092536,0,512914.76,16,171.77,ATM_INT,20150522,US,ATM_INT,Viernes,22,19950605.0,344.0,M,Personal Plus,57.0,15000000.0,5000000.0,1,0.0,0.0,0.0,5,58.64,4552.41,996.87,Quincena_2
1271785880,0,513119.68,15,461.26,ATM_INT,20150525,US,ATM_INT,Lunes,25,20021206.0,551.0,M,Personal Plus,36.0,1400000.0,600000.0,1,0.0,0.0,0.0,5,95.76,4552.41,1053.32,Quincena_2
5770569078,1,5136804.53,20,574.65,POS,20150529,EC,MCI,Viernes,29,19900307.0,319.0,M,Preferencial,48.0,20300000.0,13000000.0,1,0.0,0.0,0.0,2,574.65,904.81,1149.31,Quincena_2
943159106,0,51396.11,15,243.62,POS,20150515,US,MCI,Viernes,15,20000802.0,245.0,F,Preferencial,36.0,16300000.0,6300000.0,2,7564.25,3782.13,3782.13,4,41.34,4552.41,2521.52,Quincena_1
2252692027,0,51449.09,19,733.11,POS,20150514,US,POS,Jueves,14,19950606.0,498.0,F,Preferencial,35.0,3200000.0,1500000.0,2,15714.99,7857.49,7857.49,4,562.22,4552.41,3373.33,Quincena_1
3364557465,0,51493.96,17,567.34,POS,20150513,US,MCI,Miercoles,13,19951102.0,430.0,F,Personal Plus,46.0,5000000.0,0.0,4,53306.62,5922.96,13397.14,6,194.71,4552.41,1752.37,Quincena_1
898125144,0,51524.6,18,243.62,POS,20150530,US,MCI,Sabado,30,20110919.0,611.0,M,Preferencial,36.0,19000000.0,11000000.0,2,3387.47,1693.74,1693.74,7,114.82,4552.41,2296.37,Quincena_2
9443276675,1,515816.06,20,171.77,POS,20150521,US,MCI,Jueves,21,19961001.0,1.0,F,Preferencial,34.0,11200000.0,3000000.0,2,7709.08,3854.54,3854.54,4,69.12,4552.41,414.74,Quincena_2
8179733558,0,516604.03,8,733.11,POS,20150515,US,POS,Viernes,15,19990226.0,53.0,M,Personal Plus,34.0,10000000.0,4920000.0,5,36356.33,6059.39,8351.75,3,239.0,4552.41,1911.97,Quincena_1
3052741720,0,516875.68,17,560.05,ATM_INT,20150524,US,ATM_INT,Domingo,24,20021015.0,40.0,F,Personal Plus,33.0,1664000.0,875000.0,1,0.0,0.0,0.0,2,560.05,4552.41,560.05,Quincena_2
198678984,0,518041.7,1,659.13,POS,20150521,US,MCI,Jueves,21,19910330.0,961.0,M,Preferencial,57.0,44000000.0,727000.0,2,4552.41,4552.41,4552.41,3,253.16,4552.41,1518.96,Quincena_2
4270114246,0,51806.02,15,243.62,POS,20150506,US,MCI,Miercoles,6,19910402.0,325.0,M,Preferencial,57.0,13236000.0,3500000.0,2,4552.41,4552.41,4552.41,7,58.59,4552.41,1406.19,Quincena_1
1032257399,0,518150.73,2,26.6,POS,20150528,US,MCI,Jueves,28,20030722.0,310.0,F,Emprendedor,32.0,1900000.0,800000.0,3,22900.22,3816.7,4552.41,2,26.6,4552.41,26.6,Quincena_2
7280086993,1,51828.2,19,1.0,ATM_INT,20150508,US,ATM_INT,Viernes,8,19960430.0,697.0,M,Preferencial,34.0,9850000.0,1000000.0,1,0.0,0.0,0.0,1,0.0,4552.41,1.0,Quincena_1
9580086993,1,51828.2,19,1.0,ATM_INT,20150508,US,ATM_INT,Viernes,8,19960430.0,697.0,M,Preferencial,34.0,9850000.0,1000000.0,1,0.0,0.0,0.0,1,0.0,4552.41,1.0,Quincena_1
9680086993,1,51828.2,19,1.0,ATM_INT,20150508,US,ATM_INT,Viernes,8,19960430.0,697.0,M,Preferencial,34.0,9850000.0,1000000.0,1,0.0,0.0,0.0,1,0.0,4552.41,1.0,Quincena_1
1442869946,0,51903.07,15,23.59,POS,20150525,US,POS,Lunes,25,19800903.0,412.0,F,Personal Plus,56.0,7000000.0,2500000.0,1,0.0,0.0,0.0,3,23.55,4552.41,329.68,Quincena_2
351620866,0,519102.32,17,1.0,ATM_INT,20150528,US,ATM_INT,Jueves,28,20131203.0,388.0,F,Personal Plus,54.0,1200000.0,800000.0,1,0.0,0.0,0.0,1,0.0,4552.41,1.0,Quincena_2
55900263064,0,519970.5,22,614.04,ATM_INT,20150531,US,ATM_INT,Domingo,31,20091124.0,484.0,F,Emprendedor,24.0,0.0,0.0,1,0.0,0.0,0.0,3,461.84,4552.41,12007.85,Quincena_2
64900263064,0,519970.5,23,614.04,ATM_INT,20150531,US,ATM_INT,Domingo,31,20091124.0,484.0,F,Emprendedor,24.0,0.0,0.0,1,0.0,0.0,0.0,3,461.84,4552.41,12007.85,Quincena_2
67900263064,0,519970.5,23,614.04,ATM_INT,20150531,US,ATM_INT,Domingo,31,20091124.0,484.0,F,Emprendedor,24.0,0.0,0.0,1,0.0,0.0,0.0,3,461.84,4552.41,12007.85,Quincena_2
5721223068,1,52034.4,19,733.11,ATM_INT,20150506,US,ATM_INT,Miercoles,6,20080428.0,42.0,F,Preferencial,66.0,5100000.0,1480000.0,1,0.0,0.0,0.0,5,348.63,4552.41,6275.32,Quincena_1
771748725,0,52035.08,11,28.59,POS,20150503,AW,POS,Domingo,3,19950601.0,527.0,M,Preferencial,40.0,35500000.0,2000000.0,2,9104.82,4552.41,4552.41,3,25.25,971.23,151.52,Quincena_1
2131243511,0,520378.32,17,1.0,ATM_INT,20150528,US,ATM_INT,Jueves,28,20140317.0,722.0,F,Personal Plus,63.0,8500000.0,6000000.0,2,4552.41,4552.41,4552.41,1,0.0,4552.41,1.0,Quincena_2
8343529234,0,52049.36,22,177.03,POS,20150506,US,MCI,Miercoles,6,19890712.0,268.0,F,Emprendedor,47.0,5500000.0,2200000.0,1,0.0,0.0,0.0,3,100.31,4552.41,401.23,Quincena_1
3670089504,0,520686.01,9,330.51,POS,20150521,US,POS,Jueves,21,19951222.0,967.0,M,Preferencial,57.0,20000000.0,12000000.0,1,0.0,0.0,0.0,6,136.61,4552.41,2595.55,Quincena_2
1669007434,1,52155.95,5,533.67,ATM_INT,20150507,US,ATM_INT,Jueves,7,20090212.0,652.0,F,Personal Plus,37.0,4300000.0,2000000.0,1,0.0,0.0,0.0,3,528.38,4552.41,2113.53,Quincena_1
1779494633,0,522009.6,23,304.29,ATM_INT,20150527,US,ATM_INT,Miercoles,27,20100505.0,33.0,M,Personal Plus,45.0,3500000.0,2500000.0,1,0.0,0.0,0.0,4,223.54,4552.41,1788.33,Quincena_2
1822669174,0,522009.6,12,741.95,ATM_INT,20150527,US,ATM_INT,Miercoles,27,20000711.0,640.0,F,Personal Plus,33.0,6057000.0,0.0,1,0.0,0.0,0.0,3,506.81,4552.41,9122.55,Quincena_2
3842899567,0,522244.5,20,337.29,POS,20150511,US,MCI,Lunes,11,19980508.0,24.0,F,Personal Plus,46.0,6832700.0,2000000.0,2,9104.82,4552.41,4552.41,6,56.91,4552.41,1479.67,Quincena_1
7639444661,1,5223.01,15,41.57,POS,20150521,US,POS,Jueves,21,19911101.0,505.0,F,Personal Plus,42.0,5000000.0,5000000.0,2,4552.41,4552.41,4552.41,4,26.81,4552.41,268.13,Quincena_2
1379951442,0,522770.02,9,498.04,POS,20150501,US,POS,Viernes,1,20040820.0,586.0,M,Personal Plus,36.0,2800000.0,1600000.0,2,4552.41,4552.41,4552.41,5,195.83,4552.41,2349.94,Quincena_1
8079951442,0,522770.02,9,498.04,POS,20150501,US,POS,Viernes,1,20040820.0,586.0,M,Personal Plus,36.0,2800000.0,1600000.0,2,4552.41,4552.41,4552.41,5,195.83,4552.41,2349.94,Quincena_1
241673693,0,52281.05,1,659.13,POS,20150503,US,MCI,Domingo,3,19721001.0,156.0,F,Preferencial,59.0,12000000.0,8000000.0,1,0.0,0.0,0.0,3,447.19,4552.41,2683.13,Quincena_1
9241673693,0,52281.05,1,659.13,POS,20150503,US,MCI,Domingo,3,19721001.0,156.0,F,Preferencial,59.0,12000000.0,8000000.0,1,0.0,0.0,0.0,3,447.19,4552.41,2683.13,Quincena_1
7952557362,0,523905.02,9,131.71,POS,20150522,US,POS,Viernes,22,20080813.0,167.0,F,Personal Plus,43.0,5000000.0,3000000.0,1,0.0,0.0,0.0,5,94.73,4552.41,663.11,Quincena_2
180228954,1,52418.15,23,23.31,ATM_INT,20150504,US,ATM_INT,Lunes,4,20030507.0,46.0,M,Personal Plus,35.0,1200000.0,500000.0,1,0.0,0.0,0.0,2,23.31,4552.41,46.62,Quincena_1
5221325708,0,52511.69,19,243.62,POS,20150506,US,MCI,Miercoles,6,19950309.0,929.0,F,Preferencial,75.0,3000000.0,3000000.0,1,0.0,0.0,0.0,4,26.06,4552.41,1251.03,Quincena_1
51017161489,0,525111.09,16,23.59,POS,20150524,US,POS,Domingo,24,20041230.0,438.0,M,PYME,26.0,60569982.0,55196483.0,1,0.0,0.0,0.0,5,10.71,4552.41,278.58,Quincena_2
50502134,0,525380.24,16,1.0,ATM_INT,20150528,US,ATM_INT,Jueves,28,20141015.0,495.0,M,Personal Plus,33.0,15600000.0,1000000.0,1,0.0,0.0,0.0,1,0.0,4552.41,1.0,Quincena_2
4998661548,0,525433.27,23,461.26,POS,20150506,US,MCI,Miercoles,6,19970318.0,366.0,M,Preferencial,38.0,10000000.0,4000000.0,2,27314.46,4552.41,4552.41,6,61.38,4552.41,797.9,Quincena_1
6734516664,0,52568.07,12,294.43,POS,20150518,DO,POS,Lunes,18,20040610.0,825.0,F,Personal Plus,41.0,2614000.0,600000.0,1,0.0,0.0,0.0,2,294.43,1674.2,2355.45,Quincena_2
6594412379,0,52729.06,16,280.0,POS,20150527,US,POS,Miercoles,27,19950116.0,735.0,M,Emprendedor,40.0,3400000.0,3000000.0,2,18209.64,4552.41,4552.41,3,52.14,4552.41,1042.79,Quincena_2
6243917578,1,528085.36,2,19.32,ATM_INT,20150528,US,ATM_INT,Jueves,28,20120727.0,399.0,F,Emprendedor,31.0,4500000.0,0.0,1,0.0,0.0,0.0,4,13.6,4552.41,108.79,Quincena_2
8643917578,1,528085.36,2,19.32,ATM_INT,20150528,US,ATM_INT,Jueves,28,20120727.0,399.0,F,Emprendedor,31.0,4500000.0,0.0,1,0.0,0.0,0.0,4,13.6,4552.41,108.79,Quincena_2
9143917578,1,528085.36,2,19.32,ATM_INT,20150528,US,ATM_INT,Jueves,28,20120727.0,399.0,F,Emprendedor,31.0,4500000.0,0.0,1,0.0,0.0,0.0,4,13.6,4552.41,108.79,Quincena_2
3343159106,0,52861.82,16,243.62,POS,20150515,US,MCI,Viernes,15,20000802.0,245.0,F,Preferencial,36.0,16300000.0,6300000.0,2,7564.25,3782.13,3782.13,4,41.34,4552.41,2521.52,Quincena_1
172270418,0,528947.31,18,671.25,POS,20150511,US,MCI,Lunes,11,19990617.0,107.0,M,Preferencial,33.0,10900000.0,1500000.0,1,0.0,0.0,0.0,7,522.59,4552.41,8361.51,Quincena_1
3879954647,1,52943.07,12,1217.57,POS,20150523,MX,POS,Sabado,23,20020528.0,932.0,M,Preferencial,35.0,14071000.0,1000000.0,3,18805.62,3134.27,3854.54,5,375.75,3854.54,3005.98,Quincena_2
4479954647,1,52943.07,13,1217.57,POS,20150523,MX,POS,Sabado,23,20020528.0,932.0,M,Preferencial,35.0,14071000.0,1000000.0,3,18805.62,3134.27,3854.54,5,375.75,3854.54,3005.98,Quincena_2
7630394700,1,53035.65,12,131.63,POS,20150522,US,MCI,Viernes,22,20020222.0,543.0,F,Preferencial,37.0,7900000.0,4000000.0,1,0.0,0.0,0.0,2,131.63,4552.41,526.53,Quincena_2
2443580980,0,531191.35,21,340.09,POS,20150520,US,MCI,Miercoles,20,19941025.0,738.0,F,Preferencial,41.0,25000000.0,22000000.0,2,18209.64,4552.41,4552.41,6,67.96,4552.41,1019.33,Quincena_2
3470518152,0,531534.03,13,340.09,POS,20150501,US,POS,Viernes,1,19890103.0,929.0,M,Preferencial,51.0,19327667.0,3000000.0,1,0.0,0.0,0.0,4,56.29,4552.41,844.35,Quincena_1
739687155,0,531902.87,23,123.61,POS,20150503,US,MCI,Domingo,3,19900401.0,152.0,F,Preferencial,51.0,5000000.0,5000000.0,1,0.0,0.0,0.0,7,59.98,4552.41,659.79,Quincena_1
8739687155,0,531902.87,23,123.61,POS,20150503,US,MCI,Domingo,3,19900401.0,152.0,F,Preferencial,51.0,5000000.0,5000000.0,1,0.0,0.0,0.0,7,59.98,4552.41,659.79,Quincena_1
8098543791,0,532120.33,21,540.75,POS,20150519,US,MCI,Martes,19,19920505.0,850.0,M,Preferencial,46.0,58800000.0,4555000.0,1,0.0,0.0,0.0,8,100.97,4552.41,5048.74,Quincena_2
71128421821,0,533037.33,13,44.78,POS,20150522,US,MCI,Viernes,22,20120116.0,253.0,F,Personal Plus,26.0,1200000.0,400000.0,1,0.0,0.0,0.0,4,17.3,4552.41,155.69,Quincena_2
9432243391,0,5330632.56,21,26.34,POS,20150514,US,MCI,Jueves,14,20010307.0,375.0,F,Emprendedor,31.0,3000000.0,1500000.0,2,9104.82,4552.41,4552.41,5,10.49,4552.41,115.42,Quincena_1
1352557362,0,53321.07,9,131.71,POS,20150522,US,POS,Viernes,22,20080813.0,167.0,F,Personal Plus,43.0,5000000.0,3000000.0,1,0.0,0.0,0.0,5,94.73,4552.41,663.11,Quincena_2
6980196955,0,53339.14,19,1217.57,POS,20150522,AR,MCI,Viernes,22,20060520.0,180.0,M,Personal Plus,32.0,8750000.0,2000000.0,5,28439.52,2585.41,4552.41,2,1217.57,4308.01,1217.57,Quincena_2
6866999422,0,53379.06,16,160.57,POS,20150527,US,POS,Miercoles,27,19970318.0,808.0,F,Personal Plus,38.0,3825000.0,0.0,2,18209.64,4552.41,4552.41,3,31.14,4552.41,965.22,Quincena_2
271700131,0,53396.08,12,591.73,POS,20150522,US,POS,Viernes,22,19970825.0,279.0,M,Personal Plus,47.0,3000000.0,1300000.0,1,0.0,0.0,0.0,17,197.11,4552.41,10249.76,Quincena_2
1071739276,0,53441.78,15,470.32,POS,20150503,US,MCI,Domingo,3,19921001.0,929.0,M,Preferencial,42.0,47524333.0,10000000.0,3,12659.04,1265.9,2153.87,8,230.94,4957.05,5311.69,Quincena_1
2471739276,0,53441.78,15,470.32,POS,20150503,US,MCI,Domingo,3,19921001.0,929.0,M,Preferencial,42.0,47524333.0,10000000.0,3,12659.04,1265.9,2153.87,8,230.94,4957.05,5311.69,Quincena_1
428714861,0,534703.44,19,314.71,POS,20150519,US,MCI,Martes,19,19870101.0,737.0,M,Preferencial,53.0,25496000.0,14000000.0,2,8616.02,4308.01,4308.01,4,42.17,4552.41,1138.6,Quincena_2
9598658145,0,534961.62,21,472.23,POS,20150515,US,MCI,Viernes,15,19940127.0,738.0,M,Preferencial,39.0,46917082.0,10000000.0,5,20942.87,2991.84,4552.41,11,117.99,4552.41,8612.93,Quincena_1
1522491450,0,535777.69,14,501.5,ATM_INT,20150524,US,ATM_INT,Domingo,24,20100107.0,93.0,F,Emprendedor,36.0,9000000.0,1500000.0,1,0.0,0.0,0.0,2,501.5,4552.41,1002.99,Quincena_2
4443580980,0,535781.95,23,340.09,POS,20150520,US,MCI,Miercoles,20,19941025.0,738.0,F,Preferencial,41.0,25000000.0,22000000.0,2,18209.64,4552.41,4552.41,6,67.96,4552.41,1019.33,Quincena_2
7535469594,0,53656.22,21,91.01,POS,20150501,US,MCI,Viernes,1,19990728.0,963.0,F,Preferencial,53.0,8000000.0,7000000.0,1,0.0,0.0,0.0,4,48.39,4552.41,290.35,Quincena_1
8435469594,0,53656.22,21,91.01,POS,20150501,US,MCI,Viernes,1,19990728.0,963.0,F,Preferencial,53.0,8000000.0,7000000.0,1,0.0,0.0,0.0,4,48.39,4552.41,290.35,Quincena_1
4693122572,0,537635.02,10,1151.3,POS,20150517,US,POS,Domingo,17,20100827.0,869.0,M,PYME,49.0,60000000.0,57000000.0,1,0.0,0.0,0.0,5,283.56,4552.41,5104.13,Quincena_2
3922802624,0,539016.03,7,659.13,POS,20150528,US,POS,Jueves,28,20060901.0,786.0,F,Emprendedor,36.0,8000000.0,0.0,2,1043.91,1043.91,1043.91,3,636.58,4552.41,2546.33,Quincena_2
2117345769,0,53949.6,21,74.29,POS,20150503,US,MCI,Domingo,3,20060829.0,844.0,M,Preferencial,44.0,18000000.0,4000000.0,1,0.0,0.0,0.0,2,74.29,4552.41,297.17,Quincena_1
6617345769,0,53949.6,21,74.29,POS,20150503,US,MCI,Domingo,3,20060829.0,844.0,M,Preferencial,44.0,18000000.0,4000000.0,1,0.0,0.0,0.0,2,74.29,4552.41,297.17,Quincena_1
253008141,0,54148.71,23,1.0,POS,20150519,US,MCI,Martes,19,20040616.0,180.0,F,Personal Plus,31.0,8463000.0,1680000.0,2,18209.64,4552.41,4552.41,1,0.0,4552.41,1.0,Quincena_2
1379945082,1,542614.09,10,459.14,POS,20150503,US,POS,Domingo,3,20040127.0,40.0,M,Personal,37.0,7000.0,6000.0,2,7564.25,3782.13,3782.13,8,232.13,4552.41,3481.95,Quincena_1
7179945082,1,542614.09,10,459.14,POS,20150503,US,POS,Domingo,3,20040127.0,40.0,M,Personal,37.0,7000.0,6000.0,2,7564.25,3782.13,3782.13,8,232.13,4552.41,3481.95,Quincena_1
4816651830,0,54292.74,16,1.0,POS,20150511,US,MCI,Lunes,11,19891201.0,967.0,M,Preferencial,57.0,29660000.0,1600000.0,1,0.0,0.0,0.0,1,0.0,4552.41,1.0,Quincena_1
84300504639,1,54340.95,22,399.63,ATM_INT,20150520,US,ATM_INT,Miercoles,20,20141105.0,32.0,F,Personal Plus,32.0,2800000.0,900000.0,1,0.0,0.0,0.0,2,399.63,4552.41,799.26,Quincena_2
3742494617,0,543999.07,16,659.01,POS,20150528,PA,POS,Jueves,28,19961017.0,524.0,F,Preferencial,58.0,38000000.0,1500000.0,1,0.0,0.0,0.0,4,277.12,1043.91,6096.56,Quincena_2
3123272171,0,54405.06,13,125.03,POS,20150515,US,POS,Viernes,15,20030401.0,258.0,F,Personal Plus,64.0,2168920.0,1400000.0,1,0.0,0.0,0.0,4,61.18,4552.41,489.45,Quincena_1
6151907882,1,54443.4,1,80.92,ATM_INT,20150506,US,ATM_INT,Miercoles,6,19930315.0,186.0,F,Personal Plus,48.0,5315000.0,2500000.0,1,0.0,0.0,0.0,2,80.92,4552.41,161.83,Quincena_1
8216651830,0,54460.32,23,1.0,POS,20150511,US,MCI,Lunes,11,19891201.0,967.0,M,Preferencial,57.0,29660000.0,1600000.0,1,0.0,0.0,0.0,1,0.0,4552.41,1.0,Quincena_1
3598552025,0,54507.04,16,10.34,POS,20150506,US,MCI,Miercoles,6,19971016.0,344.0,M,Personal Plus,45.0,3600000.0,1300000.0,1,0.0,0.0,0.0,2,10.34,4552.41,20.67,Quincena_1
313309915,1,545360.4,20,23.59,POS,20150524,US,MCI,Domingo,24,19900701.0,611.0,M,Preferencial,78.0,14280708.0,4500000.0,1,0.0,0.0,0.0,4,13.92,4552.41,139.15,Quincena_2
54981040,1,54539.06,18,698.52,POS,20150509,US,POS,Sabado,9,19990727.0,516.0,M,Personal Plus,33.0,1500000.0,800000.0,1,0.0,0.0,0.0,2,698.52,4552.41,1397.05,Quincena_1
4515991179,1,545543.39,14,659.13,ATM_INT,20150511,PH,ATM_INT,Lunes,11,20110413.0,40.0,M,Personal Plus,32.0,4500000.0,1000000.0,3,12017.09,4005.7,4308.01,5,201.48,17573.03,3022.24,Quincena_1
8915991179,1,545543.39,14,659.13,ATM_INT,20150511,PH,ATM_INT,Lunes,11,20110413.0,40.0,M,Personal Plus,32.0,4500000.0,1000000.0,3,12017.09,4005.7,4308.01,5,201.48,17573.03,3022.24,Quincena_1
3152886044,1,54601.6,3,80.92,ATM_INT,20150505,US,ATM_INT,Martes,5,20040920.0,674.0,F,Personal Plus,33.0,6000000.0,300000.0,1,0.0,0.0,0.0,5,26.72,4552.41,801.71,Quincena_1
5820408973,1,54601.6,3,1.0,ATM_INT,20150505,US,ATM_INT,Martes,5,19940407.0,634.0,F,Personal Plus,57.0,6000000.0,3000000.0,1,0.0,0.0,0.0,1,0.0,4552.41,1.0,Quincena_1
9452886044,1,54601.6,3,80.92,ATM_INT,20150505,US,ATM_INT,Martes,5,20040920.0,674.0,F,Personal Plus,33.0,6000000.0,300000.0,1,0.0,0.0,0.0,5,26.72,4552.41,801.71,Quincena_1
4780092676,0,54614.09,17,31.86,POS,20150502,US,POS,Sabado,2,20050225.0,698.0,M,Personal Plus,34.0,7800000.0,3000000.0,3,34913.15,5818.86,8351.75,4,29.82,4552.41,298.18,Quincena_1
5880092676,0,54614.09,17,31.86,POS,20150502,US,POS,Sabado,2,20050225.0,698.0,M,Personal Plus,34.0,7800000.0,3000000.0,3,34913.15,5818.86,8351.75,4,29.82,4552.41,298.18,Quincena_1
4998543561,0,546278.85,20,243.62,POS,20150515,US,MCI,Viernes,15,19950501.0,116.0,M,Preferencial,46.0,50000000.0,20000000.0,2,15714.99,7857.49,7857.49,4,100.69,4552.41,805.52,Quincena_1
679140549,0,54641.84,2,782.14,POS,20150530,US,MCI,Sabado,30,19910101.0,963.0,M,Preferencial,58.0,30000000.0,15000000.0,6,26156.02,5231.2,13397.14,7,444.93,4552.41,8453.7,Quincena_2
10052997899,0,546435.08,17,235.64,POS,20150501,US,POS,Viernes,1,20050729.0,180.0,F,Personal Plus,30.0,3500000.0,853000.0,2,3237.1,1618.55,1618.55,5,76.22,4552.41,609.73,Quincena_1
9252997899,0,546435.08,17,235.64,POS,20150501,US,POS,Viernes,1,20050729.0,180.0,F,Personal Plus,30.0,3500000.0,853000.0,2,3237.1,1618.55,1618.55,5,76.22,4552.41,609.73,Quincena_1
398712664,0,54764.19,18,461.26,POS,20150512,US,MCI,Martes,12,20040610.0,21.0,M,Preferencial,30.0,4500000.0,1300000.0,1,0.0,0.0,0.0,8,125.25,4552.41,3506.89,Quincena_1
7998668239,0,54847.94,18,23.59,POS,20150530,US,MCI,Sabado,30,20080603.0,29.0,M,Personal Plus,36.0,3805114.0,800000.0,1,0.0,0.0,0.0,4,13.15,4552.41,105.21,Quincena_2
4288000369,0,550643.4,2,659.33,POS,20150530,US,MCI,Sabado,30,20061107.0,363.0,M,Personal Plus,52.0,28225000.0,0.0,1,0.0,0.0,0.0,3,429.56,4552.41,1718.24,Quincena_2
7830394700,1,55074.01,11,131.63,POS,20150522,US,POS,Viernes,22,20020222.0,543.0,F,Preferencial,37.0,7900000.0,4000000.0,1,0.0,0.0,0.0,2,131.63,4552.41,526.53,Quincena_2
2145454203,0,550889.08,22,302.45,POS,20150513,US,POS,Miercoles,13,20010117.0,304.0,F,PYME,51.0,127166666.0,115479166.0,1,0.0,0.0,0.0,4,180.67,4552.41,903.34,Quincena_1
516355013,0,551264.3,15,304.29,POS,20150519,US,MCI,Martes,19,19960619.0,874.0,M,Preferencial,54.0,51500000.0,19000000.0,3,4898.45,2449.22,3854.54,4,203.58,4552.41,610.74,Quincena_2
6331970038,1,55278.3,17,1.0,ATM_INT,20150515,US,ATM_INT,Viernes,15,20090923.0,829.0,F,Personal Plus,47.0,4000000.0,1000000.0,1,0.0,0.0,0.0,1,0.0,4552.41,1.0,Quincena_1
1198563411,1,5529490.01,19,243.62,POS,20150530,FR,POS,Sabado,30,19911011.0,167.0,M,Preferencial,42.0,12740000.0,3000000.0,1,0.0,0.0,0.0,7,101.34,8455.65,3749.44,Quincena_2
6732110836,0,553323.06,10,74.85,POS,20150526,US,POS,Martes,26,19970217.0,438.0,F,Preferencial,30.0,33254960.0,10000000.0,1,0.0,0.0,0.0,2,74.85,4552.41,224.55,Quincena_2
1045530828,0,553471.01,11,698.52,POS,20150520,US,POS,Miercoles,20,20030107.0,582.0,F,Personal Plus,33.0,6800000.0,1000000.0,2,4552.41,4552.41,4552.41,3,314.11,4552.41,4083.46,Quincena_2
4416651830,0,553532.25,17,1.0,POS,20150511,US,MCI,Lunes,11,19891201.0,967.0,M,Preferencial,57.0,29660000.0,1600000.0,1,0.0,0.0,0.0,1,0.0,4552.41,1.0,Quincena_1
4371374094,0,553932.49,18,523.1,POS,20150503,US,MCI,Domingo,3,19990827.0,16.0,M,Preferencial,34.0,6440000.0,4370000.0,5,15328.29,2189.76,4552.41,13,164.76,4552.41,7578.74,Quincena_1
5171374094,0,553932.49,18,523.1,POS,20150503,US,MCI,Domingo,3,19990827.0,16.0,M,Preferencial,34.0,6440000.0,4370000.0,5,15328.29,2189.76,4552.41,13,164.76,4552.41,7578.74,Quincena_1
5471691055,0,553956.67,21,9.34,POS,20150503,US,MCI,Domingo,3,19901023.0,360.0,M,Personal Plus,47.0,13500000.0,5000000.0,2,9104.82,4552.41,4552.41,2,9.34,4552.41,56.05,Quincena_1
8771691055,0,553956.67,21,9.34,POS,20150503,US,MCI,Domingo,3,19901023.0,360.0,M,Personal Plus,47.0,13500000.0,5000000.0,2,9104.82,4552.41,4552.41,2,9.34,4552.41,56.05,Quincena_1
3943071124,0,55473.05,17,1.0,POS,20150503,US,MCI,Domingo,3,19860710.0,319.0,F,Preferencial,51.0,41000000.0,20000000.0,3,21684.07,1971.28,3854.54,1,0.0,4552.41,1.0,Quincena_1
8743071124,0,55473.05,17,1.0,POS,20150503,US,MCI,Domingo,3,19860710.0,319.0,F,Preferencial,51.0,41000000.0,20000000.0,3,21684.07,1971.28,3854.54,1,0.0,4552.41,1.0,Quincena_1
6436302872,0,555846.06,17,234.42,POS,20150513,US,MCI,Miercoles,13,20000609.0,534.0,F,PYME,34.0,56666000.0,37600750.0,1,0.0,0.0,0.0,3,219.46,4552.41,1316.79,Quincena_1
8971310803,0,556428.04,17,243.62,POS,20150524,US,POS,Domingo,24,20020709.0,613.0,M,Personal Plus,35.0,2656000.0,0.0,1,0.0,0.0,0.0,4,99.7,4552.41,1096.73,Quincena_2
5452810940,0,556776.09,17,37.14,POS,20150524,US,POS,Domingo,24,20060616.0,582.0,F,Personal Plus,33.0,2500000.0,1000000.0,1,0.0,0.0,0.0,4,19.4,4552.41,252.22,Quincena_2
5271749906,0,55832.09,14,659.13,POS,20150520,US,POS,Miercoles,20,20080516.0,171.0,M,Preferencial,40.0,14000000.0,5000000.0,2,18209.64,4552.41,4552.41,4,431.37,4552.41,3019.58,Quincena_2
215388284,0,55861.09,10,330.51,POS,20150524,US,POS,Domingo,24,20020128.0,935.0,M,Personal Plus,31.0,4000000.0,2000000.0,1,0.0,0.0,0.0,7,73.32,4552.41,1613.14,Quincena_2
5443617928,0,558634.08,18,9.53,POS,20150521,US,POS,Jueves,21,19990803.0,9.0,F,Personal Plus,39.0,12000000.0,6000000.0,3,7722.44,2574.15,3854.54,3,9.4,4552.41,56.42,Quincena_2
2671366206,0,56081.03,10,461.26,POS,20150517,US,POS,Domingo,17,20000824.0,7.0,M,Personal Plus,31.0,12700000.0,600000.0,3,13280.47,2213.41,4552.41,4,157.07,4552.41,1256.57,Quincena_2
2419077011,0,56086.02,13,74.29,POS,20150506,US,POS,Miercoles,6,19960124.0,932.0,M,Personal Plus,66.0,7863000.0,1000000.0,1,0.0,0.0,0.0,2,74.29,4552.41,148.59,Quincena_1
437837900,0,561436.15,21,340.09,POS,20150501,US,MCI,Viernes,1,19830520.0,850.0,F,Preferencial,59.0,6000000.0,3000000.0,2,9104.82,4552.41,4552.41,7,174.65,4552.41,2794.43,Quincena_1
9537837900,0,561436.15,21,340.09,POS,20150501,US,MCI,Viernes,1,19830520.0,850.0,F,Preferencial,59.0,6000000.0,3000000.0,2,9104.82,4552.41,4552.41,7,174.65,4552.41,2794.43,Quincena_1
3953177089,0,561749.04,18,659.13,POS,20150527,PR,POS,Miercoles,27,20050228.0,652.0,F,Preferencial,29.0,12000000.0,3465000.0,4,50903.3,3635.95,4552.41,5,359.0,1693.74,6102.98,Quincena_2
8179693572,0,561749.04,11,48.19,POS,20150526,US,POS,Martes,26,19970617.0,42.0,M,Personal Plus,41.0,6000000.0,4000000.0,3,10914.44,2728.61,4552.41,3,37.17,4552.41,111.52,Quincena_2
4379625987,0,56214.09,12,80.92,POS,20150504,US,POS,Lunes,4,19960119.0,634.0,M,Preferencial,42.0,14500000.0,10000000.0,2,27314.46,4552.41,4552.41,2,80.92,4552.41,161.83,Quincena_1
9279625987,0,56214.09,12,80.92,POS,20150504,US,POS,Lunes,4,19960119.0,634.0,M,Preferencial,42.0,14500000.0,10000000.0,2,27314.46,4552.41,4552.41,2,80.92,4552.41,161.83,Quincena_1
858678984,0,562175.02,23,659.13,POS,20150521,US,MCI,Jueves,21,19910330.0,961.0,M,Preferencial,57.0,44000000.0,727000.0,2,4552.41,4552.41,4552.41,3,253.16,4552.41,1518.96,Quincena_2
7932659169,1,5626.77,11,671.25,POS,20150528,IT,MCI,Jueves,28,19970610.0,483.0,F,Personal Plus,53.0,1000000.0,600000.0,4,19271.09,3211.85,9284.13,5,459.29,9284.13,4592.91,Quincena_2
842108697,0,562924.5,21,178.36,POS,20150519,US,MCI,Martes,19,19980420.0,73.0,F,Preferencial,41.0,9028495.0,1000000.0,1,0.0,0.0,0.0,4,64.64,4552.41,517.11,Quincena_2
278309257,1,563766.14,1,243.62,POS,20150522,US,MCI,Viernes,22,19890901.0,2.0,M,Preferencial,65.0,5509222.0,5509222.0,4,32198.83,2927.17,3854.54,2,243.62,4552.41,487.24,Quincena_2
4272142985,1,564982.67,17,671.25,POS,20150501,US,MCI,Viernes,1,20130221.0,548.0,M,Preferencial,48.0,11518000.0,1000000.0,1,0.0,0.0,0.0,2,671.25,4552.41,4027.49,Quincena_1
4572142985,1,564982.67,17,671.25,POS,20150501,US,MCI,Viernes,1,20130221.0,548.0,M,Preferencial,48.0,11518000.0,1000000.0,1,0.0,0.0,0.0,2,671.25,4552.41,4027.49,Quincena_1
3351559434,1,56545.95,2,1.0,ATM_INT,20150501,US,ATM_INT,Viernes,1,20020222.0,638.0,F,Personal Plus,55.0,4702500.0,2000000.0,3,10141.52,3380.51,4552.41,1,0.0,4552.41,1.0,Quincena_1
179142419,0,566460.06,20,792.04,POS,20150524,US,POS,Domingo,24,19790912.0,245.0,M,Preferencial,60.0,20000000.0,20000000.0,3,34644.97,8661.24,15703.93,8,265.11,4552.41,9543.83,Quincena_2
3998580171,0,567323.92,0,340.09,POS,20150513,US,MCI,Miercoles,13,19740401.0,18.0,M,Preferencial,45.0,11000000.0,8000000.0,3,47372.69,4306.61,8827.31,7,58.15,5589.11,3547.42,Quincena_1
4132205583,0,56756.02,23,18.96,POS,20150519,US,POS,Martes,19,20030423.0,280.0,F,Personal Plus,32.0,2400000.0,1781000.0,1,0.0,0.0,0.0,3,15.49,4552.41,61.95,Quincena_2
2079783481,0,567824.09,11,304.29,POS,20150526,PY,POS,Martes,26,20060530.0,48.0,M,Preferencial,39.0,20000000.0,9000000.0,1,0.0,0.0,0.0,2,304.29,3364.98,608.58,Quincena_2
1832208001,0,569227.71,16,243.62,POS,20150517,US,MCI,Domingo,17,19930628.0,362.0,F,Personal Plus,32.0,3100000.0,2000000.0,1,0.0,0.0,0.0,5,62.91,4552.41,629.07,Quincena_2
3379945082,1,569838.08,10,459.14,POS,20150503,US,POS,Domingo,3,20040127.0,40.0,M,Personal,37.0,7000.0,6000.0,2,7564.25,3782.13,3782.13,8,232.13,4552.41,3481.95,Quincena_1
5779945082,1,569838.08,10,459.14,POS,20150503,US,POS,Domingo,3,20040127.0,40.0,M,Personal,37.0,7000.0,6000.0,2,7564.25,3782.13,3782.13,8,232.13,4552.41,3481.95,Quincena_1
543400901,0,570935.61,16,19.57,POS,20150511,US,MCI,Lunes,11,20020705.0,541.0,F,Personal Plus,34.0,2100000.0,300000.0,2,9104.82,4552.41,4552.41,4,14.08,4552.41,154.92,Quincena_1
1372150888,0,571907.4,16,659.13,POS,20150518,US,MCI,Lunes,18,19860506.0,963.0,M,Preferencial,47.0,84783895.0,10000000.0,7,46220.19,3301.44,9329.04,4,325.62,4552.41,1953.74,Quincena_2
7039359227,0,572262.3,2,122.73,POS,20150503,US,MCI,Domingo,3,20110427.0,19.0,F,Personal Plus,32.0,2909000.0,600000.0,1,0.0,0.0,0.0,3,20.68,4552.41,206.81,Quincena_1
9139359227,0,572262.3,2,122.73,POS,20150503,US,MCI,Domingo,3,20110427.0,19.0,F,Personal Plus,32.0,2909000.0,600000.0,1,0.0,0.0,0.0,3,20.68,4552.41,206.81,Quincena_1
2079558012,0,5729345.51,21,23.31,POS,20150502,US,MCI,Sabado,2,19911003.0,498.0,M,Preferencial,42.0,34000000.0,0.0,4,8448.73,1689.75,2443.14,2,23.31,4552.41,93.24,Quincena_1
9479558012,0,5729345.51,21,23.31,POS,20150502,US,MCI,Sabado,2,19911003.0,498.0,M,Preferencial,42.0,34000000.0,0.0,4,8448.73,1689.75,2443.14,2,23.31,4552.41,93.24,Quincena_1
4339177364,0,573243.02,8,243.62,POS,20150512,US,POS,Martes,12,20040510.0,299.0,F,Personal Plus,31.0,1064000.0,200000.0,2,27314.46,4552.41,4552.41,2,243.62,4552.41,974.49,Quincena_1
4270561811,0,574423.05,16,23.59,POS,20150512,US,POS,Martes,12,19960816.0,5.0,M,Preferencial,50.0,38822000.0,10500000.0,2,4552.41,4552.41,4552.41,2,23.59,4552.41,283.03,Quincena_1
7171718336,0,574970.66,2,270.5,POS,20150503,US,MCI,Domingo,3,19900717.0,6.0,M,Preferencial,44.0,10000000.0,5000000.0,1,0.0,0.0,0.0,13,76.67,4552.41,3603.58,Quincena_1
8571718336,0,574970.66,2,270.5,POS,20150503,US,MCI,Domingo,3,19900717.0,6.0,M,Preferencial,44.0,10000000.0,5000000.0,1,0.0,0.0,0.0,13,76.67,4552.41,3603.58,Quincena_1
734044257,0,575775.01,4,331.84,POS,20150522,PA,POS,Viernes,22,20000518.0,115.0,F,Preferencial,58.0,12096583.0,1000000.0,2,9104.82,4552.41,4552.41,6,167.76,1043.91,1677.55,Quincena_2
2472346483,0,57643.04,21,614.04,POS,20150515,PA,POS,Viernes,15,20010903.0,692.0,M,Personal Plus,30.0,2500000.0,200000.0,1,0.0,0.0,0.0,2,614.04,1043.91,1228.07,Quincena_1
8480076777,0,57728.02,19,235.64,POS,20150513,US,POS,Miercoles,13,20051027.0,171.0,M,Preferencial,34.0,9400000.0,5000000.0,3,20019.26,3336.54,4552.41,7,110.92,4552.41,1663.81,Quincena_1
2871786223,0,577309.9,8,461.26,POS,20150513,US,MCI,Miercoles,13,19970617.0,238.0,M,Preferencial,39.0,15500000.0,2000000.0,2,1942.46,971.23,971.23,9,72.17,4552.41,2814.59,Quincena_1
118616986,0,57811.61,14,289.8,POS,20150515,US,MCI,Viernes,15,20050421.0,634.0,M,Preferencial,34.0,5000000.0,3800000.0,1,0.0,0.0,0.0,11,77.38,4552.41,3327.16,Quincena_1
1298662117,0,579223.09,14,238.8,POS,20150502,US,POS,Sabado,2,19980224.0,29.0,M,Personal Plus,38.0,8400000.0,4600000.0,3,5324.92,1331.23,1618.55,4,52.33,4552.41,313.99,Quincena_1
1898662117,0,579223.09,14,238.8,POS,20150502,US,POS,Sabado,2,19980224.0,29.0,M,Personal Plus,38.0,8400000.0,4600000.0,3,5324.92,1331.23,1618.55,4,52.33,4552.41,313.99,Quincena_1
1216482214,0,582768.03,20,25.02,POS,20150515,US,POS,Viernes,15,20000530.0,728.0,M,Personal Plus,52.0,3391993.0,0.0,2,9104.82,4552.41,4552.41,2,25.02,4552.41,50.04,Quincena_1
26382108,0,583790.01,12,61.45,POS,20150530,US,POS,Sabado,30,20100708.0,498.0,M,Preferencial,35.0,21143357.0,10000000.0,5,49912.1,4991.21,9793.85,3,29.4,4552.41,323.39,Quincena_2
93300501209,0,58399.01,12,304.29,POS,20150516,US,POS,Sabado,16,20100222.0,265.0,F,Personal Plus,61.0,2290708.0,300000.0,2,22762.05,4552.41,4552.41,3,76.6,4552.41,765.98,Quincena_2
6164555426,0,59020.3,18,659.13,POS,20150514,US,MCI,Jueves,14,19941110.0,498.0,F,Preferencial,47.0,10000000.0,3000000.0,2,18209.64,4552.41,4552.41,7,348.89,4552.41,4186.72,Quincena_1
6898712664,0,59132.05,11,461.26,POS,20150512,US,POS,Martes,12,20040610.0,21.0,M,Preferencial,30.0,4500000.0,1300000.0,1,0.0,0.0,0.0,8,125.25,4552.41,3506.89,Quincena_1
7732491455,0,591836.13,19,461.26,POS,20150515,US,MCI,Viernes,15,19840827.0,929.0,F,Preferencial,62.0,5800000.0,1000000.0,3,19434.45,6478.15,7511.72,4,80.01,4552.41,1120.08,Quincena_1
2515434280,0,59230.07,19,340.79,POS,20150511,US,POS,Lunes,11,20030306.0,540.0,M,Preferencial,44.0,12819167.0,9862667.0,2,9104.82,4552.41,4552.41,7,64.49,4552.41,2192.53,Quincena_1
7631973301,0,592725.04,19,1165.74,POS,20150515,US,POS,Viernes,15,19920909.0,735.0,F,Preferencial,47.0,12000000.0,6000000.0,2,18209.64,4552.41,4552.41,4,588.01,4552.41,2940.07,Quincena_1
7770557880,1,593640.68,17,243.62,POS,20150530,US,MCI,Sabado,30,19860801.0,600.0,M,Preferencial,52.0,23000000.0,9707000.0,2,3237.1,1618.55,1618.55,3,32.77,4552.41,655.4,Quincena_2
7791281692,0,594382.95,0,659.13,POS,20150517,US,MCI,Domingo,17,19960710.0,518.0,M,Empresarial,43.0,76078968.0,89227567.0,4,26471.85,4411.98,7857.49,8,329.25,4552.41,5268.0,Quincena_2
4586068465,0,594467.05,14,317.87,POS,20150515,US,POS,Viernes,15,20120313.0,364.0,M,PYME,34.0,11000000.0,5000000.0,1,0.0,0.0,0.0,4,137.64,4552.41,688.2,Quincena_1
6041928560,1,59560.92,21,118.62,ATM_INT,20150508,US,ATM_INT,Viernes,8,20050401.0,865.0,F,Personal Plus,41.0,3500000.0,2000000.0,4,5752.54,1917.51,2559.53,4,64.49,4552.41,257.95,Quincena_1
1779954647,1,59561.07,12,1217.57,POS,20150523,MX,POS,Sabado,23,20020528.0,932.0,M,Preferencial,35.0,14071000.0,1000000.0,3,18805.62,3134.27,3854.54,5,375.75,3854.54,3005.98,Quincena_2
5279056433,0,595726.09,15,304.29,POS,20150522,US,POS,Viernes,22,20110804.0,829.0,M,Personal Plus,45.0,3800000.0,2300000.0,1,0.0,0.0,0.0,3,232.34,4552.41,1858.74,Quincena_2
5698668320,0,595776.74,23,337.29,POS,20150515,US,MCI,Viernes,15,19991210.0,600.0,M,Preferencial,36.0,47736000.0,3000000.0,2,1809.62,904.81,904.81,9,113.45,4552.41,5218.81,Quincena_1
2138566883,0,59904.05,18,1.0,POS,20150519,US,POS,Martes,19,20070810.0,836.0,F,Personal Plus,32.0,6200000.0,4500000.0,2,36419.28,4552.41,4552.41,1,0.0,4552.41,1.0,Quincena_2
8432526552,0,60232.29,1,340.09,POS,20150519,US,MCI,Martes,19,19910222.0,850.0,F,Preferencial,60.0,0.0,0.0,1,0.0,0.0,0.0,6,58.9,4552.41,2473.75,Quincena_2
71015411484,1,60238.89,19,1.0,ATM_INT,20150502,US,ATM_INT,Sabado,2,20070823.0,39.0,F,Personal,26.0,350000.0,300000.0,1,0.0,0.0,0.0,1,0.0,4552.41,1.0,Quincena_1
418736137,0,603348.01,14,659.13,POS,20150511,US,POS,Lunes,11,19960409.0,210.0,M,Preferencial,53.0,26653903.0,6000000.0,2,3237.1,1618.55,1618.55,3,623.06,4552.41,6230.55,Quincena_1
90300490430,1,60347.33,17,1.0,ATM_INT,20150522,PA,ATM_INT,Viernes,22,20140724.0,30.0,F,Personal Plus,24.0,1223000.0,1000000.0,2,9104.82,4552.41,4552.41,1,0.0,1043.91,1.0,Quincena_2
116640256,0,603532.07,23,511.05,POS,20150519,PA,POS,Martes,19,19930623.0,766.0,M,Personal Plus,58.0,4016000.0,6000000.0,1,0.0,0.0,0.0,5,59.16,1043.91,2307.09,Quincena_2
2071315454,0,60454.5,20,662.36,POS,20150503,US,MCI,Domingo,3,19990521.0,543.0,M,Personal Plus,35.0,6117244.0,900000.0,1,0.0,0.0,0.0,20,124.35,4552.41,6963.34,Quincena_1
3571315454,0,60454.5,20,662.36,POS,20150503,US,MCI,Domingo,3,19990521.0,543.0,M,Personal Plus,35.0,6117244.0,900000.0,1,0.0,0.0,0.0,20,124.35,4552.41,6963.34,Quincena_1
4643723602,0,606403.06,20,472.23,POS,20150520,US,POS,Miercoles,20,20030412.0,29.0,F,Preferencial,45.0,12547500.0,3000000.0,2,1809.62,904.81,904.81,5,181.58,4552.41,1997.42,Quincena_2
851853012,0,60655.05,23,1.0,POS,20150512,US,POS,Martes,12,20140811.0,702.0,F,Personal Plus,48.0,2000000.0,0.0,1,0.0,0.0,0.0,1,0.0,4552.41,1.0,Quincena_1
3066859620,0,609919.18,23,277.48,POS,20150506,US,MCI,Miercoles,6,19911210.0,60.0,F,Preferencial,41.0,16000000.0,4000000.0,3,45003.92,7500.65,13397.14,3,152.15,4552.41,608.6,Quincena_1
41017141750,0,60992.03,10,472.23,POS,20150515,PA,POS,Viernes,15,20060717.0,589.0,M,Personal Plus,28.0,2500000.0,1500000.0,2,9104.82,4552.41,4552.41,12,187.11,1934.89,7110.23,Quincena_1
5979901941,1,61053.01,15,1217.57,POS,20150529,US,POS,Viernes,29,20131202.0,31.0,M,Personal Plus,37.0,6760000.0,500000.0,1,0.0,0.0,0.0,15,190.49,4552.41,4952.61,Quincena_2
488357205,0,610772.36,21,10.34,POS,20150519,US,MCI,Martes,19,20020118.0,267.0,M,Emprendedor,31.0,2300000.0,600000.0,3,35899.1,8974.77,13397.14,3,8.85,4552.41,221.16,Quincena_2
6043870429,0,611176.08,14,23.59,POS,20150530,US,POS,Sabado,30,19991210.0,5.0,F,Preferencial,35.0,8600000.0,3300000.0,3,10673.77,2668.44,3854.54,5,10.39,4552.41,405.37,Quincena_2
1743756492,0,61191.19,21,472.23,POS,20150513,US,MCI,Miercoles,13,20110727.0,935.0,F,Personal Plus,37.0,18000000.0,12000000.0,2,18209.64,4552.41,4552.41,6,61.02,4552.41,3417.23,Quincena_1
3343529234,0,611963.19,18,177.03,POS,20150506,US,MCI,Miercoles,6,19890712.0,268.0,F,Emprendedor,47.0,5500000.0,2200000.0,1,0.0,0.0,0.0,3,100.31,4552.41,401.23,Quincena_1
52425330,0,61338.9,13,23.59,POS,20150525,US,MCI,Lunes,25,20130204.0,29.0,M,Preferencial,38.0,26565329.0,7000000.0,2,9104.82,4552.41,4552.41,3,16.46,4552.41,65.86,Quincena_2
5679957085,0,6137.03,16,23.31,POS,20150501,US,POS,Viernes,1,20140128.0,113.0,F,Personal Plus,34.0,5000000.0,5000000.0,2,18209.64,4552.41,4552.41,2,23.31,4552.41,93.24,Quincena_1
6379957085,0,6137.03,16,23.31,POS,20150501,US,POS,Viernes,1,20140128.0,113.0,F,Personal Plus,34.0,5000000.0,5000000.0,2,18209.64,4552.41,4552.41,2,23.31,4552.41,93.24,Quincena_1
7610027282,0,61553.02,13,243.62,POS,20150516,US,POS,Sabado,16,19961204.0,116.0,M,Preferencial,39.0,20500000.0,5000000.0,1,0.0,0.0,0.0,5,157.33,4552.41,3461.37,Quincena_2
2542899567,0,618405.85,17,337.29,POS,20150511,US,MCI,Lunes,11,19980508.0,24.0,F,Personal Plus,46.0,6832700.0,2000000.0,2,9104.82,4552.41,4552.41,6,56.91,4552.41,1479.67,Quincena_1
6443866266,0,6188.07,16,243.62,POS,20150517,US,POS,Domingo,17,20020718.0,342.0,F,Emprendedor,35.0,3500000.0,0.0,1,0.0,0.0,0.0,2,243.62,4552.41,974.49,Quincena_2
5071728206,0,618862.05,11,18.78,POS,20150521,US,POS,Jueves,21,20100817.0,8.0,M,Personal Plus,43.0,1758000.0,1000000.0,1,0.0,0.0,0.0,3,11.15,4552.41,189.54,Quincena_2
10039444661,1,618862.05,15,41.57,POS,20150521,US,POS,Jueves,21,19911101.0,505.0,F,Personal Plus,42.0,5000000.0,5000000.0,2,4552.41,4552.41,4552.41,4,26.81,4552.41,268.13,Quincena_2
2141666907,0,62168.05,15,1.0,POS,20150511,US,POS,Lunes,11,20130815.0,108.0,F,Personal,58.0,837000.0,500000.0,1,0.0,0.0,0.0,1,0.0,4552.41,1.0,Quincena_1
1432434046,0,62171.41,21,243.62,POS,20150502,US,MCI,Sabado,2,19780714.0,360.0,F,Personal Plus,66.0,9000000.0,6000000.0,2,4552.41,4552.41,4552.41,2,243.62,4552.41,2679.85,Quincena_1
4132434046,0,62171.41,21,243.62,POS,20150502,US,MCI,Sabado,2,19780714.0,360.0,F,Personal Plus,66.0,9000000.0,6000000.0,2,4552.41,4552.41,4552.41,2,243.62,4552.41,2679.85,Quincena_1
2521337262,0,621803.07,20,23.59,POS,20150507,US,POS,Jueves,7,19760402.0,29.0,F,Preferencial,74.0,14200000.0,8965000.0,1,0.0,0.0,0.0,3,18.57,4552.41,185.71,Quincena_1
9443626404,0,62202.08,23,23.59,POS,20150514,US,POS,Jueves,14,19991118.0,342.0,F,Personal Plus,39.0,2500000.0,800000.0,2,9104.82,4552.41,4552.41,4,12.44,4552.41,348.27,Quincena_1
280017021,1,623073.22,16,61.45,ATM_INT,20150526,CR,ATM_INT,Martes,26,20050831.0,237.0,M,Personal Plus,37.0,10000000.0,7000000.0,2,9104.82,4552.41,4552.41,2,61.45,1482.35,122.9,Quincena_2
4916787159,0,623406.8,15,1165.74,POS,20150503,US,MCI,Domingo,3,19991129.0,836.0,M,Preferencial,44.0,13442403.0,3000000.0,1,0.0,0.0,0.0,6,219.33,4552.41,6360.55,Quincena_1
6516787159,0,623406.8,15,1165.74,POS,20150503,US,MCI,Domingo,3,19991129.0,836.0,M,Preferencial,44.0,13442403.0,3000000.0,1,0.0,0.0,0.0,6,219.33,4552.41,6360.55,Quincena_1
7043461873,0,62388.25,23,243.62,POS,20150520,US,MCI,Miercoles,20,19980511.0,344.0,F,Personal Plus,36.0,3247000.0,500000.0,1,0.0,0.0,0.0,4,86.88,4552.41,521.27,Quincena_2
6324481666,0,624904.01,13,733.45,POS,20150514,US,POS,Jueves,14,19960820.0,193.0,F,Preferencial,63.0,12000000.0,12000000.0,1,0.0,0.0,0.0,5,303.45,4552.41,2731.01,Quincena_1
1079558012,0,6254066.04,17,23.31,POS,20150502,US,POS,Sabado,2,19911003.0,498.0,M,Preferencial,42.0,34000000.0,0.0,4,8448.73,1689.75,2443.14,2,23.31,4552.41,93.24,Quincena_1
8379558012,0,6254066.04,17,23.31,POS,20150502,US,POS,Sabado,2,19911003.0,498.0,M,Preferencial,42.0,34000000.0,0.0,4,8448.73,1689.75,2443.14,2,23.31,4552.41,93.24,Quincena_1
9398658008,1,625842.05,12,9.34,POS,20150522,US,POS,Viernes,22,19990927.0,72.0,M,Preferencial,39.0,10000000.0,1000000.0,5,20078.4,2868.34,4552.41,3,8.91,4552.41,267.2,Quincena_2
9698658008,1,625842.05,12,9.34,POS,20150522,US,POS,Viernes,22,19990927.0,72.0,M,Preferencial,39.0,10000000.0,1000000.0,5,20078.4,2868.34,4552.41,3,8.91,4552.41,267.2,Quincena_2
6643984037,0,627420.09,17,25.02,POS,20150507,US,POS,Jueves,7,20061022.0,543.0,F,Personal Plus,30.0,2820000.0,1423324.0,1,0.0,0.0,0.0,5,10.11,4552.41,374.14,Quincena_1
1616340566,0,62925.03,16,80.63,POS,20150503,US,POS,Domingo,3,20100909.0,807.0,M,Personal Plus,67.0,10000000.0,8000000.0,1,0.0,0.0,0.0,3,67.18,4552.41,537.42,Quincena_1
2016340566,0,62925.03,16,80.63,POS,20150503,US,POS,Domingo,3,20100909.0,807.0,M,Personal Plus,67.0,10000000.0,8000000.0,1,0.0,0.0,0.0,3,67.18,4552.41,537.42,Quincena_1
5839444661,1,629333.06,15,41.57,POS,20150521,US,POS,Jueves,21,19911101.0,505.0,F,Personal Plus,42.0,5000000.0,5000000.0,2,4552.41,4552.41,4552.41,4,26.81,4552.41,268.13,Quincena_2
41128436043,0,62989.07,11,279.77,POS,20150515,US,POS,Viernes,15,20110304.0,907.0,M,Personal Plus,24.0,2000000.0,0.0,5,27357.87,3908.27,7857.49,5,144.63,4552.41,1157.01,Quincena_1
2442547546,1,630130.5,18,1.0,ATM_INT,20150530,US,ATM_INT,Sabado,30,20141226.0,763.0,F,Personal Plus,34.0,2000000.0,500000.0,3,7722.44,2574.15,3854.54,1,0.0,4552.41,1.0,Quincena_2
1879624710,0,63055.55,23,181.91,ATM_INT,20150515,DO,ATM_INT,Viernes,15,20030211.0,202.0,M,Personal Plus,41.0,6000000.0,3000000.0,5,34082.07,4260.26,8351.75,4,103.31,1674.2,516.56,Quincena_1
5051697679,0,63114.5,22,711.63,POS,20150503,US,MCI,Domingo,3,19930615.0,661.0,F,Personal Plus,52.0,7200000.0,0.0,1,0.0,0.0,0.0,5,449.66,4552.41,3597.31,Quincena_1
8351697679,0,63114.5,22,711.63,POS,20150503,US,MCI,Domingo,3,19930615.0,661.0,F,Personal Plus,52.0,7200000.0,0.0,1,0.0,0.0,0.0,5,449.66,4552.41,3597.31,Quincena_1
4498667380,0,63190.05,11,243.62,POS,20150505,US,POS,Martes,5,19990819.0,277.0,M,Preferencial,36.0,8000000.0,4500000.0,2,9104.82,4552.41,4552.41,5,20.06,4552.41,782.22,Quincena_1
9091224532,0,63218.43,21,292.27,POS,20150506,US,MCI,Miercoles,6,19930201.0,929.0,M,Preferencial,52.0,66870000.0,15000000.0,2,13657.23,4552.41,4552.41,10,154.05,4552.41,4775.58,Quincena_1
51128265665,0,63249.08,20,363.85,POS,20150516,US,POS,Sabado,16,20090625.0,551.0,F,Personal Plus,28.0,3300000.0,300000.0,1,0.0,0.0,0.0,6,69.66,4552.41,1393.25,Quincena_2
10043071124,0,63259.59,16,1.0,POS,20150503,US,MCI,Domingo,3,19860710.0,319.0,F,Preferencial,51.0,41000000.0,20000000.0,3,21684.07,1971.28,3854.54,1,0.0,4552.41,1.0,Quincena_1
7343071124,0,63259.59,16,1.0,POS,20150503,US,MCI,Domingo,3,19860710.0,319.0,F,Preferencial,51.0,41000000.0,20000000.0,3,21684.07,1971.28,3854.54,1,0.0,4552.41,1.0,Quincena_1
1310273521,0,634669.5,15,167.78,ATM_INT,20150530,CL,ATM_INT,Sabado,30,19961001.0,31.0,M,Preferencial,50.0,15472000.0,8200000.0,1,0.0,0.0,0.0,6,78.94,3782.13,789.36,Quincena_2
779454028,0,635832.34,20,31.86,POS,20150529,US,MCI,Viernes,29,20000222.0,152.0,M,Preferencial,47.0,37000000.0,18000000.0,5,54557.64,4546.47,8351.75,5,20.74,4552.41,228.1,Quincena_2
4398658008,1,636431.07,12,9.34,POS,20150522,US,POS,Viernes,22,19990927.0,72.0,M,Preferencial,39.0,10000000.0,1000000.0,5,20078.4,2868.34,4552.41,3,8.91,4552.41,267.2,Quincena_2
1672270418,0,63676.68,22,671.25,POS,20150511,US,MCI,Lunes,11,19990617.0,107.0,M,Preferencial,33.0,10900000.0,1500000.0,1,0.0,0.0,0.0,7,522.59,4552.41,8361.51,Quincena_1
4343756492,0,63765.89,22,472.23,POS,20150513,US,MCI,Miercoles,13,20110727.0,935.0,F,Personal Plus,37.0,18000000.0,12000000.0,2,18209.64,4552.41,4552.41,6,61.02,4552.41,3417.23,Quincena_1
1370087206,0,63880.06,15,583.99,POS,20150501,US,POS,Viernes,1,20120502.0,222.0,M,Personal Plus,59.0,23362137.0,8500000.0,2,27314.46,4552.41,4552.41,3,85.34,4552.41,1280.1,Quincena_1
870087206,0,63880.06,15,583.99,POS,20150501,US,POS,Viernes,1,20120502.0,222.0,M,Personal Plus,59.0,23362137.0,8500000.0,2,27314.46,4552.41,4552.41,3,85.34,4552.41,1280.1,Quincena_1
8837924747,0,638864.01,10,614.04,POS,20150521,US,POS,Jueves,21,19891001.0,210.0,F,Preferencial,53.0,49600000.0,5000000.0,2,18209.64,4552.41,4552.41,3,577.37,4552.41,14434.25,Quincena_2
4371786223,0,64030.58,17,461.26,POS,20150513,US,MCI,Miercoles,13,19970617.0,238.0,M,Preferencial,39.0,15500000.0,2000000.0,2,1942.46,971.23,971.23,9,72.17,4552.41,2814.59,Quincena_1
4271776872,0,642533.08,15,279.77,POS,20150517,US,POS,Domingo,17,19970529.0,29.0,M,Preferencial,36.0,13200000.0,2000000.0,1,0.0,0.0,0.0,6,133.39,4552.41,2267.56,Quincena_2
118266544,0,642871.82,22,470.23,POS,20150515,US,MCI,Viernes,15,19790208.0,929.0,M,Preferencial,69.0,20000000.0,5000000.0,3,15715.64,5238.55,7857.49,4,112.29,4552.41,1122.93,Quincena_1
478029059,0,643453.52,20,659.13,POS,20150503,US,MCI,Domingo,3,20091221.0,202.0,M,Personal Plus,30.0,1500000.0,1500000.0,1,0.0,0.0,0.0,5,118.8,4552.41,2732.37,Quincena_1
568029059,0,643453.52,20,659.13,POS,20150503,US,MCI,Domingo,3,20091221.0,202.0,M,Personal Plus,30.0,1500000.0,1500000.0,1,0.0,0.0,0.0,5,118.8,4552.41,2732.37,Quincena_1
6564555426,0,64372.63,18,659.13,POS,20150514,US,MCI,Jueves,14,19941110.0,498.0,F,Preferencial,47.0,10000000.0,3000000.0,2,18209.64,4552.41,4552.41,7,348.89,4552.41,4186.72,Quincena_1
2498580171,0,643746.74,23,340.09,POS,20150513,US,MCI,Miercoles,13,19740401.0,18.0,M,Preferencial,45.0,11000000.0,8000000.0,3,47372.69,4306.61,8827.31,7,58.15,5589.11,3547.42,Quincena_1
9379140549,0,64405.75,19,782.14,POS,20150530,US,MCI,Sabado,30,19910101.0,963.0,M,Preferencial,58.0,30000000.0,15000000.0,6,26156.02,5231.2,13397.14,7,444.93,4552.41,8453.7,Quincena_2
1479140549,0,644057.5,17,782.14,POS,20150530,US,MCI,Sabado,30,19910101.0,963.0,M,Preferencial,58.0,30000000.0,15000000.0,6,26156.02,5231.2,13397.14,7,444.93,4552.41,8453.7,Quincena_2
3871709716,0,644278.36,2,243.62,POS,20150505,US,MCI,Martes,5,19960510.0,279.0,M,Personal Plus,45.0,6130000.0,3000000.0,2,9104.82,4552.41,4552.41,7,33.99,4552.41,713.81,Quincena_1
4698562174,0,64534.01,9,243.62,POS,20150520,PA,POS,Miercoles,20,19990127.0,267.0,M,Preferencial,42.0,7500000.0,3000000.0,2,18209.64,4552.41,4552.41,5,82.31,1043.91,576.17,Quincena_2
4942897602,1,645370.5,19,243.62,POS,20150501,US,MCI,Viernes,1,19910816.0,152.0,F,Preferencial,47.0,22966944.0,5000000.0,1,0.0,0.0,0.0,2,243.62,4552.41,974.49,Quincena_1
7442897602,1,645370.5,19,243.62,POS,20150501,US,MCI,Viernes,1,19910816.0,152.0,F,Preferencial,47.0,22966944.0,5000000.0,1,0.0,0.0,0.0,2,243.62,4552.41,974.49,Quincena_1
3343189786,0,64602.01,22,13.67,POS,20150519,US,POS,Martes,19,20060321.0,1.0,F,Personal Plus,30.0,2691590.0,1083000.0,1,0.0,0.0,0.0,5,10.07,4552.41,221.52,Quincena_2
217345769,0,646838.97,23,74.29,POS,20150503,US,MCI,Domingo,3,20060829.0,844.0,M,Preferencial,44.0,18000000.0,4000000.0,1,0.0,0.0,0.0,2,74.29,4552.41,297.17,Quincena_1
8917345769,0,646838.97,23,74.29,POS,20150503,US,MCI,Domingo,3,20060829.0,844.0,M,Preferencial,44.0,18000000.0,4000000.0,1,0.0,0.0,0.0,2,74.29,4552.41,297.17,Quincena_1
623309915,1,646862.57,1,23.59,POS,20150524,US,MCI,Domingo,24,19900701.0,611.0,M,Preferencial,78.0,14280708.0,4500000.0,1,0.0,0.0,0.0,4,13.92,4552.41,139.15,Quincena_2
8443535168,0,64819.12,15,363.85,POS,20150519,US,MCI,Martes,19,19870507.0,97.0,F,Preferencial,48.0,11837435.0,4000000.0,1,0.0,0.0,0.0,6,103.75,4552.41,1244.97,Quincena_2
2024369607,0,65002.09,11,200.26,POS,20150503,US,POS,Domingo,3,20030220.0,24.0,F,Preferencial,38.0,13000000.0,2000000.0,1,0.0,0.0,0.0,8,37.15,4552.41,3009.3,Quincena_1
8024369607,0,65002.09,11,200.26,POS,20150503,US,POS,Domingo,3,20030220.0,24.0,F,Preferencial,38.0,13000000.0,2000000.0,1,0.0,0.0,0.0,8,37.15,4552.41,3009.3,Quincena_1
6252387545,1,651099.23,21,659.13,POS,20150507,HN,MCI,Jueves,7,20060330.0,304.0,F,Personal Plus,37.0,6000000.0,6000000.0,1,0.0,0.0,0.0,3,481.71,2004.01,1926.84,Quincena_1
4743977051,0,65133.02,23,12.01,POS,20150516,US,POS,Sabado,16,20061129.0,234.0,F,Personal Plus,30.0,3000000.0,700000.0,2,18209.64,4552.41,4552.41,3,8.83,4552.41,150.19,Quincena_2
1460300879,0,65280.08,13,659.13,POS,20150517,US,POS,Domingo,17,19920901.0,827.0,F,Personal Plus,52.0,9000000.0,3000000.0,2,4552.41,4552.41,4552.41,7,98.57,4552.41,1774.24,Quincena_2
8680084486,0,653695.41,19,659.13,POS,20150519,US,MCI,Martes,19,20110208.0,612.0,M,Personal Plus,35.0,10666000.0,1500000.0,1,0.0,0.0,0.0,6,219.76,4552.41,3955.76,Quincena_2
208061210,0,6544.05,14,13.67,POS,20150520,US,MCI,Miercoles,20,20130312.0,21.0,M,Personal Plus,30.0,2800000.0,1200000.0,2,22762.05,4552.41,4552.41,3,10.4,4552.41,72.82,Quincena_2
6671586559,0,65543.07,13,1.0,POS,20150517,US,POS,Domingo,17,20000929.0,614.0,M,Personal Plus,55.0,5498900.0,3350000.0,1,0.0,0.0,0.0,1,0.0,4552.41,1.0,Quincena_2
268061210,0,65684.69,14,13.67,POS,20150520,US,MCI,Miercoles,20,20130312.0,21.0,M,Personal Plus,30.0,2800000.0,1200000.0,2,22762.05,4552.41,4552.41,3,10.4,4552.41,72.82,Quincena_2
208853253,0,659119.07,8,652.51,POS,20150511,US,POS,Lunes,11,20030610.0,788.0,M,Personal,34.0,1.0,0.0,2,4552.41,4552.41,4552.41,3,468.09,4552.41,1404.26,Quincena_1
1372142985,1,660183.86,18,671.25,POS,20150501,US,MCI,Viernes,1,20130221.0,548.0,M,Preferencial,48.0,11518000.0,1000000.0,1,0.0,0.0,0.0,2,671.25,4552.41,4027.49,Quincena_1
6772142985,1,660183.86,18,671.25,POS,20150501,US,MCI,Viernes,1,20130221.0,548.0,M,Preferencial,48.0,11518000.0,1000000.0,1,0.0,0.0,0.0,2,671.25,4552.41,4027.49,Quincena_1
851697679,0,66040.5,22,711.63,POS,20150503,US,MCI,Domingo,3,19930615.0,661.0,F,Personal Plus,52.0,7200000.0,0.0,1,0.0,0.0,0.0,5,449.66,4552.41,3597.31,Quincena_1
963383540,0,660726.03,15,1.0,POS,20150512,US,POS,Martes,12,20050422.0,10.0,M,Emprendedor,34.0,14000000.0,1300000.0,2,9104.82,4552.41,4552.41,1,0.0,4552.41,1.0,Quincena_1
2280853533,0,66074.46,23,309.83,POS,20150519,US,MCI,Martes,19,20040113.0,392.0,M,Personal Plus,30.0,2265515.0,900000.0,2,9104.82,4552.41,4552.41,4,137.5,4552.41,1512.54,Quincena_2
1352418488,0,66248.02,12,659.13,POS,20150530,US,POS,Sabado,30,20020301.0,156.0,F,Preferencial,38.0,22400000.0,8500000.0,1,0.0,0.0,0.0,3,375.99,4552.41,2255.95,Quincena_2
4820684780,0,663712.54,15,1.0,POS,20150525,US,MCI,Lunes,25,20050117.0,348.0,F,Personal Plus,60.0,6000000.0,2000000.0,2,9104.82,4552.41,4552.41,1,0.0,4552.41,1.0,Quincena_2
4245454203,0,666077.09,23,302.45,POS,20150513,US,POS,Miercoles,13,20010117.0,304.0,F,PYME,51.0,127166666.0,115479166.0,1,0.0,0.0,0.0,4,180.67,4552.41,903.34,Quincena_1
8680187136,0,666461.83,23,733.11,POS,20150513,US,MCI,Miercoles,13,20020530.0,167.0,M,Personal Plus,32.0,3000000.0,0.0,4,22452.96,3742.16,4552.41,2,733.11,4552.41,1466.21,Quincena_1
7591281692,0,67040.39,21,659.13,POS,20150517,US,MCI,Domingo,17,19960710.0,518.0,M,Empresarial,43.0,76078968.0,89227567.0,4,26471.85,4411.98,7857.49,8,329.25,4552.41,5268.0,Quincena_2
688714861,0,671608.18,17,314.71,POS,20150519,US,MCI,Martes,19,19870101.0,737.0,M,Preferencial,53.0,25496000.0,14000000.0,2,8616.02,4308.01,4308.01,4,42.17,4552.41,1138.6,Quincena_2
8743505364,0,67243.53,9,340.09,POS,20150511,US,MCI,Lunes,11,20001025.0,850.0,F,Preferencial,49.0,17000000.0,10000000.0,1,0.0,0.0,0.0,4,68.58,4552.41,1851.59,Quincena_1
8952403292,0,67263.03,20,221.58,POS,20150524,US,POS,Domingo,24,20030303.0,304.0,F,Personal Plus,39.0,7000000.0,5000000.0,1,0.0,0.0,0.0,2,221.58,4552.41,443.16,Quincena_2
1922999906,0,674742.74,22,1.0,ATM_INT,20150502,US,ATM_INT,Sabado,2,20080925.0,678.0,F,Emprendedor,32.0,2000000.0,1200000.0,1,0.0,0.0,0.0,1,0.0,4552.41,1.0,Quincena_1
1543978632,0,675749.03,16,9.53,POS,20150501,US,POS,Viernes,1,20040802.0,97.0,F,Personal Plus,30.0,3000000.0,1000000.0,1,0.0,0.0,0.0,3,9.43,4552.41,37.74,Quincena_1
21152188882,0,67807.03,13,243.62,POS,20150511,US,POS,Lunes,11,20110304.0,362.0,F,Personal Plus,24.0,1000000.0,400000.0,1,0.0,0.0,0.0,2,243.62,4552.41,487.24,Quincena_1
2479791789,0,679769.86,18,1.0,ATM_INT,20150507,US,ATM_INT,Jueves,7,20150206.0,246.0,M,Emprendedor,40.0,5000000.0,3000000.0,2,4552.41,4552.41,4552.41,1,0.0,4552.41,1.0,Quincena_1
8941901476,1,680071.69,18,395.7,POS,20150509,US,MCI,Sabado,9,19950509.0,963.0,F,Preferencial,51.0,27800000.0,2500000.0,1,0.0,0.0,0.0,3,192.23,4552.41,4998.09,Quincena_1
8770518152,0,680429.09,18,340.09,POS,20150501,US,POS,Viernes,1,19890103.0,929.0,M,Preferencial,51.0,19327667.0,3000000.0,1,0.0,0.0,0.0,4,56.29,4552.41,844.35,Quincena_1
9070518152,0,680429.09,18,340.09,POS,20150501,US,POS,Viernes,1,19890103.0,929.0,M,Preferencial,51.0,19327667.0,3000000.0,1,0.0,0.0,0.0,4,56.29,4552.41,844.35,Quincena_1
1394487961,0,68086.06,23,314.71,POS,20150528,US,POS,Jueves,28,20010620.0,605.0,M,Personal Plus,38.0,6812000.0,4600000.0,2,7709.08,3854.54,3854.54,9,109.41,4552.41,5689.32,Quincena_2
479690992,0,681026.4,15,243.62,POS,20150530,US,MCI,Sabado,30,19981216.0,313.0,M,Preferencial,39.0,18960002.0,0.0,3,19069.26,3178.21,4552.41,6,82.47,4552.41,2226.64,Quincena_2
75382108,0,68211.06,12,61.45,POS,20150530,US,POS,Sabado,30,20100708.0,498.0,M,Preferencial,35.0,21143357.0,10000000.0,5,49912.1,4991.21,9793.85,3,29.4,4552.41,323.39,Quincena_2
1798658145,0,68215.78,19,472.23,POS,20150515,US,MCI,Viernes,15,19940127.0,738.0,M,Preferencial,39.0,46917082.0,10000000.0,5,20942.87,2991.84,4552.41,11,117.99,4552.41,8612.93,Quincena_1
7716639080,0,68219.09,13,315.67,POS,20150518,EC,POS,Lunes,18,19940601.0,158.0,M,Preferencial,55.0,14000000.0,8000000.0,1,0.0,0.0,0.0,6,138.01,904.81,2760.12,Quincena_2
8124481666,0,68309.03,12,733.45,POS,20150514,US,POS,Jueves,14,19960820.0,193.0,F,Preferencial,63.0,12000000.0,12000000.0,1,0.0,0.0,0.0,5,303.45,4552.41,2731.01,Quincena_1
9451987998,0,68781.08,9,1.0,POS,20150523,US,POS,Sabado,23,20000610.0,574.0,F,Preferencial,44.0,8500000.0,1000000.0,2,22762.05,4552.41,4552.41,1,0.0,4552.41,1.0,Quincena_2
9179690992,0,687853.41,18,243.62,POS,20150530,US,MCI,Sabado,30,19981216.0,313.0,M,Preferencial,39.0,18960002.0,0.0,3,19069.26,3178.21,4552.41,6,82.47,4552.41,2226.64,Quincena_2
4298543791,0,688217.33,21,540.75,POS,20150519,US,MCI,Martes,19,19920505.0,850.0,M,Preferencial,46.0,58800000.0,4555000.0,1,0.0,0.0,0.0,8,100.97,4552.41,5048.74,Quincena_2
230275479,0,688623.79,16,621.5,POS,20150528,US,MCI,Jueves,28,19940722.0,70.0,F,Personal Plus,57.0,4800000.0,4000000.0,2,13657.23,4552.41,4552.41,9,149.09,4552.41,3876.38,Quincena_2
6532101378,0,69253.07,10,243.62,POS,20150501,PA,POS,Viernes,1,19860519.0,6.0,F,Preferencial,47.0,13000000.0,3880000.0,1,0.0,0.0,0.0,2,243.62,1043.91,243.62,Quincena_1
6832101378,0,69253.07,10,243.62,POS,20150501,PA,POS,Viernes,1,19860519.0,6.0,F,Preferencial,47.0,13000000.0,3880000.0,1,0.0,0.0,0.0,2,243.62,1043.91,243.62,Quincena_1
3343505364,0,698480.47,23,340.09,POS,20150511,US,MCI,Lunes,11,20001025.0,850.0,F,Preferencial,49.0,17000000.0,10000000.0,1,0.0,0.0,0.0,4,68.58,4552.41,1851.59,Quincena_1
8371608443,0,70038.04,17,332.82,POS,20150512,US,POS,Martes,12,19930204.0,5.0,M,Emprendedor,53.0,3500000.0,3500000.0,2,13657.23,4552.41,4552.41,5,247.97,4552.41,1239.85,Quincena_1
5414635829,0,70076.03,13,330.51,POS,20150523,PE,POS,Sabado,23,19111111.0,829.0,M,Preferencial,32.0,3708257.0,2000000.0,1,0.0,0.0,0.0,6,199.98,1618.55,4399.65,Quincena_2
8571787015,0,70137.03,13,340.09,POS,20150501,US,POS,Viernes,1,19950904.0,375.0,M,Personal Plus,38.0,5000000.0,0.0,1,0.0,0.0,0.0,6,86.37,4552.41,1986.57,Quincena_1
8771787015,0,70137.03,13,340.09,POS,20150501,US,POS,Viernes,1,19950904.0,375.0,M,Personal Plus,38.0,5000000.0,0.0,1,0.0,0.0,0.0,6,86.37,4552.41,1986.57,Quincena_1
2316918793,1,7035231.57,17,472.23,POS,20150528,EC,MCI,Jueves,28,20000502.0,738.0,M,Preferencial,34.0,6440000.0,5000000.0,4,30592.34,1912.02,4552.41,7,119.43,904.81,4896.73,Quincena_2
228160824,0,70431.01,16,472.23,POS,20150526,US,POS,Martes,26,20050726.0,342.0,M,Personal Plus,32.0,8200000.0,3000000.0,2,3237.1,1618.55,1618.55,5,187.6,4552.41,3001.67,Quincena_2
1071718336,0,706398.74,17,270.5,POS,20150503,US,MCI,Domingo,3,19900717.0,6.0,M,Preferencial,44.0,10000000.0,5000000.0,1,0.0,0.0,0.0,13,76.67,4552.41,3603.58,Quincena_1
4871718336,0,706398.74,17,270.5,POS,20150503,US,MCI,Domingo,3,19900717.0,6.0,M,Preferencial,44.0,10000000.0,5000000.0,1,0.0,0.0,0.0,13,76.67,4552.41,3603.58,Quincena_1
8436302872,0,707440.44,17,234.42,POS,20150513,US,MCI,Miercoles,13,20000609.0,534.0,F,PYME,34.0,56666000.0,37600750.0,1,0.0,0.0,0.0,3,219.46,4552.41,1316.79,Quincena_1
5379454028,0,707807.53,19,31.86,POS,20150529,US,MCI,Viernes,29,20000222.0,152.0,M,Preferencial,47.0,37000000.0,18000000.0,5,54557.64,4546.47,8351.75,5,20.74,4552.41,228.1,Quincena_2
537692230,0,70839.09,8,273.51,POS,20150511,US,POS,Lunes,11,19970227.0,702.0,M,Preferencial,42.0,13200000.0,7000000.0,1,0.0,0.0,0.0,3,234.44,4552.41,4923.19,Quincena_1
7364555426,0,70906.33,23,659.13,POS,20150514,US,MCI,Jueves,14,19941110.0,498.0,F,Preferencial,47.0,10000000.0,3000000.0,2,18209.64,4552.41,4552.41,7,348.89,4552.41,4186.72,Quincena_1
57498328,0,709376.05,13,1.0,POS,20150523,US,POS,Sabado,23,20141015.0,32.0,F,Personal Plus,29.0,2073200.0,1000000.0,1,0.0,0.0,0.0,1,0.0,4552.41,1.0,Quincena_2
3679592548,0,71326.02,15,1.0,POS,20150517,US,POS,Domingo,17,20030731.0,193.0,M,Personal Plus,42.0,4500000.0,2500000.0,1,0.0,0.0,0.0,1,0.0,4552.41,1.0,Quincena_2
5470567110,0,71624.92,16,470.32,POS,20150524,US,MCI,Domingo,24,19870109.0,245.0,M,Preferencial,48.0,16328550.0,4082137.0,3,10946.17,2736.54,3854.54,13,93.8,4552.41,3846.0,Quincena_2
6052154199,0,71652.35,18,1.0,POS,20150523,US,MCI,Sabado,23,20060901.0,174.0,F,Personal Plus,41.0,3900000.0,1500000.0,1,0.0,0.0,0.0,1,0.0,4552.41,1.0,Quincena_2
1743400901,0,71815.8,21,19.57,POS,20150511,US,MCI,Lunes,11,20020705.0,541.0,F,Personal Plus,34.0,2100000.0,300000.0,2,9104.82,4552.41,4552.41,4,14.08,4552.41,154.92,Quincena_1
6443875872,0,720006.02,6,340.09,POS,20150524,PA,POS,Domingo,24,20031229.0,342.0,F,Personal Plus,33.0,1500000.0,1500000.0,1,0.0,0.0,0.0,4,139.82,1043.91,699.11,Quincena_2
2571691350,0,721386.01,16,340.09,POS,20150507,US,POS,Jueves,7,19991203.0,600.0,M,Preferencial,47.0,14264000.0,3000000.0,3,20435.63,2919.38,4552.41,8,77.04,4552.41,3312.82,Quincena_1
4545765202,0,72192.03,16,659.13,POS,20150524,US,POS,Domingo,24,19971014.0,101.0,F,Emprendedor,38.0,3000000.0,2000000.0,1,0.0,0.0,0.0,2,659.13,4552.41,1318.26,Quincena_2
2652255769,0,72207.09,9,23.31,POS,20150513,US,POS,Miercoles,13,19970124.0,193.0,F,Preferencial,40.0,18000000.0,9000000.0,2,18209.64,4552.41,4552.41,2,23.31,4552.41,46.62,Quincena_1
9339776140,0,72423.6,17,294.43,POS,20150519,US,MCI,Martes,19,19920701.0,180.0,F,Personal Plus,47.0,4000000.0,2000000.0,4,34903.35,5817.23,8682.37,3,204.06,4552.41,1224.35,Quincena_2
5880092676,0,72573.01,13,31.86,POS,20150502,US,POS,Sabado,2,20050225.0,698.0,M,Personal Plus,34.0,7800000.0,3000000.0,3,34913.15,5818.86,8351.75,4,29.82,4552.41,298.18,Quincena_1
6280092676,0,72573.01,13,31.86,POS,20150502,US,POS,Sabado,2,20050225.0,698.0,M,Personal Plus,34.0,7800000.0,3000000.0,3,34913.15,5818.86,8351.75,4,29.82,4552.41,298.18,Quincena_1
8379369584,1,72687.2,16,652.6,POS,20150521,US,MCI,Jueves,21,19901220.0,570.0,M,Personal Plus,49.0,27221000.0,3000000.0,2,9104.82,4552.41,4552.41,3,448.11,4552.41,1792.45,Quincena_2
85421945014,0,727160.89,15,243.62,ATM_INT,20150504,US,ATM_INT,Lunes,4,20009198.120707244,416.426385583135,F,Personal Plus,40.010540632437944,14491037.206052363,8506309.151649099,1,0.0,0.0,0.0,3,213.36,4552.41,1706.9,Quincena_1
3079648499,0,7274.08,23,175.95,POS,20150511,US,POS,Lunes,11,19950515.0,627.0,M,Preferencial,39.0,3500000.0,1000000.0,5,32612.48,3261.25,4552.41,2,175.95,4552.41,351.89,Quincena_1
9042870133,0,727733.44,17,243.62,POS,20150511,US,MCI,Lunes,11,19801112.0,543.0,F,Preferencial,54.0,9000000.0,6000000.0,1,0.0,0.0,0.0,3,162.93,4552.41,488.79,Quincena_1
9072311799,0,727985.32,20,1.0,POS,20150506,US,MCI,Miercoles,6,19990814.0,548.0,M,Preferencial,34.0,14000000.0,2000000.0,1,0.0,0.0,0.0,1,0.0,4552.41,1.0,Quincena_1
78300237898,0,7283016.55,14,614.04,POS,20150506,US,MCI,Miercoles,6,19890814.0,961.0,F,Preferencial,56.0,11000000.0,4500000.0,3,24370.75,6092.69,7632.97,2,614.04,4552.41,1228.07,Quincena_1
1743166573,0,72998.09,19,25.02,POS,20150518,US,POS,Lunes,18,20010621.0,122.0,F,Emprendedor,34.0,9000000.0,2000000.0,2,40971.69,4552.41,4552.41,4,18.29,4552.41,164.62,Quincena_2
1043461873,0,7301.01,1,243.62,POS,20150520,US,MCI,Miercoles,20,19980511.0,344.0,F,Personal Plus,36.0,3247000.0,500000.0,1,0.0,0.0,0.0,4,86.88,4552.41,521.27,Quincena_2
2551931090,1,730773.75,1,461.26,ATM_INT,20150517,CR,ATM_INT,Domingo,17,20030415.0,790.0,F,Personal Plus,47.0,2500000.0,0.0,1,0.0,0.0,0.0,5,130.72,1482.35,1830.14,Quincena_2
2552381373,1,730773.75,12,1.0,ATM_INT,20150516,CR,ATM_INT,Sabado,16,20110226.0,101.0,F,Personal Plus,37.0,6000000.0,3000000.0,1,0.0,0.0,0.0,1,0.0,1482.35,1.0,Quincena_2
2711233778,1,730773.75,16,27.29,ATM_INT,20150519,CR,ATM_INT,Martes,19,20130104.0,281.0,M,Personal Plus,31.0,1200000.0,1200000.0,1,0.0,0.0,0.0,2,27.29,1482.35,54.57,Quincena_2
6372287325,1,730773.75,16,671.25,ATM_INT,20150519,CR,ATM_INT,Martes,19,20060823.0,773.0,M,Personal Plus,31.0,6000000.0,4000000.0,1,0.0,0.0,0.0,8,208.64,1482.35,3755.52,Quincena_2
8852381373,1,730773.75,12,1.0,ATM_INT,20150516,CR,ATM_INT,Sabado,16,20110226.0,101.0,F,Personal Plus,37.0,6000000.0,3000000.0,1,0.0,0.0,0.0,1,0.0,1482.35,1.0,Quincena_2
923391853,1,730773.75,20,973.95,ATM_INT,20150517,CR,ATM_INT,Domingo,17,19960729.0,310.0,M,Personal Plus,34.0,8300000.0,0.0,2,4552.41,4552.41,4552.41,4,257.67,1482.35,2576.65,Quincena_2
1442897602,1,731090.18,18,243.62,POS,20150501,US,MCI,Viernes,1,19910816.0,152.0,F,Preferencial,47.0,22966944.0,5000000.0,1,0.0,0.0,0.0,2,243.62,4552.41,974.49,Quincena_1
7642897602,1,731090.18,18,243.62,POS,20150501,US,MCI,Viernes,1,19910816.0,152.0,F,Preferencial,47.0,22966944.0,5000000.0,1,0.0,0.0,0.0,2,243.62,4552.41,974.49,Quincena_1
1079943123,0,731383.13,23,1.0,ATM_INT,20150502,US,ATM_INT,Sabado,2,20110218.0,101.0,M,Emprendedor,38.0,4500000.0,3000000.0,1,0.0,0.0,0.0,1,0.0,4552.41,1.0,Quincena_1
213100990,1,731383.13,13,1.0,ATM_INT,20150502,US,ATM_INT,Sabado,2,20140728.0,273.0,M,Personal Plus,54.0,1900000.0,1700000.0,1,0.0,0.0,0.0,1,0.0,4552.41,1.0,Quincena_1
632748224,1,731383.13,15,659.13,ATM_INT,20150501,US,ATM_INT,Viernes,1,20010525.0,661.0,F,Personal Plus,43.0,4000000.0,3700000.0,1,0.0,0.0,0.0,8,136.9,4552.41,3422.45,Quincena_1
3643678243,0,731558.03,17,243.62,POS,20150502,US,POS,Sabado,2,19960923.0,298.0,F,Preferencial,45.0,17000000.0,2000000.0,1,0.0,0.0,0.0,5,106.43,4552.41,1490.02,Quincena_1
7143678243,0,731558.03,17,243.62,POS,20150502,US,POS,Sabado,2,19960923.0,298.0,F,Preferencial,45.0,17000000.0,2000000.0,1,0.0,0.0,0.0,5,106.43,4552.41,1490.02,Quincena_1
2171786550,0,732582.63,19,9.53,ATM_INT,20150502,US,ATM_INT,Sabado,2,20060621.0,379.0,M,Personal,39.0,0.0,0.0,1,0.0,0.0,0.0,3,9.43,4552.41,37.74,Quincena_1
280811379,0,73262.07,12,18.75,POS,20150525,PA,POS,Lunes,25,20090723.0,932.0,M,Personal Plus,30.0,1566000.0,300000.0,1,0.0,0.0,0.0,2,18.75,1043.91,75.0,Quincena_2
277012000,0,732808.99,3,711.63,POS,20150515,US,MCI,Viernes,15,19951002.0,692.0,M,PYME,54.0,281000000.0,0.0,4,25893.9,3699.13,4552.41,8,421.03,4552.41,8420.56,Quincena_1
4679140549,0,73371.03,21,782.14,POS,20150530,US,MCI,Sabado,30,19910101.0,963.0,M,Preferencial,58.0,30000000.0,15000000.0,6,26156.02,5231.2,13397.14,7,444.93,4552.41,8453.7,Quincena_2
116651830,0,73443.62,0,1.0,POS,20150511,US,MCI,Lunes,11,19891201.0,967.0,M,Preferencial,57.0,29660000.0,1600000.0,1,0.0,0.0,0.0,1,0.0,4552.41,1.0,Quincena_1
1643572529,0,734431.83,20,9.53,ATM_INT,20150506,US,ATM_INT,Miercoles,6,20150226.0,311.0,F,Personal,42.0,700000.0,700000.0,1,0.0,0.0,0.0,2,9.53,4552.41,57.16,Quincena_1
3643627889,1,7347830.07,22,701.37,POS,20150507,US,POS,Jueves,7,19970114.0,267.0,F,Preferencial,38.0,18959000.0,4000000.0,2,18209.64,4552.41,4552.41,9,238.38,4552.41,10011.85,Quincena_1
6142883556,0,735211.8,17,23.59,POS,20150515,US,MCI,Viernes,15,19791220.0,19.0,F,PYME,50.0,867000000.0,842000000.0,1,0.0,0.0,0.0,2,23.59,4552.41,235.86,Quincena_1
6816760607,0,739130.06,18,1.0,POS,20150506,US,MCI,Miercoles,6,19960327.0,967.0,M,Preferencial,46.0,22000000.0,2000000.0,4,15452.28,5150.76,8701.13,1,0.0,4552.41,1.0,Quincena_1
1164541356,0,740048.49,18,698.52,POS,20150519,US,MCI,Martes,19,19830617.0,375.0,F,Preferencial,57.0,9561344.0,4000000.0,1,0.0,0.0,0.0,10,123.79,4552.41,4704.06,Quincena_2
543626205,0,740644.09,16,996.19,POS,20150511,US,POS,Lunes,11,19930609.0,245.0,F,Preferencial,39.0,13912500.0,4000000.0,2,47144.97,7857.49,7857.49,8,113.95,4552.41,5811.43,Quincena_1
1364522102,0,74156.08,11,492.06,POS,20150511,US,POS,Lunes,11,20100617.0,82.0,F,Emprendedor,39.0,7830000.0,1000000.0,2,13657.23,4552.41,4552.41,3,307.24,4552.41,1228.97,Quincena_1
1271798277,0,741838.02,5,35.68,POS,20150523,PA,POS,Sabado,23,19990817.0,1.0,M,Personal Plus,35.0,5000000.0,2000000.0,1,0.0,0.0,0.0,5,14.61,1043.91,189.97,Quincena_2
6391289947,0,74195.07,17,286.84,POS,20150506,US,POS,Miercoles,6,20080520.0,291.0,M,Emprendedor,42.0,12085000.0,3500000.0,1,0.0,0.0,0.0,3,193.87,4552.41,581.61,Quincena_1
1872142985,1,742308.77,18,671.25,POS,20150501,US,MCI,Viernes,1,20130221.0,548.0,M,Preferencial,48.0,11518000.0,1000000.0,1,0.0,0.0,0.0,2,671.25,4552.41,4027.49,Quincena_1
8472142985,1,742308.77,18,671.25,POS,20150501,US,MCI,Viernes,1,20130221.0,548.0,M,Preferencial,48.0,11518000.0,1000000.0,1,0.0,0.0,0.0,2,671.25,4552.41,4027.49,Quincena_1
223414441,0,74579.01,21,23.59,POS,20150501,US,POS,Viernes,1,20041006.0,319.0,M,Preferencial,34.0,9292248.0,2200000.0,2,9104.82,4552.41,4552.41,3,19.17,4552.41,115.02,Quincena_1
523414441,0,74579.01,21,23.59,POS,20150501,US,POS,Viernes,1,20041006.0,319.0,M,Preferencial,34.0,9292248.0,2200000.0,2,9104.82,4552.41,4552.41,3,19.17,4552.41,115.02,Quincena_1
8364557465,0,74642.19,19,567.34,POS,20150513,US,MCI,Miercoles,13,19951102.0,430.0,F,Personal Plus,46.0,5000000.0,0.0,4,53306.62,5922.96,13397.14,6,194.71,4552.41,1752.37,Quincena_1
1241759296,0,746854.4,17,1.0,POS,20150523,US,MCI,Sabado,23,19971006.0,152.0,F,Preferencial,57.0,24000000.0,72000000.0,1,0.0,0.0,0.0,1,0.0,4552.41,1.0,Quincena_2
331164852,0,74710.5,23,26.82,POS,20150521,US,MCI,Jueves,21,19970825.0,60.0,F,Personal,52.0,0.0,0.0,2,9104.82,4552.41,4552.41,2,26.82,4552.41,321.86,Quincena_2
5479908220,0,7483.77,1,659.13,POS,20150516,US,MCI,Sabado,16,19960730.0,200.0,M,Personal Plus,38.0,3500000.0,600000.0,1,0.0,0.0,0.0,4,339.49,4552.41,2376.41,Quincena_2
6779908220,0,7483.77,0,659.13,POS,20150516,US,MCI,Sabado,16,19960730.0,200.0,M,Personal Plus,38.0,3500000.0,600000.0,1,0.0,0.0,0.0,4,339.49,4552.41,2376.41,Quincena_2
373072826,1,751090.63,1,1217.57,POS,20150501,US,MCI,Viernes,1,19780601.0,517.0,M,Preferencial,59.0,25669500.0,5000000.0,2,9104.82,4552.41,4552.41,6,691.97,4552.41,13839.34,Quincena_1
7573072826,1,751090.63,1,1217.57,POS,20150501,US,MCI,Viernes,1,19780601.0,517.0,M,Preferencial,59.0,25669500.0,5000000.0,2,9104.82,4552.41,4552.41,6,691.97,4552.41,13839.34,Quincena_1
27364560,0,75270.04,10,1.0,POS,20150511,US,POS,Lunes,11,20101117.0,191.0,F,Personal Plus,33.0,1473379.0,500000.0,1,0.0,0.0,0.0,1,0.0,4552.41,1.0,Quincena_1
7880442360,0,75354.07,15,70.8,POS,20150515,US,POS,Viernes,15,19970218.0,624.0,M,Personal Plus,43.0,8370000.0,3500000.0,1,0.0,0.0,0.0,4,50.4,4552.41,302.39,Quincena_1
8543627889,1,7543583.26,17,701.37,POS,20150507,US,MCI,Jueves,7,19970114.0,267.0,F,Preferencial,38.0,18959000.0,4000000.0,2,18209.64,4552.41,4552.41,9,238.38,4552.41,10011.85,Quincena_1
4871374911,0,756202.87,3,9.34,POS,20150529,US,MCI,Viernes,29,19980506.0,21.0,M,Personal Plus,34.0,5000000.0,1500000.0,1,0.0,0.0,0.0,2,9.34,4552.41,289.61,Quincena_2
583227145,0,756914.52,15,1.0,POS,20150503,US,MCI,Domingo,3,19981126.0,152.0,M,Preferencial,61.0,18480832.0,0.0,2,15714.99,7857.49,7857.49,1,0.0,4552.41,1.0,Quincena_1
913227145,0,756914.52,15,1.0,POS,20150503,US,MCI,Domingo,3,19981126.0,152.0,M,Preferencial,61.0,18480832.0,0.0,2,15714.99,7857.49,7857.49,1,0.0,4552.41,1.0,Quincena_1
5379957085,0,7570.01,19,23.31,POS,20150501,US,POS,Viernes,1,20140128.0,113.0,F,Personal Plus,34.0,5000000.0,5000000.0,2,18209.64,4552.41,4552.41,2,23.31,4552.41,93.24,Quincena_1
7879957085,0,7570.01,19,23.31,POS,20150501,US,POS,Viernes,1,20140128.0,113.0,F,Personal Plus,34.0,5000000.0,5000000.0,2,18209.64,4552.41,4552.41,2,23.31,4552.41,93.24,Quincena_1
4730394700,1,75747.14,15,131.63,POS,20150522,US,MCI,Viernes,22,20020222.0,543.0,F,Preferencial,37.0,7900000.0,4000000.0,1,0.0,0.0,0.0,2,131.63,4552.41,526.53,Quincena_2
2230276867,0,75876.06,16,399.63,POS,20150524,US,POS,Domingo,24,19881013.0,816.0,F,PYME,55.0,10000000.0,5800000.0,1,0.0,0.0,0.0,2,399.63,4552.41,399.63,Quincena_2
6116782603,0,75972.77,10,304.29,POS,20150501,US,MCI,Viernes,1,19950804.0,737.0,M,Preferencial,45.0,7663500.0,8000000.0,2,4886.27,2443.14,2443.14,2,304.29,4552.41,608.58,Quincena_1
9516782603,0,75972.77,10,304.29,POS,20150501,US,MCI,Viernes,1,19950804.0,737.0,M,Preferencial,45.0,7663500.0,8000000.0,2,4886.27,2443.14,2443.14,2,304.29,4552.41,608.58,Quincena_1
8729219718,0,761813.08,18,74.91,ATM_INT,20150522,US,ATM_INT,Viernes,22,19910330.0,745.0,F,Personal Plus,69.0,2500000.0,2000000.0,1,0.0,0.0,0.0,2,74.91,4552.41,74.91,Quincena_2
10043071124,0,762839.06,16,1.0,POS,20150503,US,MCI,Domingo,3,19860710.0,319.0,F,Preferencial,51.0,41000000.0,20000000.0,3,21684.07,1971.28,3854.54,1,0.0,4552.41,1.0,Quincena_1
643071124,0,762839.06,16,1.0,POS,20150503,US,MCI,Domingo,3,19860710.0,319.0,F,Preferencial,51.0,41000000.0,20000000.0,3,21684.07,1971.28,3854.54,1,0.0,4552.41,1.0,Quincena_1
577709424,0,76302.5,18,163.64,POS,20150513,US,MCI,Miercoles,13,19990405.0,601.0,M,Personal Plus,36.0,4650000.0,2500000.0,1,0.0,0.0,0.0,3,93.48,4552.41,373.91,Quincena_1
1280076777,0,76351.08,17,235.64,POS,20150513,US,POS,Miercoles,13,20051027.0,171.0,M,Preferencial,34.0,9400000.0,5000000.0,3,20019.26,3336.54,4552.41,7,110.92,4552.41,1663.81,Quincena_1
10042872834,0,764228.43,17,12.01,ATM_INT,20150526,US,ATM_INT,Martes,26,19870605.0,21.0,F,Personal Plus,54.0,3000000.0,2200000.0,1,0.0,0.0,0.0,2,12.01,4552.41,72.08,Quincena_2
1119077011,0,76555.07,13,74.29,POS,20150506,US,POS,Miercoles,6,19960124.0,932.0,M,Personal Plus,66.0,7863000.0,1000000.0,1,0.0,0.0,0.0,2,74.29,4552.41,148.59,Quincena_1
1580719808,0,7661.05,13,1.0,POS,20150514,US,POS,Jueves,14,20110602.0,39.0,M,Emprendedor,30.0,1500000.0,500000.0,2,9104.82,4552.41,4552.41,1,0.0,4552.41,1.0,Quincena_1
5616782603,0,76720.68,16,304.29,POS,20150501,US,MCI,Viernes,1,19950804.0,737.0,M,Preferencial,45.0,7663500.0,8000000.0,2,4886.27,2443.14,2443.14,2,304.29,4552.41,608.58,Quincena_1
6716782603,0,76720.68,16,304.29,POS,20150501,US,MCI,Viernes,1,19950804.0,737.0,M,Preferencial,45.0,7663500.0,8000000.0,2,4886.27,2443.14,2443.14,2,304.29,4552.41,608.58,Quincena_1
3441771960,0,768272.4,16,243.62,ATM_INT,20150521,US,ATM_INT,Jueves,21,20091015.0,29.0,F,Personal Plus,55.0,6000000.0,1500000.0,1,0.0,0.0,0.0,7,96.85,4552.41,1646.41,Quincena_2
6771737346,0,768715.24,18,604.69,POS,20150503,US,MCI,Domingo,3,19970709.0,267.0,M,Preferencial,42.0,20000000.0,18000000.0,3,5265.86,1053.17,1162.89,5,122.32,4552.41,3058.06,Quincena_1
7871737346,0,768715.24,18,604.69,POS,20150503,US,MCI,Domingo,3,19970709.0,267.0,M,Preferencial,42.0,20000000.0,18000000.0,3,5265.86,1053.17,1162.89,5,122.32,4552.41,3058.06,Quincena_1
788271522,0,77126.07,16,23.59,POS,20150520,US,POS,Miercoles,20,20000622.0,333.0,M,Personal,68.0,900000.0,900000.0,1,0.0,0.0,0.0,4,14.27,4552.41,128.47,Quincena_2
5143159106,0,77130.2,15,243.62,POS,20150515,US,MCI,Viernes,15,20000802.0,245.0,F,Preferencial,36.0,16300000.0,6300000.0,2,7564.25,3782.13,3782.13,4,41.34,4552.41,2521.52,Quincena_1
332244179,0,77226.6,21,12.12,POS,20150529,US,MCI,Viernes,29,20020613.0,342.0,F,Personal Plus,31.0,16000000.0,800000.0,1,0.0,0.0,0.0,2,12.12,4552.41,24.25,Quincena_2
899079937,0,772265.08,19,1157.5,POS,20150513,US,MCI,Miercoles,13,19830607.0,961.0,M,Preferencial,63.0,25000000.0,12000000.0,4,27383.39,1369.17,3646.67,4,703.09,4552.41,8437.1,Quincena_1
21017156751,0,772479.39,11,574.65,POS,20150515,US,MCI,Viernes,15,20021029.0,850.0,F,Preferencial,27.0,300000.0,300000.0,1,0.0,0.0,0.0,5,368.21,4552.41,2577.47,Quincena_1
4572344448,0,77286.9,23,1.0,POS,20150530,US,MCI,Sabado,30,20040310.0,483.0,M,Personal Plus,30.0,30000000.0,0.0,2,31866.87,4552.41,4552.41,1,0.0,4552.41,1.0,Quincena_2
8042999373,1,773916.08,10,574.65,POS,20150522,US,POS,Viernes,22,19810112.0,600.0,F,Preferencial,54.0,20000000.0,14550000.0,2,6474.2,1618.55,1618.55,12,188.68,4552.41,4528.21,Quincena_2
4532205583,0,77444.97,19,18.96,POS,20150519,US,MCI,Martes,19,20030423.0,280.0,F,Personal Plus,32.0,2400000.0,1781000.0,1,0.0,0.0,0.0,3,15.49,4552.41,61.95,Quincena_2
958732046,0,7748221.27,20,61.45,POS,20150515,US,MCI,Viernes,15,19990310.0,961.0,M,Preferencial,52.0,3750000.0,22828000.0,2,18209.64,4552.41,4552.41,2,61.45,4552.41,184.34,Quincena_1
4171700131,0,77504.03,9,591.73,POS,20150522,US,POS,Viernes,22,19970825.0,279.0,M,Personal Plus,47.0,3000000.0,1300000.0,1,0.0,0.0,0.0,17,197.11,4552.41,10249.76,Quincena_2
5132734782,0,775173.79,1,662.36,POS,20150524,US,MCI,Domingo,24,19950716.0,477.0,F,PYME,44.0,7000000.0,5000000.0,3,50214.68,4184.56,4552.41,3,644.59,4690.58,2578.35,Quincena_2
5860359630,0,77562.6,21,399.63,POS,20150523,US,MCI,Sabado,23,20031001.0,820.0,F,Emprendedor,41.0,12150000.0,2000000.0,1,0.0,0.0,0.0,2,399.63,4552.41,799.26,Quincena_2
9072311799,0,77623.87,3,1.0,POS,20150506,US,MCI,Miercoles,6,19990814.0,548.0,M,Preferencial,34.0,14000000.0,2000000.0,1,0.0,0.0,0.0,1,0.0,4552.41,1.0,Quincena_1
8116355013,0,776477.56,17,304.29,POS,20150519,US,MCI,Martes,19,19960619.0,874.0,M,Preferencial,54.0,51500000.0,19000000.0,3,4898.45,2449.22,3854.54,4,203.58,4552.41,610.74,Quincena_2
6079952700,0,77903.85,20,78.34,POS,20150508,US,MCI,Viernes,8,20120504.0,666.0,M,Personal Plus,35.0,5000000.0,4000000.0,2,45524.1,4552.41,4552.41,2,78.34,4552.41,78.34,Quincena_1
1519185676,0,779161.6,20,1.0,ATM_INT,20150527,US,ATM_INT,Miercoles,27,20150427.0,180.0,M,Personal Plus,62.0,5781131.0,0.0,2,4552.41,4552.41,4552.41,1,0.0,4552.41,1.0,Quincena_2
5552779428,1,77947.38,1,1.0,POS,20150529,US,MCI,Viernes,29,20050627.0,932.0,F,Personal Plus,31.0,5040000.0,200000.0,1,0.0,0.0,0.0,1,0.0,4552.41,1.0,Quincena_2
4143529234,0,78061.87,21,177.03,POS,20150506,US,MCI,Miercoles,6,19890712.0,268.0,F,Emprendedor,47.0,5500000.0,2200000.0,1,0.0,0.0,0.0,3,100.31,4552.41,401.23,Quincena_1
7371786223,0,781023.87,17,461.26,POS,20150513,US,MCI,Miercoles,13,19970617.0,238.0,M,Preferencial,39.0,15500000.0,2000000.0,2,1942.46,971.23,971.23,9,72.17,4552.41,2814.59,Quincena_1
4112647085,0,781293.27,21,652.6,POS,20150530,US,MCI,Sabado,30,20050408.0,524.0,M,Preferencial,35.0,8200000.0,200000.0,2,18209.64,4552.41,4552.41,7,317.76,4552.41,7626.26,Quincena_2
6373072826,1,782382.05,3,1217.57,POS,20150501,US,MCI,Viernes,1,19780601.0,517.0,M,Preferencial,59.0,25669500.0,5000000.0,2,9104.82,4552.41,4552.41,6,691.97,4552.41,13839.34,Quincena_1
6873072826,1,782382.05,3,1217.57,POS,20150501,US,MCI,Viernes,1,19780601.0,517.0,M,Preferencial,59.0,25669500.0,5000000.0,2,9104.82,4552.41,4552.41,6,691.97,4552.41,13839.34,Quincena_1
398546689,0,78266.09,2,726.28,POS,20150517,US,MCI,Domingo,17,19861209.0,5.0,M,Preferencial,46.0,20000000.0,5500000.0,4,25886.57,3235.82,4552.41,4,458.98,4552.41,1835.92,Quincena_2
2498667380,0,78365.08,17,243.62,POS,20150505,US,POS,Martes,5,19990819.0,277.0,M,Preferencial,36.0,8000000.0,4500000.0,2,9104.82,4552.41,4552.41,5,20.06,4552.41,782.22,Quincena_1
59900297404,0,784781.77,18,234.42,POS,20150515,US,MCI,Viernes,15,20090903.0,154.0,M,PYME,24.0,0.0,0.0,2,3237.1,1618.55,1618.55,6,116.1,4552.41,1625.34,Quincena_1
1345493221,0,784831.01,12,659.13,POS,20150511,US,POS,Lunes,11,19960214.0,210.0,F,Preferencial,44.0,4770333.0,1700000.0,1,0.0,0.0,0.0,2,659.13,4552.41,1318.26,Quincena_1
108357205,0,78507.18,23,10.34,POS,20150519,US,MCI,Martes,19,20020118.0,267.0,M,Emprendedor,31.0,2300000.0,600000.0,3,35899.1,8974.77,13397.14,3,8.85,4552.41,221.16,Quincena_2
39900435458,1,786867.2,20,277.48,ATM_INT,20150527,US,ATM_INT,Miercoles,27,20111020.0,249.0,F,Emprendedor,22.0,1000000.0,0.0,2,7709.08,3854.54,3854.54,5,56.78,4552.41,1306.04,Quincena_2
4852418488,0,78717.05,10,659.13,POS,20150530,US,POS,Sabado,30,20020301.0,156.0,F,Preferencial,38.0,22400000.0,8500000.0,1,0.0,0.0,0.0,3,375.99,4552.41,2255.95,Quincena_2
9421325708,0,78791.87,2,243.62,POS,20150506,US,MCI,Miercoles,6,19950309.0,929.0,F,Preferencial,75.0,3000000.0,3000000.0,1,0.0,0.0,0.0,4,26.06,4552.41,1251.03,Quincena_1
5521325708,0,788259.4,2,243.62,POS,20150506,US,MCI,Miercoles,6,19950309.0,929.0,F,Preferencial,75.0,3000000.0,3000000.0,1,0.0,0.0,0.0,4,26.06,4552.41,1251.03,Quincena_1
6143617928,0,78991.06,17,9.53,POS,20150521,US,POS,Jueves,21,19990803.0,9.0,F,Personal Plus,39.0,12000000.0,6000000.0,3,7722.44,2574.15,3854.54,3,9.4,4552.41,56.42,Quincena_2
3810237279,0,791829.01,10,167.78,POS,20150519,US,POS,Martes,19,19910701.0,859.0,M,Preferencial,57.0,4000000.0,23000000.0,5,37020.71,4627.59,8455.65,7,107.29,4552.41,1823.87,Quincena_2
7152992631,0,79236.73,18,1.0,POS,20150520,US,MCI,Miercoles,20,20090121.0,304.0,F,Personal Plus,32.0,4765000.0,200000.0,1,0.0,0.0,0.0,1,0.0,4552.41,1.0,Quincena_2
388357205,0,79327.98,0,10.34,POS,20150519,US,MCI,Martes,19,20020118.0,267.0,M,Emprendedor,31.0,2300000.0,600000.0,3,35899.1,8974.77,13397.14,3,8.85,4552.41,221.16,Quincena_2
7771788614,0,79340.05,19,659.13,POS,20150503,US,POS,Domingo,3,20100430.0,180.0,M,Personal Plus,37.0,6500000.0,6000000.0,5,115833.16,5036.22,8351.75,2,659.13,4552.41,1318.26,Quincena_1
6552088285,0,794372.13,20,304.29,POS,20150502,US,MCI,Sabado,2,20031014.0,171.0,F,Preferencial,36.0,6500000.0,4000000.0,3,52134.27,5213.43,7857.49,5,173.71,4552.41,1389.67,Quincena_1
7052088285,0,794372.13,20,304.29,POS,20150502,US,MCI,Sabado,2,20031014.0,171.0,F,Preferencial,36.0,6500000.0,4000000.0,3,52134.27,5213.43,7857.49,5,173.71,4552.41,1389.67,Quincena_1
1832109805,0,79498.05,19,340.09,POS,20150504,US,POS,Lunes,4,20020926.0,5.0,F,Preferencial,35.0,11030000.0,1000000.0,1,0.0,0.0,0.0,4,111.96,4552.41,783.73,Quincena_1
832109805,0,79498.05,19,340.09,POS,20150504,US,POS,Lunes,4,20020926.0,5.0,F,Preferencial,35.0,11030000.0,1000000.0,1,0.0,0.0,0.0,4,111.96,4552.41,783.73,Quincena_1
884992790,0,797045.86,22,701.37,POS,20150519,US,MCI,Martes,19,20020607.0,107.0,M,Personal Plus,57.0,10000000.0,10000000.0,1,0.0,0.0,0.0,6,521.32,4552.41,6777.13,Quincena_2
8171773758,0,79837.37,18,973.95,POS,20150530,US,MCI,Sabado,30,19941102.0,279.0,M,Preferencial,39.0,10000000.0,1000000.0,5,34180.6,3797.84,5316.75,4,365.48,4552.41,3654.79,Quincena_2
3530353555,1,799919.42,22,180.82,POS,20150530,US,MCI,Sabado,30,20000301.0,70.0,F,Personal Plus,44.0,3200000.0,2800000.0,1,0.0,0.0,0.0,3,136.31,4552.41,954.15,Quincena_2
77425330,0,80225.95,14,23.59,POS,20150525,US,MCI,Lunes,25,20130204.0,29.0,M,Preferencial,38.0,26565329.0,7000000.0,2,9104.82,4552.41,4552.41,3,16.46,4552.41,65.86,Quincena_2
53324695,0,80470.88,0,659.13,POS,20150506,US,MCI,Miercoles,6,20040913.0,963.0,M,Preferencial,50.0,24000000.0,12300000.0,1,0.0,0.0,0.0,3,464.39,4552.41,1857.54,Quincena_1
2624706009,0,804815.47,22,111.73,POS,20150508,US,MCI,Viernes,8,19790601.0,392.0,F,PYME,65.0,8000000.0,3000000.0,1,0.0,0.0,0.0,2,111.73,4552.41,223.46,Quincena_1
2652798818,0,80573.01,18,1.0,POS,20150502,US,POS,Sabado,2,20040225.0,45.0,F,Personal Plus,35.0,2868320.0,1000000.0,1,0.0,0.0,0.0,1,0.0,4552.41,1.0,Quincena_1
7052798818,0,80573.01,18,1.0,POS,20150502,US,POS,Sabado,2,20040225.0,45.0,F,Personal Plus,35.0,2868320.0,1000000.0,1,0.0,0.0,0.0,1,0.0,4552.41,1.0,Quincena_1
4643529234,0,80592.55,20,177.03,POS,20150506,US,MCI,Miercoles,6,19890712.0,268.0,F,Emprendedor,47.0,5500000.0,2200000.0,1,0.0,0.0,0.0,3,100.31,4552.41,401.23,Quincena_1
3279656004,0,807617.08,15,123.61,POS,20150505,US,POS,Martes,5,19960730.0,178.0,M,Preferencial,41.0,20000000.0,5000000.0,1,0.0,0.0,0.0,3,56.74,4552.41,340.46,Quincena_1
8043580980,0,81507.62,20,340.09,POS,20150520,US,MCI,Miercoles,20,19941025.0,738.0,F,Preferencial,41.0,25000000.0,22000000.0,2,18209.64,4552.41,4552.41,6,67.96,4552.41,1019.33,Quincena_2
52300508864,0,8166.06,14,1.0,POS,20150530,US,POS,Sabado,30,20140923.0,377.0,M,Personal Plus,30.0,3804060.0,2950000.0,2,4308.01,4308.01,4308.01,1,0.0,4552.41,1.0,Quincena_2
7539776140,0,816817.5,12,294.43,POS,20150519,US,MCI,Martes,19,19920701.0,180.0,F,Personal Plus,47.0,4000000.0,2000000.0,4,34903.35,5817.23,8682.37,3,204.06,4552.41,1224.35,Quincena_2
2732101378,0,81767.01,13,243.62,POS,20150501,PA,POS,Viernes,1,19860519.0,6.0,F,Preferencial,47.0,13000000.0,3880000.0,1,0.0,0.0,0.0,2,243.62,1043.91,243.62,Quincena_1
5832101378,0,81767.01,13,243.62,POS,20150501,PA,POS,Viernes,1,19860519.0,6.0,F,Preferencial,47.0,13000000.0,3880000.0,1,0.0,0.0,0.0,2,243.62,1043.91,243.62,Quincena_1
35393345,0,81816.01,13,1.0,POS,20150518,US,POS,Lunes,18,19920902.0,498.0,M,Preferencial,78.0,18000000.0,15000000.0,2,9104.82,4552.41,4552.41,1,0.0,4552.41,1.0,Quincena_2
2672150888,0,818161.03,7,659.13,POS,20150518,US,POS,Lunes,18,19860506.0,963.0,M,Preferencial,47.0,84783895.0,10000000.0,7,46220.19,3301.44,9329.04,4,325.62,4552.41,1953.74,Quincena_2
466240029,1,819138.09,17,1087.01,POS,20150530,CL,MCI,Sabado,30,19971205.0,728.0,M,Preferencial,35.0,9400000.0,1000000.0,1,0.0,0.0,0.0,8,70.39,3782.13,5067.93,Quincena_2
7131642191,0,81959.05,17,16.5,POS,20150518,US,POS,Lunes,18,20031202.0,812.0,F,Personal Plus,35.0,1200000.0,800000.0,2,22762.05,4552.41,4552.41,2,16.5,4552.41,32.99,Quincena_2
6171591342,0,820311.09,13,243.62,POS,20150519,US,POS,Martes,19,19931124.0,929.0,M,Preferencial,54.0,20000000.0,0.0,1,0.0,0.0,0.0,7,86.25,4552.41,2932.55,Quincena_2
3343074854,0,82178.03,6,23.59,POS,20150520,PA,POS,Miercoles,20,19881207.0,280.0,F,Personal Plus,50.0,7546281.0,1000000.0,2,9104.82,4552.41,4552.41,3,16.04,1043.91,272.64,Quincena_2
3213483011,1,822437.55,21,399.63,POS,20150529,US,MCI,Viernes,29,19850725.0,834.0,M,Personal Plus,48.0,15000000.0,5000000.0,2,9104.82,4552.41,4552.41,4,140.31,4552.41,982.18,Quincena_2
5813483011,1,822437.55,21,399.63,POS,20150529,US,MCI,Viernes,29,19850725.0,834.0,M,Personal Plus,48.0,15000000.0,5000000.0,2,9104.82,4552.41,4552.41,4,140.31,4552.41,982.18,Quincena_2
8371779162,0,82444.54,21,574.65,POS,20150511,US,MCI,Lunes,11,19970220.0,280.0,M,Personal Plus,37.0,6000000.0,1446608.0,1,0.0,0.0,0.0,6,42.05,4552.41,2186.69,Quincena_1
6579454028,0,82555.04,22,31.86,POS,20150529,US,POS,Viernes,29,20000222.0,152.0,M,Preferencial,47.0,37000000.0,18000000.0,5,54557.64,4546.47,8351.75,5,20.74,4552.41,228.1,Quincena_2
51900329151,0,82562.9,21,330.51,POS,20150516,US,MCI,Sabado,16,20120821.0,850.0,M,PYME,32.0,8321600.0,2084666.0,1,0.0,0.0,0.0,8,148.43,4552.41,3710.79,Quincena_2
10900759953,1,827774.95,19,1.0,ATM_INT,20150504,US,ATM_INT,Lunes,4,20140826.0,202.0,F,Emprendedor,,0.0,0.0,1,0.0,0.0,0.0,1,0.0,4552.41,1.0,Quincena_1
9010559430,0,82932.02,14,1.0,POS,20150526,US,POS,Martes,26,19920219.0,803.0,M,Personal Plus,45.0,6500000.0,0.0,1,0.0,0.0,0.0,1,0.0,4552.41,1.0,Quincena_2
7873192731,1,832405.5,17,1.0,ATM_INT,20150518,CR,ATM_INT,Lunes,18,20090929.0,85.0,M,Personal Plus,32.0,1000000.0,600000.0,1,0.0,0.0,0.0,1,0.0,1482.35,1.0,Quincena_2
106240029,1,833719.55,18,1087.01,POS,20150530,CL,MCI,Sabado,30,19971205.0,728.0,M,Preferencial,35.0,9400000.0,1000000.0,1,0.0,0.0,0.0,8,70.39,3782.13,5067.93,Quincena_2
106240029,1,833719.55,18,1087.01,POS,20150530,CL,MCI,Sabado,30,19971205.0,728.0,M,Preferencial,35.0,9400000.0,1000000.0,1,0.0,0.0,0.0,8,70.39,3782.13,5067.93,Quincena_2
196240029,1,833719.55,18,1087.01,POS,20150530,CL,MCI,Sabado,30,19971205.0,728.0,M,Preferencial,35.0,9400000.0,1000000.0,1,0.0,0.0,0.0,8,70.39,3782.13,5067.93,Quincena_2
256240029,1,833719.55,18,1087.01,POS,20150530,CL,MCI,Sabado,30,19971205.0,728.0,M,Preferencial,35.0,9400000.0,1000000.0,1,0.0,0.0,0.0,8,70.39,3782.13,5067.93,Quincena_2
486240029,1,833719.55,18,1087.01,POS,20150530,CL,MCI,Sabado,30,19971205.0,728.0,M,Preferencial,35.0,9400000.0,1000000.0,1,0.0,0.0,0.0,8,70.39,3782.13,5067.93,Quincena_2
2579691766,1,836746.25,1,1.0,ATM_INT,20150517,US,ATM_INT,Domingo,17,20081127.0,574.0,M,Personal Plus,39.0,2200000.0,1000000.0,1,0.0,0.0,0.0,1,0.0,4552.41,1.0,Quincena_2
531289984,0,8414883.72,21,304.29,POS,20150513,US,MCI,Miercoles,13,19890407.0,967.0,F,Preferencial,,10000000.0,5000000.0,6,28829.22,3203.25,4552.41,3,234.92,4552.41,1879.39,Quincena_1
3415447278,0,84415.02,19,23.59,POS,20150523,US,POS,Sabado,23,20140109.0,24.0,M,Personal Plus,31.0,1283000.0,500000.0,1,0.0,0.0,0.0,2,23.59,4552.41,188.69,Quincena_2
8498543791,0,84421.78,18,540.75,POS,20150519,US,MCI,Martes,19,19920505.0,850.0,M,Preferencial,46.0,58800000.0,4555000.0,1,0.0,0.0,0.0,8,100.97,4552.41,5048.74,Quincena_2
571700131,0,84438.06,10,591.73,POS,20150522,US,POS,Viernes,22,19970825.0,279.0,M,Personal Plus,47.0,3000000.0,1300000.0,1,0.0,0.0,0.0,17,197.11,4552.41,10249.76,Quincena_2
3852403292,0,847313.06,13,221.58,POS,20150524,US,POS,Domingo,24,20030303.0,304.0,F,Personal Plus,39.0,7000000.0,5000000.0,1,0.0,0.0,0.0,2,221.58,4552.41,443.16,Quincena_2
1510237279,0,851725.68,21,167.78,POS,20150519,US,MCI,Martes,19,19910701.0,859.0,M,Preferencial,57.0,4000000.0,23000000.0,5,37020.71,4627.59,8455.65,7,107.29,4552.41,1823.87,Quincena_2
1230394700,1,85239.07,8,131.63,POS,20150522,US,POS,Viernes,22,20020222.0,543.0,F,Preferencial,37.0,7900000.0,4000000.0,1,0.0,0.0,0.0,2,131.63,4552.41,526.53,Quincena_2
9617549036,1,85477.45,18,455.13,ATM_INT,20150522,PA,ATM_INT,Viernes,22,20070727.0,317.0,M,Emprendedor,47.0,2500000.0,1500000.0,1,0.0,0.0,0.0,3,399.46,1043.91,2396.79,Quincena_2
6771746727,0,854839.89,16,243.62,POS,20150519,US,MCI,Martes,19,19950127.0,344.0,M,Preferencial,40.0,23000000.0,10000000.0,1,0.0,0.0,0.0,3,163.01,4552.41,489.03,Quincena_2
716756020,0,85771.79,1,1.0,POS,20150512,DO,MCI,Martes,12,19911201.0,52.0,M,Preferencial,63.0,13000000.0,13000000.0,3,17720.84,4430.21,4552.41,1,0.0,1674.2,1.0,Quincena_1
1370549134,0,858478.08,17,243.62,POS,20150503,US,MCI,Domingo,3,19911126.0,230.0,M,Preferencial,56.0,15000000.0,0.0,2,4886.27,2443.14,2443.14,2,243.62,4552.41,487.24,Quincena_1
4470549134,0,858478.08,17,243.62,POS,20150503,US,MCI,Domingo,3,19911126.0,230.0,M,Preferencial,56.0,15000000.0,0.0,2,4886.27,2443.14,2443.14,2,243.62,4552.41,487.24,Quincena_1
7243505364,0,85987.45,19,340.09,POS,20150511,US,MCI,Lunes,11,20001025.0,850.0,F,Preferencial,49.0,17000000.0,10000000.0,1,0.0,0.0,0.0,4,68.58,4552.41,1851.59,Quincena_1
678678984,0,859954.78,1,659.13,POS,20150521,US,MCI,Jueves,21,19910330.0,961.0,M,Preferencial,57.0,44000000.0,727000.0,2,4552.41,4552.41,4552.41,3,253.16,4552.41,1518.96,Quincena_2
598563483,0,860089.96,21,9.34,POS,20150511,US,MCI,Lunes,11,20000518.0,21.0,M,Personal Plus,42.0,3000000.0,2000000.0,2,18209.64,4552.41,4552.41,2,9.34,4552.41,37.37,Quincena_1
768678984,0,860941.14,1,659.13,POS,20150521,US,MCI,Jueves,21,19910330.0,961.0,M,Preferencial,57.0,44000000.0,727000.0,2,4552.41,4552.41,4552.41,3,253.16,4552.41,1518.96,Quincena_2
6441385009,0,861234.03,13,26.82,POS,20150522,US,POS,Viernes,22,19940829.0,736.0,F,Preferencial,68.0,8500000.0,4000000.0,1,0.0,0.0,0.0,2,26.82,4552.41,160.93,Quincena_2
6043163588,0,862322.99,17,340.09,POS,20150503,US,MCI,Domingo,3,19951124.0,116.0,F,Preferencial,36.0,6000000.0,3000000.0,2,4552.41,4552.41,4552.41,4,61.7,4552.41,802.1,Quincena_1
8843163588,0,862322.99,17,340.09,POS,20150503,US,MCI,Domingo,3,19951124.0,116.0,F,Preferencial,36.0,6000000.0,3000000.0,2,4552.41,4552.41,4552.41,4,61.7,4552.41,802.1,Quincena_1
919231654,1,864603.27,20,1.0,POS,20150529,US,MCI,Viernes,29,19911024.0,590.0,M,Personal Plus,62.0,13120000.0,5000000.0,1,0.0,0.0,0.0,1,0.0,4552.41,1.0,Quincena_2
5616651830,0,86777.43,18,1.0,POS,20150511,US,MCI,Lunes,11,19891201.0,967.0,M,Preferencial,57.0,29660000.0,1600000.0,1,0.0,0.0,0.0,1,0.0,4552.41,1.0,Quincena_1
6175094807,0,86929.06,16,123.09,POS,20150518,US,POS,Lunes,18,20120402.0,379.0,M,Personal Plus,35.0,4600000.0,400000.0,2,9104.82,4552.41,4552.41,6,11.36,4552.41,567.86,Quincena_2
843221514,0,87144.07,19,183.96,POS,20150516,US,POS,Sabado,16,20050920.0,267.0,F,Personal Plus,29.0,4130760.0,2500000.0,2,13657.23,4552.41,4552.41,4,94.25,4552.41,471.25,Quincena_2
3743071124,0,871778.07,15,1.0,POS,20150503,US,MCI,Domingo,3,19860710.0,319.0,F,Preferencial,51.0,41000000.0,20000000.0,3,21684.07,1971.28,3854.54,1,0.0,4552.41,1.0,Quincena_1
6243071124,0,871778.07,15,1.0,POS,20150503,US,MCI,Domingo,3,19860710.0,319.0,F,Preferencial,51.0,41000000.0,20000000.0,3,21684.07,1971.28,3854.54,1,0.0,4552.41,1.0,Quincena_1
7252387545,1,871829.63,21,659.13,POS,20150507,HN,MCI,Jueves,7,20060330.0,304.0,F,Personal Plus,37.0,6000000.0,6000000.0,1,0.0,0.0,0.0,3,481.71,2004.01,1926.84,Quincena_1
6741303369,0,87875.04,18,48.8,POS,20150523,US,POS,Sabado,23,19970212.0,339.0,F,PYME,74.0,27279854.0,23965447.0,1,0.0,0.0,0.0,6,33.91,4552.41,779.98,Quincena_2
7479689244,0,879439.06,13,659.13,POS,20150506,US,POS,Miercoles,6,19980211.0,54.0,M,Preferencial,39.0,10704952.0,3600000.0,2,27314.46,4552.41,4552.41,7,186.37,4552.41,2609.18,Quincena_1
4722657942,1,879569.36,19,662.36,ATM_INT,20150502,US,ATM_INT,Sabado,2,20130918.0,442.0,F,Personal Plus,33.0,1347777.0,635236.0,1,0.0,0.0,0.0,3,361.9,4552.41,1447.62,Quincena_1
7043505364,0,87998.29,16,340.09,POS,20150511,US,MCI,Lunes,11,20001025.0,850.0,F,Preferencial,49.0,17000000.0,10000000.0,1,0.0,0.0,0.0,4,68.58,4552.41,1851.59,Quincena_1
7979442041,0,881721.08,14,294.43,POS,20150516,US,POS,Sabado,16,20110623.0,31.0,M,Personal Plus,47.0,30000000.0,5000000.0,1,0.0,0.0,0.0,2,294.43,4552.41,1766.59,Quincena_2
3979693572,0,885327.29,1,48.19,POS,20150526,US,MCI,Martes,26,19970617.0,42.0,M,Personal Plus,41.0,6000000.0,4000000.0,3,10914.44,2728.61,4552.41,3,37.17,4552.41,111.52,Quincena_2
1852422873,0,88688.01,17,1.0,POS,20150513,US,POS,Miercoles,13,19970702.0,31.0,F,Personal Plus,37.0,3600000.0,1500000.0,2,27314.46,4552.41,4552.41,1,0.0,4552.41,1.0,Quincena_1
728678984,0,887749.92,15,659.13,POS,20150521,US,MCI,Jueves,21,19910330.0,961.0,M,Preferencial,57.0,44000000.0,727000.0,2,4552.41,4552.41,4552.41,3,253.16,4552.41,1518.96,Quincena_2
836302872,0,887909.94,22,234.42,POS,20150513,US,MCI,Miercoles,13,20000609.0,534.0,F,PYME,34.0,56666000.0,37600750.0,1,0.0,0.0,0.0,3,219.46,4552.41,1316.79,Quincena_1
9479454028,0,88862.07,11,31.86,POS,20150529,US,MCI,Viernes,29,20000222.0,152.0,M,Preferencial,47.0,37000000.0,18000000.0,5,54557.64,4546.47,8351.75,5,20.74,4552.41,228.1,Quincena_2
6335469594,0,88880.18,18,91.01,POS,20150501,US,MCI,Viernes,1,19990728.0,963.0,F,Preferencial,53.0,8000000.0,7000000.0,1,0.0,0.0,0.0,4,48.39,4552.41,290.35,Quincena_1
3152699502,0,88883.05,8,1.0,POS,20150504,US,POS,Lunes,4,20041229.0,172.0,F,Preferencial,34.0,8500000.0,0.0,2,27314.46,4552.41,4552.41,1,0.0,4552.41,1.0,Quincena_1
5352699502,0,88883.05,8,1.0,POS,20150504,US,POS,Lunes,4,20041229.0,172.0,F,Preferencial,34.0,8500000.0,0.0,2,27314.46,4552.41,4552.41,1,0.0,4552.41,1.0,Quincena_1
6916760607,0,890606.1,19,1.0,POS,20150506,US,MCI,Miercoles,6,19960327.0,967.0,M,Preferencial,46.0,22000000.0,2000000.0,4,15452.28,5150.76,8701.13,1,0.0,4552.41,1.0,Quincena_1
4032244179,0,89068.01,0,12.12,POS,20150529,US,MCI,Viernes,29,20020613.0,342.0,F,Personal Plus,31.0,16000000.0,800000.0,1,0.0,0.0,0.0,2,12.12,4552.41,24.25,Quincena_2
8143626404,0,89253.07,21,23.59,POS,20150514,US,POS,Jueves,14,19991118.0,342.0,F,Personal Plus,39.0,2500000.0,800000.0,2,9104.82,4552.41,4552.41,4,12.44,4552.41,348.27,Quincena_1
9670555226,0,89334.09,17,28.64,POS,20150507,US,POS,Jueves,7,19931014.0,616.0,M,Personal Plus,53.0,10100000.0,1500000.0,1,0.0,0.0,0.0,3,25.41,4552.41,152.49,Quincena_1
3837651042,0,89454.02,8,289.8,POS,20150507,PY,POS,Jueves,7,20070315.0,201.0,F,Personal Plus,37.0,5573550.0,3000000.0,1,0.0,0.0,0.0,3,276.36,3364.98,829.08,Quincena_1
8116782603,0,89483.33,21,304.29,POS,20150501,US,MCI,Viernes,1,19950804.0,737.0,M,Preferencial,45.0,7663500.0,8000000.0,2,4886.27,2443.14,2443.14,2,304.29,4552.41,608.58,Quincena_1
8316782603,0,89483.33,21,304.29,POS,20150501,US,MCI,Viernes,1,19950804.0,737.0,M,Preferencial,45.0,7663500.0,8000000.0,2,4886.27,2443.14,2443.14,2,304.29,4552.41,608.58,Quincena_1
752992631,0,901125.56,17,1.0,POS,20150520,US,MCI,Miercoles,20,20090121.0,304.0,F,Personal Plus,32.0,4765000.0,200000.0,1,0.0,0.0,0.0,1,0.0,4552.41,1.0,Quincena_2
2043221514,0,901243.09,16,183.96,POS,20150516,US,POS,Sabado,16,20050920.0,267.0,F,Personal Plus,29.0,4130760.0,2500000.0,2,13657.23,4552.41,4552.41,4,94.25,4552.41,471.25,Quincena_2
1819205018,1,901508.57,0,1.0,POS,20150518,US,MCI,Lunes,18,19911001.0,88.0,M,Personal Plus,62.0,8500000.0,3200000.0,2,9104.82,4552.41,4552.41,1,0.0,4552.41,1.0,Quincena_2
8042895572,0,90160.01,21,10.34,POS,20150523,US,POS,Sabado,23,19881214.0,551.0,F,Personal,47.0,500000.0,300000.0,2,18209.64,4552.41,4552.41,3,9.52,4552.41,104.75,Quincena_2
71382108,0,901680.5,16,61.45,POS,20150530,US,MCI,Sabado,30,20100708.0,498.0,M,Preferencial,35.0,21143357.0,10000000.0,5,49912.1,4991.21,9793.85,3,29.4,4552.41,323.39,Quincena_2
5532257399,0,901824.3,23,26.6,POS,20150528,US,MCI,Jueves,28,20030722.0,310.0,F,Emprendedor,32.0,1900000.0,800000.0,3,22900.22,3816.7,4552.41,2,26.6,4552.41,26.6,Quincena_2
3180504385,0,90252.95,23,294.43,POS,20150506,US,MCI,Miercoles,6,19960523.0,963.0,M,Preferencial,41.0,25000000.0,8000000.0,3,18816.11,2352.01,4552.41,12,69.33,4552.41,2565.32,Quincena_1
39364560,0,90386.01,10,1.0,POS,20150511,US,POS,Lunes,11,20101117.0,191.0,F,Personal Plus,33.0,1473379.0,500000.0,1,0.0,0.0,0.0,1,0.0,4552.41,1.0,Quincena_1
1010027282,0,90513.08,12,243.62,POS,20150516,US,POS,Sabado,16,19961204.0,116.0,M,Preferencial,39.0,20500000.0,5000000.0,1,0.0,0.0,0.0,5,157.33,4552.41,3461.37,Quincena_2
855544243,0,90529.5,16,7.94,POS,20150519,US,MCI,Martes,19,20090327.0,518.0,M,Preferencial,75.0,27000000.0,0.0,2,4552.41,4552.41,4552.41,2,7.94,4552.41,15.87,Quincena_2
8938433160,0,90591.15,18,1.0,POS,20150520,US,MCI,Miercoles,20,20130408.0,967.0,F,PYME,74.0,32000000.0,5000000.0,1,0.0,0.0,0.0,1,0.0,4552.41,1.0,Quincena_2
4852779428,1,9061.25,2,1.0,POS,20150529,US,MCI,Viernes,29,20050627.0,932.0,F,Personal Plus,31.0,5040000.0,200000.0,1,0.0,0.0,0.0,1,0.0,4552.41,1.0,Quincena_2
51037621507,0,90681.75,23,23.59,POS,20150503,US,MCI,Domingo,3,20000831.0,543.0,F,Personal,22.0,100000.0,0.0,2,4552.41,4552.41,4552.41,3,16.46,4552.41,65.86,Quincena_1
379598220,0,91075.65,21,131.71,POS,20150501,US,MCI,Viernes,1,19980325.0,702.0,M,Personal Plus,43.0,7100000.0,1800000.0,2,9104.82,4552.41,4552.41,3,93.43,4552.41,280.3,Quincena_1
1141673693,0,91503.93,1,659.13,POS,20150503,US,MCI,Domingo,3,19721001.0,156.0,F,Preferencial,59.0,12000000.0,8000000.0,1,0.0,0.0,0.0,3,447.19,4552.41,2683.13,Quincena_1
3641673693,0,91503.93,1,659.13,POS,20150503,US,MCI,Domingo,3,19721001.0,156.0,F,Preferencial,59.0,12000000.0,8000000.0,1,0.0,0.0,0.0,3,447.19,4552.41,2683.13,Quincena_1
1051697679,0,91963.39,22,711.63,POS,20150503,US,MCI,Domingo,3,19930615.0,661.0,F,Personal Plus,52.0,7200000.0,0.0,1,0.0,0.0,0.0,5,449.66,4552.41,3597.31,Quincena_1
6251697679,0,91963.39,22,711.63,POS,20150503,US,MCI,Domingo,3,19930615.0,661.0,F,Personal Plus,52.0,7200000.0,0.0,1,0.0,0.0,0.0,5,449.66,4552.41,3597.31,Quincena_1
143071124,0,9213.27,20,1.0,POS,20150503,US,MCI,Domingo,3,19860710.0,319.0,F,Preferencial,51.0,41000000.0,20000000.0,3,21684.07,1971.28,3854.54,1,0.0,4552.41,1.0,Quincena_1
5943071124,0,9213.27,20,1.0,POS,20150503,US,MCI,Domingo,3,19860710.0,319.0,F,Preferencial,51.0,41000000.0,20000000.0,3,21684.07,1971.28,3854.54,1,0.0,4552.41,1.0,Quincena_1
4289561,0,92155.02,19,1.0,POS,20150502,US,POS,Sabado,2,19981117.0,963.0,M,Preferencial,49.0,31724000.0,20000000.0,1,0.0,0.0,0.0,1,0.0,4552.41,1.0,Quincena_1
56289561,0,92155.02,19,1.0,POS,20150502,US,POS,Sabado,2,19981117.0,963.0,M,Preferencial,49.0,31724000.0,20000000.0,1,0.0,0.0,0.0,1,0.0,4552.41,1.0,Quincena_1
4170567110,0,92157.02,6,470.32,POS,20150524,US,POS,Domingo,24,19870109.0,245.0,M,Preferencial,48.0,16328550.0,4082137.0,3,10946.17,2736.54,3854.54,13,93.8,4552.41,3846.0,Quincena_2
4650903240,0,924646.27,15,1.0,POS,20150522,US,MCI,Viernes,22,20010213.0,91.0,F,PYME,41.0,39000000.0,35000000.0,1,0.0,0.0,0.0,1,0.0,4552.41,1.0,Quincena_2
9137724025,1,92465.25,22,235.64,ATM_INT,20150519,CR,ATM_INT,Martes,19,20050707.0,207.0,F,Personal Plus,36.0,5000000.0,4000000.0,1,0.0,0.0,0.0,2,235.64,1482.35,471.28,Quincena_2
852996726,0,92692.61,22,659.13,POS,20150521,US,MCI,Jueves,21,20051121.0,582.0,F,Emprendedor,31.0,8000000.0,4000000.0,4,35356.57,3214.23,4552.41,3,467.59,4552.41,1402.77,Quincena_2
2271746727,0,92702.21,21,243.62,POS,20150519,US,MCI,Martes,19,19950127.0,344.0,M,Preferencial,40.0,23000000.0,10000000.0,1,0.0,0.0,0.0,3,163.01,4552.41,489.03,Quincena_2
4143255725,0,93190.01,13,23.59,POS,20150517,US,POS,Domingo,17,20040116.0,542.0,F,Personal Plus,33.0,2500000.0,1000000.0,1,0.0,0.0,0.0,4,14.26,4552.41,171.07,Quincena_2
2666999422,0,93608.02,14,160.57,POS,20150527,US,POS,Miercoles,27,19970318.0,808.0,F,Personal Plus,38.0,3825000.0,0.0,2,18209.64,4552.41,4552.41,3,31.14,4552.41,965.22,Quincena_2
2916651830,0,94078.7,21,1.0,POS,20150511,US,MCI,Lunes,11,19891201.0,967.0,M,Preferencial,57.0,29660000.0,1600000.0,1,0.0,0.0,0.0,1,0.0,4552.41,1.0,Quincena_1
2514635829,0,94696.03,15,330.51,POS,20150523,PE,POS,Sabado,23,19111111.0,829.0,M,Preferencial,32.0,3708257.0,2000000.0,1,0.0,0.0,0.0,6,199.98,1618.55,4399.65,Quincena_2
9530270547,0,947159.19,21,1.0,POS,20150521,US,MCI,Jueves,21,19931101.0,70.0,F,Personal Plus,56.0,15000000.0,6000000.0,1,0.0,0.0,0.0,1,0.0,4552.41,1.0,Quincena_2
8180442360,0,9487.07,9,70.8,POS,20150515,US,POS,Viernes,15,19970218.0,624.0,M,Personal Plus,43.0,8370000.0,3500000.0,1,0.0,0.0,0.0,4,50.4,4552.41,302.39,Quincena_1
679645916,0,95047.27,19,662.53,POS,20150513,US,MCI,Miercoles,13,19950317.0,158.0,M,Preferencial,41.0,7000000.0,2500000.0,2,9104.82,4552.41,4552.41,12,209.24,4552.41,5231.01,Quincena_1
6922432473,0,950472.7,20,671.25,POS,20150513,US,MCI,Miercoles,13,19900601.0,477.0,F,Personal Plus,59.0,5000000.0,350000.0,1,0.0,0.0,0.0,4,573.88,4552.41,8034.33,Quincena_1
8332478375,1,950906.41,23,1.0,ATM_INT,20150515,CW,ATM_INT,Viernes,15,19880302.0,543.0,F,Personal Plus,64.0,2100000.0,400000.0,1,0.0,0.0,0.0,1,0.0,2443.14,1.0,Quincena_1
371739276,0,951626.38,22,470.32,POS,20150503,US,MCI,Domingo,3,19921001.0,929.0,M,Preferencial,42.0,47524333.0,10000000.0,3,12659.04,1265.9,2153.87,8,230.94,4957.05,5311.69,Quincena_1
8471739276,0,951626.38,22,470.32,POS,20150503,US,MCI,Domingo,3,19921001.0,929.0,M,Preferencial,42.0,47524333.0,10000000.0,3,12659.04,1265.9,2153.87,8,230.94,4957.05,5311.69,Quincena_1
6498658145,0,954708.5,23,472.23,POS,20150515,US,MCI,Viernes,15,19940127.0,738.0,M,Preferencial,39.0,46917082.0,10000000.0,5,20942.87,2991.84,4552.41,11,117.99,4552.41,8612.93,Quincena_1
108313511,0,95522.04,17,23.59,POS,20150503,US,POS,Domingo,3,20110208.0,21.0,M,Personal Plus,64.0,6500000.0,0.0,2,9104.82,4552.41,4552.41,2,23.59,4552.41,47.17,Quincena_1
288313511,0,95522.04,17,23.59,POS,20150503,US,POS,Domingo,3,20110208.0,21.0,M,Personal Plus,64.0,6500000.0,0.0,2,9104.82,4552.41,4552.41,2,23.59,4552.41,47.17,Quincena_1
49300508864,0,95552.05,15,1.0,POS,20150530,US,POS,Sabado,30,20140923.0,377.0,M,Personal Plus,30.0,3804060.0,2950000.0,2,4308.01,4308.01,4308.01,1,0.0,4552.41,1.0,Quincena_2
3671741590,0,95568.05,11,312.55,POS,20150520,PA,POS,Miercoles,20,19960401.0,432.0,M,Preferencial,41.0,11200000.0,3000000.0,1,0.0,0.0,0.0,9,60.53,1043.91,2300.05,Quincena_2
5452862913,0,9574.03,15,451.34,POS,20150505,US,POS,Martes,5,20050913.0,245.0,F,Preferencial,33.0,8881000.0,2000000.0,2,4175.65,1043.91,1043.91,7,165.09,4552.41,2806.45,Quincena_1
10080017021,1,958583.85,16,61.45,ATM_INT,20150526,CR,ATM_INT,Martes,26,20050831.0,237.0,M,Personal Plus,37.0,10000000.0,7000000.0,2,9104.82,4552.41,4552.41,2,61.45,1482.35,122.9,Quincena_2
6432734782,0,959165.34,23,662.36,POS,20150524,US,MCI,Domingo,24,19950716.0,477.0,F,PYME,44.0,7000000.0,5000000.0,3,50214.68,4184.56,4552.41,3,644.59,4690.58,2578.35,Quincena_2
2770829256,0,96197.09,20,671.25,POS,20150505,US,POS,Martes,5,20130705.0,486.0,M,Preferencial,38.0,57800000.0,10500000.0,2,27314.46,4552.41,4552.41,4,355.93,4552.41,2135.59,Quincena_1
149765300,0,96359.85,3,532.78,POS,20150521,US,MCI,Jueves,21,19971009.0,524.0,F,PYME,44.0,190148500.0,209727500.0,2,9104.82,4552.41,4552.41,2,532.78,4552.41,532.78,Quincena_2
9315434280,0,963613.02,8,340.79,POS,20150511,US,POS,Lunes,11,20030306.0,540.0,M,Preferencial,44.0,12819167.0,9862667.0,2,9104.82,4552.41,4552.41,7,64.49,4552.41,2192.53,Quincena_1
6932906462,1,96391.82,13,472.64,ATM_INT,20150501,US,ATM_INT,Viernes,1,20021216.0,85.0,F,Personal Plus,31.0,1600000.0,600000.0,1,0.0,0.0,0.0,2,472.64,4552.41,945.28,Quincena_1
732906462,1,96391.82,13,472.64,ATM_INT,20150501,US,ATM_INT,Viernes,1,20021216.0,85.0,F,Personal Plus,31.0,1600000.0,600000.0,1,0.0,0.0,0.0,2,472.64,4552.41,945.28,Quincena_1
8632906462,1,96391.82,13,472.64,ATM_INT,20150501,US,ATM_INT,Viernes,1,20021216.0,85.0,F,Personal Plus,31.0,1600000.0,600000.0,1,0.0,0.0,0.0,2,472.64,4552.41,945.28,Quincena_1
478033649,1,964615.92,18,243.62,ATM_INT,20150525,US,ATM_INT,Lunes,25,20040830.0,375.0,M,Personal Plus,29.0,3000000.0,400000.0,2,9104.82,4552.41,4552.41,5,65.7,4552.41,722.74,Quincena_2
1779598220,0,96716.04,14,131.71,POS,20150501,US,POS,Viernes,1,19980325.0,702.0,M,Personal Plus,43.0,7100000.0,1800000.0,2,9104.82,4552.41,4552.41,3,93.43,4552.41,280.3,Quincena_1
3579598220,0,96716.04,14,131.71,POS,20150501,US,POS,Viernes,1,19980325.0,702.0,M,Personal Plus,43.0,7100000.0,1800000.0,2,9104.82,4552.41,4552.41,3,93.43,4552.41,280.3,Quincena_1
2020282303,1,967495.9,20,7.57,ATM_INT,20150513,US,ATM_INT,Miercoles,13,19960821.0,180.0,F,Personal,74.0,600000.0,450000.0,2,4552.41,4552.41,4552.41,2,7.57,4552.41,15.13,Quincena_1
5234534698,0,967936.2,23,1.0,ATM_INT,20150506,US,ATM_INT,Miercoles,6,20141024.0,514.0,F,Emprendedor,55.0,800000.0,0.0,2,4552.41,4552.41,4552.41,1,0.0,4552.41,1.0,Quincena_1
7898668320,0,968710.33,15,337.29,ATM_INT,20150515,US,ATM_INT,Viernes,15,19991210.0,600.0,M,Preferencial,36.0,47736000.0,3000000.0,2,1809.62,904.81,904.81,9,113.45,4552.41,5218.81,Quincena_1
6171788614,0,969939.69,18,659.13,ATM_INT,20150503,US,ATM_INT,Domingo,3,20100430.0,180.0,M,Personal Plus,37.0,6500000.0,6000000.0,5,115833.16,5036.22,8351.75,2,659.13,4552.41,1318.26,Quincena_1
5780199139,0,972323.76,22,1.0,ATM_INT,20150515,CW,ATM_INT,Viernes,15,20060509.0,178.0,M,Personal Plus,31.0,2500000.0,1000000.0,3,13412.83,4470.94,4552.41,1,0.0,0.0,1.0,Quincena_1
9071366206,0,9749.01,15,461.26,POS,20150517,US,POS,Domingo,17,20000824.0,7.0,M,Personal Plus,31.0,12700000.0,600000.0,3,13280.47,2213.41,4552.41,4,157.07,4552.41,1256.57,Quincena_2
6522431501,0,975961.18,17,1.0,ATM_INT,20150504,US,ATM_INT,Lunes,4,20141219.0,777.0,F,Personal Plus,59.0,6400000.0,0.0,1,0.0,0.0,0.0,1,0.0,4552.41,1.0,Quincena_1
328635859,1,975961.18,18,38.87,ATM_INT,20150502,US,ATM_INT,Sabado,2,19970922.0,477.0,M,Personal Plus,49.0,3000000.0,300000.0,1,0.0,0.0,0.0,2,38.87,4552.41,233.22,Quincena_1
9670101168,0,97650.2,23,286.84,POS,20150515,US,MCI,Viernes,15,19920403.0,272.0,M,Emprendedor,59.0,8000000.0,8000000.0,3,36239.1,5177.01,8924.64,5,33.45,16916.24,1070.52,Quincena_1
7520408973,1,976812.96,3,1.0,ATM_INT,20150505,US,ATM_INT,Martes,5,19940407.0,634.0,F,Personal Plus,57.0,6000000.0,3000000.0,1,0.0,0.0,0.0,1,0.0,4552.41,1.0,Quincena_1
4118616986,0,97722.28,0,289.8,POS,20150515,US,MCI,Viernes,15,20050421.0,634.0,M,Preferencial,34.0,5000000.0,3800000.0,1,0.0,0.0,0.0,11,77.38,4552.41,3327.16,Quincena_1
670089504,0,977827.05,8,330.51,POS,20150521,US,POS,Jueves,21,19951222.0,967.0,M,Preferencial,57.0,20000000.0,12000000.0,1,0.0,0.0,0.0,6,136.61,4552.41,2595.55,Quincena_2
352867467,1,978020.96,14,1.0,ATM_INT,20150505,US,ATM_INT,Martes,5,20101122.0,304.0,F,Personal Plus,33.0,4000000.0,1150000.0,1,0.0,0.0,0.0,1,0.0,4552.41,1.0,Quincena_1
6822529101,1,981984.08,19,180.65,POS,20150519,US,POS,Martes,19,19740401.0,442.0,F,Preferencial,48.0,103918285.0,95475378.0,4,8944.83,2236.21,3646.67,4,96.86,4552.41,484.3,Quincena_2
7541673693,0,982361.44,22,659.13,POS,20150503,US,MCI,Domingo,3,19721001.0,156.0,F,Preferencial,59.0,12000000.0,8000000.0,1,0.0,0.0,0.0,3,447.19,4552.41,2683.13,Quincena_1
1298669307,1,986216.3,17,340.09,POS,20150519,US,MCI,Martes,19,20020604.0,436.0,M,Preferencial,36.0,4847473.0,1000000.0,1,0.0,0.0,0.0,7,26.57,4552.41,1673.68,Quincena_2
622529101,1,993430.04,19,180.65,POS,20150519,US,POS,Martes,19,19740401.0,442.0,F,Preferencial,48.0,103918285.0,95475378.0,4,8944.83,2236.21,3646.67,4,96.86,4552.41,484.3,Quincena_2
2043206272,0,9957.05,10,318.5,POS,20150524,US,POS,Domingo,24,19970616.0,611.0,F,Preferencial,35.0,23625000.0,5000000.0,3,27648.32,3949.76,4552.41,11,82.67,4552.41,2810.75,Quincena_2
2943206272,0,9957.05,10,318.5,POS,20150524,US,POS,Domingo,24,19970616.0,611.0,F,Preferencial,35.0,23625000.0,5000000.0,3,27648.32,3949.76,4552.41,11,82.67,4552.41,2810.75,Quincena_2
3136302872,0,996191.64,15,234.42,POS,20150513,US,MCI,Miercoles,13,20000609.0,534.0,F,PYME,34.0,56666000.0,37600750.0,1,0.0,0.0,0.0,3,219.46,4552.41,1316.79,Quincena_1
1953178702,1,999276.6,16,1.0,ATM_INT,20150520,CR,ATM_INT,Miercoles,20,20050630.0,661.0,F,Personal Plus,29.0,12853000.0,6156000.0,1,0.0,0.0,0.0,1,0.0,1482.35,1.0,Quincena_2
